Month,SKU (as sold),SKU Type,Quantity Sold,Sales Amount (GBP),Avg Price,Qty MoM %,Sales MoM %
2026-06,RWT680YE,Single,3,32.67,10.89,,
2026-06,12UK3P10A,Single,6,102.9,17.15,50.0,50.0
2026-06,LDMG95B2246PK,Pack,1,13.51,13.51,-66.7,-66.7
2026-06,LDMA60B224CW,Single,1,9.0,9.0,,
2026-06,WCDTWH+RPR44WH,Combo,1,12.86,12.86,,
2026-06,CSBEB1BM2PK,Pack,5,50.0,10.0,66.7,66.7
2026-06,CRFF108BY+LHNSE27BY+LSDO300WH,Combo,1,21.05,21.05,-50.0,-50.0
2026-06,WCCYROCH2PK+LDMA60E278WW2PK,Combo,2,107.56,53.78,100.0,100.0
2026-06,SCRN70SN5PK,Pack,1,12.89,12.89,,
2026-06,TPOS1PRBOT+LDSG95DIE274,Combo,1,22.89,22.89,,
2026-06,RWWPSY0840YE2PK,Pack,4,36.0,9.0,,
2026-06,CRFF500BM+PHRI1PBRYB3PK+LSFT220BM3PK+ICST64E273PK,Combo,4,107.96,26.99,,
2026-06,CRSF100WH2PK+PHTT1PWRWH2PK,Combo,1,26.17,26.17,,
2026-06,RWT590YE,Single,2,18.0,9.0,100.0,100.0
2026-06,CRFF140BM+PHHC1BMRYB+LSTF40BM+LDMG80E274,Combo,5,104.95,20.99,,
2026-06,12IP6730,Single,2,19.22,9.61,100.0,100.0
2026-06,FCBSBA5BLAPK,Pack,2,21.78,10.89,,
2026-06,CRSF100BM2PK+PHRNWP2RBM2PK,Combo,1,23.89,23.89,0.0,0.0
2026-06,RWWPSY1050YE,Single,12,108.0,9.0,33.3,33.3
2026-06,WCWODSBM2PK+RPR44WH2PK,Combo,1,20.89,20.89,,
2026-06,CL3THEAPK,Single,1,19.75,19.75,,
2026-06,CL3THE5PK,Single,1,12.47,12.47,-66.7,-66.7
2026-06,STMT4845WH2PK,Pack,2,20.3,10.15,,
2026-06,LDMG95E2782PK,Pack,2,20.7,10.35,-33.3,-33.3
2026-06,CRSF100BM+LHNSE27YB+SCRN70BS+LSWD360BS+ICST64E27,Combo,2,38.72,19.36,-60.0,-60.0
2026-06,LHCCE27WH,Single,1,9.0,9.0,,
2026-06,TSTLRUSRB,Single,4,41.4,10.35,100.0,100.0
2026-06,WCDTWH2PK+RPR44WH2PK,Combo,1,19.79,19.79,,
2026-06,RWWPSY1080YE2PK,Pack,5,84.45,16.89,25.0,25.0
2026-06,LDMG95E2743PK,Pack,59,531.0,9.0,9.3,9.3
2026-06,LDMG125E2783PK,Pack,1,19.44,19.44,-50.0,-50.0
2026-06,LDCWA55B2256PK,Pack,1,16.5,16.5,,
2026-06,CL3RBK5PK,Single,1,12.21,12.21,,
2026-06,RWWPSY1060YE2PK,Pack,2,32.58,16.29,,
2026-06,WCFSDCBM,Single,1,47.92,47.92,,
2026-06,RPM40WHAPK,Pack,1,14.19,14.19,0.0,0.0
2026-06,LHTOE27YB,Single,2,20.38,10.19,,
2026-06,CRSF100BM+LHNSE27YB+SCRN70BM+LSWD360BM,Combo,2,58.84,29.42,,
2026-06,LSCY290WH+RPR44WH,Combo,2,25.98,12.99,,
2026-06,CRSF1203BM+PHFMTT15BRBM3PK,Combo,1,27.16,27.16,,
2026-06,LSSS300CO+RPR44WH,Combo,1,16.89,16.89,,
2026-06,PHSF2BRTCO+ICST64E27,Combo,2,35.08,17.54,,
2026-06,STIX245GR2PK,Pack,2,19.5,9.75,100.0,100.0
2026-06,RWWPSY10120YE,Single,2,20.7,10.35,100.0,100.0
2026-06,LDCWGU1036PK,Pack,3,36.87,12.29,0.0,0.0
2026-06,WLWOFTBM,Single,10,90.0,9.0,11.1,11.1
2026-06,CERU72350YE,Single,1,9.0,9.0,,
2026-06,CERU36200BL,Single,1,9.0,9.0,,
2026-06,LSFT220FG2PK+RPR44WH2PK,Combo,1,20.89,20.89,0.0,0.0
2026-06,TSLCQB10WH,Single,1,9.0,9.0,0.0,0.0
2026-06,CRFF105GB,Single,2,18.0,9.0,0.0,0.0
2026-06,PHSF2AGRGB,Single,1,11.99,11.99,-66.7,-66.7
2026-06,PHSF1GDRFG,Single,3,37.8,12.6,,
2026-06,CERU72450GR,Single,2,20.99,10.5,,
2026-06,PHSF2GYRCH,Single,1,12.47,12.47,,
2026-06,LSGLBH300WS+RPM40WH,Combo,1,15.89,15.89,-66.7,-66.7
2026-06,CSBEB9AG+CSBEB9BM,Combo,2,21.78,10.89,100.0,100.0
2026-06,LP3DRC182PK,Pack,1,29.69,29.69,,
2026-06,CRFF140GL+WSWH135BM+LSDO210GY+ICST64E27+CBFF140BM,Combo,3,65.61,21.87,,
2026-06,RWWPSYAE25WH,Single,2,18.0,9.0,,
2026-06,CL3RBW5PK,Single,2,25.72,12.86,,
2026-06,WLWOFTBM2PK,Pack,8,114.8,14.35,100.0,100.0
2026-06,LHXCCE27BM3PK,Pack,2,20.58,10.29,,
2026-06,LHXCCE27BM5PK,Pack,1,14.89,14.89,,
2026-06,LPWZCW5W3PK,Pack,1,14.89,14.89,,
2026-06,CRSF100BM+PHTT1PBR1BM,Combo,7,80.92,11.56,16.7,16.7
2026-06,LDCWGU1056PK,Pack,4,53.96,13.49,-71.4,-71.4
2026-06,STKP48EBR3PK,Pack,1,10.21,10.21,,
2026-06,PSOS4BMTHE+ICST64E27,Combo,6,95.34,15.89,-14.3,-14.3
2026-06,STFG4845WH,Single,18,162.0,9.0,-21.7,-21.7
2026-06,PHSF1AGTGB3PK,Pack,4,100.72,25.18,100.0,100.0
2026-06,CRSF100BM2PK+LHNSE27YB2PK+SCRN70BM2PK+LSTF40BG2PK+ICST64E272PK,Combo,1,31.78,31.78,-50.0,-50.0
2026-06,CRSF100YB2PK+LHNSE27YB2PK+LSRP260YB2PK,Combo,1,53.78,53.78,,
2026-06,LDCWGU1076PK,Pack,11,157.19,14.29,-47.6,-47.6
2026-06,CRFF100SN+LHNSE27SN+ICST64E27,Combo,1,18.69,18.69,,
2026-06,CRFF75YB,Single,3,27.0,9.0,200.0,200.0
2026-06,CRSF100BC+PHHT1PBRBC+ICST64E27,Combo,1,16.01,16.01,,
2026-06,LDWWE27152PK,Pack,5,68.7,13.74,66.7,66.7
2026-06,RWWPSYBF25GY,Single,4,36.0,9.0,33.3,33.3
2026-06,PHSF1AGRGB,Single,16,199.84,12.49,433.3,433.3
2026-06,LHXCCE27WH5PK,Pack,2,29.78,14.89,,
2026-06,CL2RIV,Single,2,18.0,9.0,,
2026-06,RWWPSYAE50WH,Single,4,36.0,9.0,,
2026-06,RWWPSY0840YE,Single,2,18.0,9.0,100.0,100.0
2026-06,WLFS220BM,Single,4,74.84,18.71,,
2026-06,PLADBM+ICST64E273PK,Combo,1,53.16,53.16,,
2026-06,TSLCQA20WH3PK+TSWGQBRE2PK,Combo,4,79.96,19.99,300.0,300.0
2026-06,TPFC280BT+RPR44WH+LDCWB2212,Combo,1,16.89,16.89,0.0,0.0
2026-06,PHHT1FBRBM,Single,11,148.25,13.48,37.5,34.6
2026-06,LSHQ150OR+RPR44WH,Combo,2,23.14,11.57,,
2026-06,CRSF100SN+PHBK1PCRSN,Combo,1,11.49,11.49,,
2026-06,CRSF100BM+PHRYWP1RBM,Combo,3,36.27,12.09,,
2026-06,STPVC17AWH,Single,1,9.0,9.0,,
2026-06,STRF50IRE,Single,1,14.61,14.61,0.0,0.0
2026-06,TSTS40WH,Single,1,9.0,9.0,0.0,0.0
2026-06,LSCY290GR+RPR44WH,Combo,1,14.81,14.81,,
2026-06,LSTF400WH+RPR44WH,Combo,1,16.49,16.49,,
2026-06,CERU36150YE,Single,1,9.0,9.0,,
2026-06,CERU36300YE,Single,2,9.5,4.75,,
2026-06,CRSF100CO+PHBH1BRTCO,Combo,5,65.4,13.08,,
2026-06,PLHSBC,Single,1,16.99,16.99,,
2026-06,TSLCQB25WH,Single,3,27.0,9.0,0.0,0.0
2026-06,CL2TGL5PK,Single,1,10.49,10.49,,
2026-06,CRSF2003WH+PHUM1PCRCH3PK+WCRWGR3PK+CO123PCL+CGMLWH3PK,Combo,1,38.89,38.89,,
2026-06,LSFT220BG2PK+RPR44WH2PK,Combo,4,67.56,16.89,,
2026-06,TPFC300BG2PK+RPR44WH2PK+LDCWB22122PK,Combo,1,33.89,33.89,,
2026-06,TSTLRUMRB,Single,5,45.0,9.0,,
2026-06,TSTLRULRB2PK,Pack,1,17.49,17.49,0.0,0.0
2026-06,CL3RBM5PK,Single,1,12.86,12.86,,
2026-06,TPOSBDBM,Single,2,50.2,25.1,,
2026-06,RWWPSY0660YE,Single,6,54.0,9.0,,
2026-06,PHSF2GDTFG,Single,7,97.23,13.89,250.0,250.0
2026-06,LSFT220BC+RPR44WH,Combo,6,69.36,11.56,-14.3,-14.3
2026-06,RWT3550YE,Single,5,45.0,9.0,150.0,150.0
2026-06,CRFF140GL+LHNSE27YB+SCRN70BM+LSDO210BC+ICST64E27+CBFF140BM,Combo,1,24.09,24.09,,
2026-06,CRSF100BM+PHMU1PBRGS+LSDO210BG,Combo,2,41.68,20.84,,
2026-06,LSMS320BT+RPR44WH,Combo,3,38.97,12.99,-57.1,-57.1
2026-06,CRSF100BM+LHLF270E27BM,Combo,1,10.52,10.52,,
2026-06,LDMT185E2746PK,Pack,2,31.78,15.89,-33.3,-33.3
2026-06,LDMST64E2783PK,Pack,5,62.35,12.47,66.7,66.7
2026-06,CRSF100BM2PK+LHNSE27YB2PK+SCRN70BM2PK+LSOL180BM2PK,Combo,4,119.56,29.89,,
2026-06,LDMST64E278,Single,8,72.0,9.0,166.7,166.7
2026-06,LSCY290SN+RPR44WH,Combo,1,13.25,13.25,,
2026-06,PHSF2ROTRO,Single,1,15.07,15.07,0.0,0.0
2026-06,CRFF140BM+LHNSE27YB+SCRN70BM+LSTF40SN+ICST64E27,Combo,2,47.98,23.99,,
2026-06,HRE2738BMCPK,Pack,2,20.58,10.29,100.0,100.0
2026-06,CRSF100BM+LHNSE27YB+SCRN70BM+LSFT220RR+ICST64E27,Combo,1,18.14,18.14,,
2026-06,CRSF100YB2PK+LHNSE27YB2PK+SCRN70YB2PK+LSTF40YB2PK+ICST64E272PK,Combo,1,30.19,30.19,,
2026-06,CRFF140WH+WSFSWH+ICST64E27+CBFF140WH,Combo,4,46.24,11.56,300.0,300.0
2026-06,PHSF1BRRCO,Single,1,12.86,12.86,,
2026-06,PLHNBM+ICST64E27,Combo,8,78.88,9.86,,
2026-06,LSFT220GB+RPR44WH,Combo,2,20.52,10.26,100.0,100.0
2026-06,CRSF120BM+LHNSE27BM+SCRN70BM+LSTF40CO,Combo,1,18.69,18.69,,
2026-06,RPR44WHAPK,Pack,1,14.19,14.19,-50.0,-50.0
2026-06,CRSF100BM+LHNSE27BM+LSTF400OR,Combo,1,18.69,18.69,,
2026-06,CENU46450BM,Single,3,23.07,7.69,,
2026-06,RWWPSN60YE,Single,1,9.0,9.0,,
2026-06,CRSF2003BM+LHLAE2715BBM+LHLAE2710BBM+LHLAE275BBM+LDMA60E2743PK,Combo,2,60.58,30.29,0.0,0.0
2026-06,12UK3P1A,Single,3,27.0,9.0,0.0,0.0
2026-06,LSMS320WH2PK+RPR44WH2PK,Combo,1,23.39,23.39,,
2026-06,LSMS320WH+RPR44WH,Combo,1,14.29,14.29,,
2026-06,LSMS320YE+RPR44WH,Combo,1,14.29,14.29,,
2026-06,PHSH1HETYB+LSCY290GR,Combo,1,26.89,26.89,,
2026-06,LSMS320GR+RPR44WH,Combo,1,14.29,14.29,-50.0,-50.0
2026-06,SPSDP2YB,Single,4,36.0,9.0,100.0,100.0
2026-06,STMT4845WH5PK,Pack,4,50.24,12.56,0.0,0.0
2026-06,12IP67153PK,Pack,2,37.38,18.69,100.0,100.0
2026-06,SPSDP3WH2PK,Pack,2,18.0,9.0,,
2026-06,CRFF500BM+PHHT1PBRBM3PK+LSCYRO120BM3PK+ICST64E273PK,Combo,1,44.09,44.09,,
2026-06,LDMG95E2745PK,Pack,13,245.96,18.92,-7.1,-7.1
2026-06,CL2TIV5PK,Single,1,11.43,11.43,,
2026-06,LDMST64B228,Single,2,18.0,9.0,-60.0,-60.0
2026-06,CRSF100BM2PK+PHTT1PBR1BM2PK,Combo,2,43.54,21.77,,
2026-06,BLOB1GU400+LDGU10CD5,Combo,1,32.63,32.63,,
2026-06,CRSF100WH+PHCH1PWRSWH+LSCP150WH,Combo,3,58.08,19.36,,
2026-06,LSCY290BC2PK+RPR44WH2PK,Combo,1,29.89,29.89,,
2026-06,PHSF1BMTYB,Single,1,10.27,10.27,-87.5,-87.5
2026-06,CRSF2003BM+LHLAE2710BBM+LHLAE2715BBM+LHLAE275BBM,Combo,1,19.7,19.7,-75.0,-75.0
2026-06,PSHYOS4BRBM+CBMP140BM,Combo,2,34.58,17.29,100.0,97.7
2026-06,12IP20300,Single,1,25.99,25.99,0.0,0.0
2026-06,12IP2024,Single,1,9.0,9.0,,
2026-06,CRSF100BM+LHNSE27YB+SCRN70BM+LSUL220BB,Combo,2,37.18,18.59,,
2026-06,LDMG95B2282PK,Pack,3,52.11,17.37,,
2026-06,STMT4845WHAPK,Pack,6,90.66,15.11,200.0,200.0
2026-06,CRSF100GB+WSLS155GB+SCRN70GB+LSFT220GB+ICST64E27,Combo,9,146.88,16.32,,
2026-06,TSLCQB20WH,Single,2,18.0,9.0,100.0,100.0
2026-06,LSGLULAR+RPM40WH,Combo,3,41.67,13.89,50.0,50.0
2026-06,LSHQ150YE+RPR44WH,Combo,1,11.57,11.57,,
2026-06,LDMG95E2785PK,Pack,5,180.65,36.13,,
2026-06,LHSHE27WH2PK,Pack,4,47.48,11.87,300.0,300.0
2026-06,CSBEB1BR2PK,Pack,1,10.0,10.0,,
2026-06,CRSF2003BM+LHLAE2710BBM+LHLAE2715BBM+LHLAE275BBM+LDST45E2743PK,Combo,1,27.26,27.26,,
2026-06,CRSF2003BM+LHLAE2710BBM+LHLAE2715BBM+LHLAE275BBM+LDMA60E274WW3PK,Combo,1,27.26,27.26,-50.0,-50.0
2026-06,CRSF1202BM+PHHR2HETHE2PK+SPHEBM2PK,Combo,1,24.89,24.89,,
2026-06,CRFF2005BM+PHHR2HETHE5PK+SPHEBM5PK+ICST64E275PK+CBFF200BM+CBFA200BM5PK,Combo,1,55.89,55.89,0.0,0.0
2026-06,LSGL9015CL5PK+RPM40WH5PK,Combo,2,85.78,42.89,100.0,100.0
2026-06,LSGL9015CL2PK+RPM40WH2PK,Combo,1,13.89,13.89,-50.0,-50.0
2026-06,LSDM220GB2PK+RPR44WH2PK,Combo,1,20.89,20.89,,
2026-06,LSCY210BS+RPR44WH,Combo,4,46.76,11.69,,
2026-06,CRSF100BM+PHNW1RBM,Combo,1,26.49,26.49,,
2026-06,LSMCSPFLMC+RPR44WH,Combo,1,31.58,31.58,,
2026-06,CRFF100BM+LHLFE275BM+WCDCBM+ICST64E27,Combo,1,19.89,19.89,0.0,0.0
2026-06,12MIP2060,Single,2,18.0,9.0,100.0,100.0
2026-06,LDMST64B2243PK,Pack,5,69.5,13.9,,
2026-06,CENU50300WH,Single,1,7.29,7.29,,
2026-06,CRSF100BM+PHSH1PBRYB+SCRN70BM+LSDO210BG+ICST64E27,Combo,1,20.4,20.4,,
2026-06,LSMS320RE+RPR44WH,Combo,3,42.87,14.29,,
2026-06,TSLCQA25WH3PK+TSWGQBRE2PK,Combo,2,39.98,19.99,,
2026-06,CRSF100BM2PK+LHNSE27BM2PK+LSTF400BM2PK,Combo,1,27.29,27.29,0.0,0.0
2026-06,LSTF400BM2PK+RPR44WH2PK,Combo,1,31.71,31.71,,
2026-06,LSMCP1CYMC,Single,4,168.88,42.22,,
2026-06,CRFF100GB+LHNSE27GB,Combo,2,27.52,13.76,-33.3,-33.3
2026-06,WCCYSQCH,Single,5,99.25,19.85,400.0,400.0
2026-06,CRFF108BM+PHRI1PBRBA+LSCY290BG,Combo,2,54.58,27.29,,
2026-06,LHXCCE27WH3PK,Pack,3,30.87,10.29,-25.0,-25.0
2026-06,STFG4845WH2PK,Pack,2,22.98,11.49,,
2026-06,CRFF140GL+WSWH135BM+LSDO210OR+ICST64E27,Combo,3,65.61,21.87,,
2026-06,LHSHE27SN2PK,Pack,1,11.97,11.97,,
2026-06,CL2TIV,Single,1,9.0,9.0,,
2026-06,STBFT50M48EWH3PK,Pack,1,9.0,9.0,,
2026-06,LDMG95E2742PK,Pack,7,72.45,10.35,75.0,75.0
2026-06,CRSF100CO+PHMU1PBRCO+LSDO210BC,Combo,2,39.74,19.87,0.0,0.0
2026-06,PHSF1BMTBM,Single,3,29.79,9.93,0.0,0.0
2026-06,LPWZCW5W5PK,Pack,1,23.59,23.59,,
2026-06,PHSF1GDTFG,Single,6,63.78,10.63,,
2026-06,CRSF120WH,Single,6,54.0,9.0,200.0,200.0
2026-06,CL2TGD5PK,Single,1,11.95,11.95,0.0,0.0
2026-06,LDCWA60HB2272PK,Pack,1,11.84,11.84,0.0,0.0
2026-06,RWT6150YE,Single,2,31.78,15.89,-66.7,-66.7
2026-06,TSTS50WH,Single,7,63.0,9.0,40.0,40.0
2026-06,LHSWPBB22CH,Single,1,9.18,9.18,,
2026-06,PHSF2GYTCH+ICST64E27,Combo,1,18.84,18.84,,
2026-06,RWT480YE,Single,2,18.0,9.0,0.0,0.0
2026-06,CRFF140WH+CBFF140WH,Combo,5,45.0,9.0,150.0,150.0
2026-06,LDMG95E2746PK,Pack,6,133.8,22.3,,
2026-06,STMT4845WH3PK,Pack,1,10.59,10.59,,
2026-06,RWT560YE,Single,2,18.0,9.0,0.0,0.0
2026-06,CRFF75WH,Single,2,18.0,9.0,100.0,100.0
2026-06,CRFF75CH,Single,1,10.35,10.35,0.0,0.0
2026-06,LSTM320BW+RPR44WH,Combo,1,16.29,16.29,0.0,0.0
2026-06,CRSF100BM5PK+LHNSE27YB5PK+SCRN70BM5PK+LSOL180BM5PK,Combo,1,50.29,50.29,,
2026-06,CRSF100GS+WSWH135BM+LSHQ150WH+CBSF95,Combo,1,21.44,21.44,,
2026-06,AFWHPBWHPI2PK,Pack,1,18.69,18.69,,
2026-06,LDMG95E2786PK,Pack,1,42.5,42.5,,
2026-06,CRFF100CO+LHNSE27CO,Combo,1,13.76,13.76,-83.3,-83.3
2026-06,CERU48250BM2PK,Pack,1,9.89,9.89,,
2026-06,RWT5100YE,Single,4,39.4,9.85,100.0,100.0
2026-06,CRFF108BM+PHRI1PBRBA+LSCY290BI,Combo,1,24.29,24.29,,
2026-06,LSFT220BM+RPR44WH,Combo,1,11.3,11.3,,
2026-06,CL3RWH5PK,Single,2,25.72,12.86,,
2026-06,RWWPSYBF50GY,Single,4,36.0,9.0,300.0,300.0
2026-06,PHSF2BMTBM,Single,2,22.78,11.39,-33.3,-33.3
2026-06,CENU36300WH,Single,1,7.49,7.49,,
2026-06,CRSF100RO+LHNSE27RO+SCRN70RO+LSFT220RO,Combo,1,18.58,18.58,,
2026-06,CSBEB9NB+CSBEB9BM,Combo,2,21.78,10.89,0.0,0.0
2026-06,LSSC315RE+SPCC320BM,Combo,7,181.23,25.89,,
2026-06,CRSF120OSBM+WSLS155YB+LSGLCY120CO,Combo,1,16.12,16.12,,
2026-06,LSEL400OR+RPR44WH,Combo,18,268.92,14.94,,
2026-06,CCBKNWE72PK,Pack,1,9.99,9.99,-66.7,-66.7
2026-06,ICST64E272PK+PHHT1FBRBM2PK,Combo,1,34.42,34.42,0.0,0.0
2026-06,WCVCBC+RPR44WH,Combo,2,18.0,9.0,0.0,0.0
2026-06,CRSF100BM+LHNSE27YB+SCRN70BM+LSFT220BG,Combo,2,36.9,18.45,100.0,100.0
2026-06,PHSF1PBR40WH2PK+LSBS160BM2PK,Combo,1,31.67,31.67,,
2026-06,24IP6750,Single,1,11.69,11.69,,
2026-06,WSHFBC+LSTF40BC,Combo,1,25.86,25.86,,
2026-06,CL2TGLAPK,Single,2,38.04,19.02,,
2026-06,CRFF140SN+WSNW170SN+LSMS320BI+CBFF140BM,Combo,2,37.42,18.71,,
2026-06,CRSF100BM+WSSS70BM+LSCY290BM+ICST64E27,Combo,3,78.84,26.28,,
2026-06,LLROCW122PK,Pack,2,31.98,15.99,,
2026-06,TSSTYF8022BK,Single,1,38.89,38.89,,
2026-06,LHPVE27BM5PK,Pack,1,9.0,9.0,0.0,0.0
2026-06,CRFF105YB,Single,3,27.0,9.0,0.0,0.0
2026-06,LDMG95E278,Single,4,36.0,9.0,,
2026-06,PHSF1GDRYB,Single,3,30.84,10.28,-80.0,-80.0
2026-06,WCCYSQGD,Single,1,19.19,19.19,0.0,0.0
2026-06,LSGLBC160AR2PK+RPM40WH2PK,Combo,2,53.78,26.89,0.0,0.0
2026-06,RWT6100YE,Single,6,75.54,12.59,100.0,100.0
2026-06,CRSF1203BM+PHNW2RBM3PK+SPUPBM3PK+ICST64E273PK,Combo,1,33.64,33.64,,
2026-06,WSOSBDBM2PK,Pack,2,80.88,40.44,,
2026-06,PSDS4BMRGD,Single,2,26.14,13.07,-33.3,-33.3
2026-06,CRSF100BM+LHNSE27YB+SCRN70BM+LSFT220YE+ICST64E27,Combo,1,18.58,18.58,0.0,0.0
2026-06,WCCYROGD2PK,Pack,4,162.46,40.62,-55.6,-50.2
2026-06,LDWWE2718,Single,1,9.74,9.74,,
2026-06,WCVCBM+RPR44WH,Combo,1,9.0,9.0,0.0,0.0
2026-06,LSCYRO120GD+RPR44WH,Combo,3,41.7,13.9,,
2026-06,WLRPECROWH,Single,3,77.13,25.71,,
2026-06,STBFT50M48EWH6PK,Pack,1,9.0,9.0,0.0,0.0
2026-06,CSBEB4BR,Single,1,9.0,9.0,,
2026-06,CRFF100FG,Single,1,9.0,9.0,-50.0,-50.0
2026-06,PHSF2GDTFG2PK+ICST64E272PK,Combo,1,31.79,31.79,,
2026-06,LDMG125E278,Single,3,32.64,10.88,,
2026-06,PHWPPBRBL,Single,1,63.89,63.89,,
2026-06,PHSHF1PBRCO2PK+ICST64E272PK,Combo,1,23.97,23.97,,
2026-06,CENU50300WH2PK,Pack,1,9.09,9.09,,
2026-06,LPSQ5W6PK,Pack,1,22.69,22.69,,
2026-06,RWWPSY0660YE2PK,Pack,4,36.0,9.0,,
2026-06,WJB22PK,Pack,1,18.89,18.89,,
2026-06,LSCY290RO+RPR44WH,Combo,1,16.24,16.24,-50.0,-50.0
2026-06,12IP20120,Single,1,14.55,14.55,,
2026-06,LDMST64B2286PK,Pack,2,42.0,21.0,100.0,100.0
2026-06,LSEL400GY+RPR44WH,Combo,8,119.52,14.94,300.0,300.0
2026-06,12IP6736,Single,2,18.46,9.23,100.0,100.0
2026-06,CRSF100FG+PHHT1PBRFG+LSCYRO200GD+ICST64E27,Combo,1,21.83,21.83,,
2026-06,WCB1BM+RPR44WH,Combo,1,9.0,9.0,-50.0,-50.0
2026-06,CRSF100CO2PK+LHNSE27CO2PK+SCRN70CO2PK+LSTF40CO2PK,Combo,1,29.89,29.89,0.0,0.0
2026-06,CL2RBM5PK,Single,1,12.47,12.47,,
2026-06,CRSF100BM+PHRNWP1RBM+ICST64E27,Combo,1,24.08,24.08,,
2026-06,CRSF100BM+PHCH1BMRBM+LSDO400RE,Combo,1,22.45,22.45,,
2026-06,CRSF120BM+LHNSE27BM+SCRN70BM+LSTF40CH,Combo,1,18.49,18.49,,
2026-06,PHSF2BMRBM,Single,2,31.18,15.59,0.0,0.0
2026-06,PHSF1BMRBY,Single,11,108.79,9.89,450.0,450.0
2026-06,CRFF100CH2PK+LHNSE27CH2PK,Combo,1,24.65,24.65,,
2026-06,CRFF100CH,Single,1,9.0,9.0,0.0,0.0
2026-06,LSCY290DCB+RPR44WH,Combo,1,16.89,16.89,-66.7,-66.7
2026-06,PHUH0.5HETBM,Single,6,54.0,9.0,,
2026-06,CSBEB1BR3PK,Pack,1,10.0,10.0,,
2026-06,12BO100,Single,1,18.51,18.51,,
2026-06,CRSF100BM2PK+LHNSE27CO2PK+SCRN70CO2PK+LSFT220BI2PK,Combo,2,54.76,27.38,,
2026-06,WCLNBM+PHHT1FBRBM,Combo,1,19.23,19.23,,
2026-06,WSFH1BMYB2PK+PSDS2BPB2PK+SCRN70BM2PK+LSFT220BC2PK+ICST64E272PK,Combo,2,63.8,31.9,0.0,0.0
2026-06,CRSF2003BM+PHNW1RBM3PK,Combo,1,26.89,26.89,,
2026-06,LDCWA60HB2296PK,Pack,3,42.84,14.28,-25.0,-25.0
2026-06,CRSF1203GB+PHTT1PGRGB3PK,Combo,1,26.11,26.11,,
2026-06,CRSF2003RR+PHNW1RRR3PK,Combo,1,25.49,25.49,,
2026-06,CERU36150GR,Single,1,9.0,9.0,-50.0,-50.0
2026-06,CRSF120BM,Single,1,9.0,9.0,,
2026-06,LPROCL10WAPK,Pack,2,121.98,60.99,,
2026-06,LSMS320GY+RPR44WH,Combo,1,14.29,14.29,,
2026-06,TSSTYF8025LB,Single,2,77.78,38.89,,
2026-06,CL3TBR3PK,Pack,2,18.0,9.0,,
2026-06,RWWPSN10GY,Single,1,9.0,9.0,0.0,0.0
2026-06,TSTS20WH,Single,2,18.0,9.0,,
2026-06,CRSF100BM+PHCGF1BMRBM,Combo,1,21.65,21.65,,
2026-06,RWWPSY0630YE2PK,Pack,2,18.0,9.0,,
2026-06,RWWPSY0640YE2PK,Pack,1,10.99,10.99,-50.0,-50.0
2026-06,RWWPSY0680YE,Single,1,9.0,9.0,-50.0,-50.0
2026-06,LDSG125LOE274,Single,2,18.6,9.3,100.0,100.0
2026-06,CRSF100WH+PHRY2PCROR,Combo,1,12.16,12.16,,
2026-06,CRSF100WH+PHRY2PCRRE,Combo,1,12.47,12.47,0.0,0.0
2026-06,LSCY290GB+RPR44WH,Combo,1,15.59,15.59,,
2026-06,PHCT1BMRBM+PHHT1PBRBM+LSHM300HE,Combo,1,42.89,42.89,,
2026-06,CRSF100BC+PHRB1PBR5BM+LSRD260AZ+LDMST64E274,Combo,3,74.67,24.89,,
2026-06,WCCYSQBM,Single,1,19.85,19.85,,
2026-06,CRFF500BM+PHNW1RBM3PK,Combo,2,52.98,26.49,100.0,100.0
2026-06,CL3TOR5PK,Single,2,24.94,12.47,,
2026-06,CL2TOR5PK,Single,2,20.78,10.39,,
2026-06,LDMT45E274,Single,4,36.0,9.0,,
2026-06,LSGLBC160AR5PK+RPM40WH5PK,Combo,1,65.89,65.89,0.0,0.0
2026-06,LSGLBC160AR+RPM40WH,Combo,1,14.89,14.89,,
2026-06,LSGLULSG2PK+RPM40WH2PK,Combo,1,26.89,26.89,,
2026-06,LDMG95E274APK,Pack,1,34.97,34.97,,
2026-06,CERU36300RE,Single,2,9.49,4.74,,
2026-06,TSWGQBAYE2PK,Pack,2,30.0,15.0,100.0,100.0
2026-06,WCB6BC+RPR44WH,Combo,1,9.0,9.0,,
2026-06,WCB6WH+RPR44WH,Combo,2,18.0,9.0,,
2026-06,LDMST64B224,Single,6,54.0,9.0,,
2026-06,CRSF100YB+LHNSE27YB+LSRP260YB,Combo,1,31.67,31.67,,
2026-06,PSDS2BMRBM,Single,3,39.57,13.19,200.0,200.0
2026-06,CRSF1203BM+PHUH2HETBM3PK+SPHEBM3PK+WCSPROBM3PK,Combo,1,45.99,45.99,0.0,0.0
2026-06,CCBC122PK,Pack,1,11.56,11.56,,
2026-06,CRSF100BM+PHCHPBRGB+LSCY290GR,Combo,2,62.24,31.12,,
2026-06,CRFF500BM+PHCH1BMRBM3PK+LSCY210BG3PK,Combo,1,44.45,44.45,,
2026-06,LHXSHE27BM3PK,Pack,2,35.18,17.59,,
2026-06,CERU72450YE,Single,2,18.0,9.0,,
2026-06,COY9ABM,Single,1,9.0,9.0,,
2026-06,CRSF120CH2PK+PHBK1PCRCH2PK,Combo,1,17.49,17.49,,
2026-06,MBEX3245BMCPK+MBEX3545BMCPK+MBEX4560BMCPK+MBEX5570BMCPK+MBEX7090BMCPK,Combo,1,6.89,6.89,,
2026-06,CRSF100BM+PHOP1PBRBM+LSDO300RE,Combo,1,24.08,24.08,,
2026-06,CRSF100BM+LHNSE27YB+SCRN70BM+LSFT220GS,Combo,1,18.45,18.45,,
2026-06,LDMG80B224,Single,1,9.0,9.0,,
2026-06,LSFT220BM2PK+RPR44WH2PK,Combo,1,21.96,21.96,,
2026-06,CRSF1202BM+SCRN70BM2PK+LSFT220RO2PK+PHFMSH2BRYB2PK,Combo,2,33.48,16.74,100.0,100.0
2026-06,CRFF500BS+PHNW1RBS3PK,Combo,1,26.49,26.49,,
2026-06,PHSF2BMTYB,Single,1,12.47,12.47,,
2026-06,PHSF1GYRWH,Single,2,25.74,12.87,0.0,0.0
2026-06,PCGZ20MX+PCDO20BM+RW1FG2PK+CO122PCL+PCGZ20NL+PCFT90LBM+PCBSM2FCH+LHNDE27BM,Combo,1,20.89,20.89,,
2026-06,CENU70450BM2PK,Pack,1,16.49,16.49,,
2026-06,CRFF105BA,Single,2,18.0,9.0,-33.3,-33.3
2026-06,LHC3E27WH,Single,1,9.0,9.0,,
2026-06,CRSF100BM+LHNSE27YB+SCRN70BM+LSWD360BM+ICST64E27,Combo,1,29.89,29.89,,
2026-06,CRSF100PI+PHHT1PBRPI+CBSF95WH,Combo,3,31.5,10.5,,
2026-06,CENU25200BM,Single,2,14.18,7.09,,
2026-06,FCB209A4BLGPK,Pack,2,21.58,10.79,,
2026-06,LSMS320GR2PK+RPR44WH2PK,Combo,2,46.78,23.39,,
2026-06,LSEL400BM+RPR44WH,Combo,2,29.88,14.94,,
2026-06,12UK3P2A,Single,4,37.96,9.49,100.0,100.0
2026-06,PHSF2BRRCO,Single,1,14.55,14.55,0.0,0.0
2026-06,LSCYRO200BM+ICST64E27+PHHT1FBRBM,Combo,3,72.24,24.08,,
2026-06,LSMS320BI+RPR44WH,Combo,1,14.29,14.29,,
2026-06,CERU48250WH2PK,Pack,1,9.89,9.89,,
2026-06,LDWWE27182PK,Pack,2,24.68,12.34,,
2026-06,CRSF100BM2PK+LHNSE27YB2PK+SCRN70BM2PK+LSFT220BC2PK+ICST64E272PK,Combo,1,29.11,29.11,0.0,0.0
2026-06,CL2RHE5PK,Single,1,12.08,12.08,0.0,0.0
2026-06,LHAHE27CH,Single,2,18.0,9.0,,
2026-06,CCBC52PK,Pack,1,10.0,10.0,,
2026-06,CRSF1202BM+SCRN70BM2PK+LSFT220SN2PK+PHFMSH2BRYB2PK,Combo,1,34.45,34.45,0.0,0.0
2026-06,TSST349133WOHPK,Pack,3,194.67,64.89,0.0,0.0
2026-06,CRSF100BM+LHNSE27CO+SCRN70CO+LSFT220BI,Combo,2,39.28,19.64,,
2026-06,CL3ROR5PK,Single,1,12.86,12.86,,
2026-06,CRFF100SN2PK+LHNSE27SN2PK,Combo,2,49.3,24.65,0.0,0.0
2026-06,STFG4845WH3PK,Pack,1,12.99,12.99,-50.0,-50.0
2026-06,CRSF100WH,Single,4,36.0,9.0,33.3,33.3
2026-06,LHSHE27WH,Single,1,9.0,9.0,0.0,0.0
2026-06,PHSF1BMTBY,Single,1,12.86,12.86,,
2026-06,CRFF105CH,Single,1,9.0,9.0,0.0,0.0
2026-06,CRFF105SN,Single,3,27.0,9.0,200.0,200.0
2026-06,CRSF2003BM+WCRN3CBM3PK,Combo,2,97.78,48.89,,
2026-06,SPSDP2BM3PK,Pack,1,15.79,15.79,0.0,0.0
2026-06,TSLTRE,Single,1,9.0,9.0,-50.0,-50.0
2026-06,CRSF100BM2PK+PHRYWP1RBM2PK,Combo,2,45.58,22.79,-71.4,-71.4
2026-06,CSBEB8BM+CSBEB8KK,Combo,1,11.98,11.98,,
2026-06,LSLC180BC+RPR44WH,Combo,3,27.0,9.0,50.0,50.0
2026-06,CENU70450BM,Single,1,9.0,9.0,,
2026-06,LHSHE27CH,Single,1,9.0,9.0,0.0,0.0
2026-06,CL3TGD5PK,Single,1,12.47,12.47,0.0,0.0
2026-06,COWP4W3CBM,Single,1,9.0,9.0,-66.7,-66.7
2026-06,CRFF100BM2PK+LHNSE27BM2PK+ICST64E272PK,Combo,1,29.42,29.42,0.0,0.0
2026-06,PHHR1HETHE,Single,1,11.89,11.89,,
2026-06,CRSF1202BM+LHLF220E27BM2PK,Combo,6,88.38,14.73,,
2026-06,LLSQWB22W,Single,1,9.0,9.0,,
2026-06,LDMG125E2782PK,Pack,3,36.12,12.04,0.0,0.0
2026-06,LSHM300HE2PK+RPR44WH2PK,Combo,3,134.67,44.89,,
2026-06,CRFF75BA,Single,3,27.0,9.0,,
2026-06,CRFF100GB2PK+LHNSE27GB2PK,Combo,1,24.65,24.65,,
2026-06,LDWWE2715,Single,1,9.0,9.0,,
2026-06,LLSQ24W2PK,Pack,1,11.99,11.99,,
2026-06,PHSF1BWRSN,Single,2,20.54,10.27,-60.0,-60.0
2026-06,LDMT45E2742PK,Pack,3,41.22,13.74,,
2026-06,LDSSTRE274,Single,1,12.36,12.36,,
2026-06,CRFF100BM+LHNSE27YB+LSDO210BG+ICST64E27,Combo,6,106.26,17.71,,
2026-06,TSLCQA20WH2PK,Pack,1,13.09,13.09,,
2026-06,CRFF140BM+PHAH2RBMBM+SPSDP2BM,Combo,1,13.91,13.91,,
2026-06,CRFF100BM+LHNSE27BM+ICST64E27,Combo,1,16.82,16.82,0.0,0.0
2026-06,LS2CU700SG,Single,1,200.0,200.0,,
2026-06,LSDO210GY+RPR44WH,Combo,1,10.4,10.4,0.0,0.0
2026-06,TSWGQBRE+TSLCQA25WH3PK+TSLTRE,Combo,1,25.0,25.0,0.0,0.0
2026-06,WSHFBM+LSTF40BG+ICST64E27,Combo,3,88.77,29.59,,
2026-06,CRSF100BM2PK+LHNSE27BM2PK+LSTF400GR2PK+ICST64E272PK,Combo,1,29.19,29.19,,
2026-06,LSFT220BM3PK+RPR44WH3PK,Combo,1,25.07,25.07,,
2026-06,CKKLBY,Single,2,20.98,10.49,100.0,100.0
2026-06,PHSF2GYTWH+ICST64E27,Combo,1,17.54,17.54,,
2026-06,WSFH1BMYB+PSDS2BPB+SCRN70BM+LSFT220BC,Combo,1,24.95,24.95,,
2026-06,CRSF1202BM,Single,1,9.0,9.0,,
2026-06,CRSF100BM2PK+PHAH2RCHBW2PK,Combo,1,26.11,26.11,,
2026-06,LSGLFP245GR+SCRN70BM,Combo,1,17.89,17.89,0.0,0.0
2026-06,CRSF100WH+LHNSE27WH+LSMS320BT,Combo,1,20.49,20.49,,
2026-06,LSGL12010AR2PK+RPM40WH2PK,Combo,3,38.67,12.89,,
2026-06,WSFH1BMYB+PSDS2RRE+SCRN70BM+LSFT220RE+ICST64E27,Combo,1,27.77,27.77,,
2026-06,LSFT220CH+RPR44WH,Combo,1,11.56,11.56,,
2026-06,CRSF100BM2PK+LHNSE27YB2PK+SCRN70BM2PK+LSFT220GY2PK+ICST64E272PK,Combo,1,28.92,28.92,,
2026-06,WCCYSQGD2PK,Pack,1,41.68,41.68,-50.0,-50.0
2026-06,CRFF5004BM+LHTTAGU10BM4PK+LDGU10WD54PK+CL3B30BM,Combo,1,38.85,38.85,0.0,0.0
2026-06,TPHTTN2PBRBM+LSGLWS180YC+LDMA60E274WW,Combo,1,24.56,24.56,,
2026-06,PSDS2RBR2PK+SCRN70BM2PK+LSFT220OR2PK+ICST64E272PK+WSFH1BMYB2PK,Combo,1,31.9,31.9,,
2026-06,WCB2BC+RPR44WH,Combo,1,11.17,11.17,,
2026-06,WSOSBDBM,Single,1,22.76,22.76,,
2026-06,CERU36200YE,Single,1,9.0,9.0,,
2026-06,PLWCBM+ICST64E27,Combo,3,71.67,23.89,,
2026-06,CENU36300BM,Single,1,7.49,7.49,0.0,0.0
2026-06,CRFF108BM+WSSS70BM+SCRN70BM+LSFT220BM,Combo,2,49.12,24.56,,
2026-06,CRFF100CH+LHNSE27CH,Combo,1,15.29,15.29,,
2026-06,WLFS2202YBM,Single,1,25.86,25.86,,
2026-06,WLFS220YBM,Single,1,15.46,15.46,,
2026-06,CRFF100RO,Single,1,9.0,9.0,,
2026-06,CL2TLG5PK,Single,1,10.49,10.49,,
2026-06,LDMG95B224,Single,2,18.0,9.0,-33.3,-33.3
2026-06,WCB2BC2PK+RPR44WH2PK,Combo,1,17.26,17.26,,
2026-06,CRFF140BM+LHNSE27YB+SCRN70BM+LSTF40BM+ICST64E27,Combo,2,47.98,23.99,,
2026-06,LHXCCE27RR3PK,Pack,2,20.58,10.29,,
2026-06,LHXSHE27BM5PK,Pack,1,28.49,28.49,,
2026-06,LDCWA60HB227,Single,3,23.67,7.89,200.0,200.0
2026-06,CRSF100BM+LHNSE27CO+SCRN70CO+LSFT220GY+LDWWE279,Combo,1,34.56,34.56,,
2026-06,LDCWA55B2253PK,Pack,3,40.53,13.51,,
2026-06,LDCWA95B22226PK,Pack,1,21.98,21.98,,
2026-06,CERU36300GR,Single,4,18.98,4.74,,
2026-06,LSCY290YB+RPR44WH,Combo,1,15.59,15.59,-50.0,-50.0
2026-06,LSCY290GY2PK+PHFSH1PBRBM2PK,Combo,3,110.97,36.99,,
2026-06,TPFC300BG+RPR44WH+LDCWB2212,Combo,1,16.39,16.39,,
2026-06,WCLRBM,Single,1,16.89,16.89,,
2026-06,LDMG95B228,Single,1,9.0,9.0,-80.0,-80.0
2026-06,LSGL1275CL3PK+RPM40WH3PK,Combo,1,22.89,22.89,0.0,0.0
2026-06,CL3TCR5PK,Single,1,12.47,12.47,,
2026-06,LHCCE27GR4PK,Pack,1,19.68,19.68,,
2026-06,CENU25200BM2PK,Pack,1,9.19,9.19,,
2026-06,CL2TRO5PK,Single,1,10.49,10.49,,
2026-06,LSHM240BG+ICST64E27+WSFS1BMYB,Combo,1,22.89,22.89,,
2026-06,CSBEB4AG,Single,1,9.0,9.0,,
2026-06,RWWPSY1080YE,Single,1,9.0,9.0,-50.0,-50.0
2026-06,CRSF100BM+WSWR2HTBLBM+WCWODSBM+ICST64E27,Combo,4,91.56,22.89,,
2026-06,LSSC315RE+SPCC320BM+RPR44WH,Combo,9,233.01,25.89,,
2026-06,RWWPSY10100YE,Single,3,27.0,9.0,,
2026-06,CRSF100BM+LHHTE27BM+LSDO210BM+ICST64E27,Combo,2,45.38,22.69,,
2026-06,WCVCRR2PK+RPR44WH2PK,Combo,1,16.27,16.27,,
2026-06,WCB2BS+RPR44WH,Combo,1,11.17,11.17,,
2026-06,WCB7BC+RPR44WH,Combo,1,9.92,9.92,,
2026-06,LHSWPBB22SN,Single,1,9.18,9.18,0.0,0.0
2026-06,CRSF1202BM+SCRN70BM2PK+PHFMSH2BRYB2PK+LSFT220FG2PK,Combo,1,32.89,32.89,,
2026-06,CRFF500FG+PHBK1PBRFG3PK+LSCYRO120GD3PK+ICST64E273PK,Combo,1,44.09,44.09,,
2026-06,CRSF2003FG+PHBK1PBRFG3PK+LSCYRO120GD3PK+ICST64E273PK,Combo,1,48.27,48.27,,
2026-06,12UK3P8A,Single,1,16.37,16.37,0.0,0.0
2026-06,12ASIP20100,Single,1,12.86,12.86,,
2026-06,PHSF2BMTBY,Single,2,30.14,15.07,0.0,0.0
2026-06,PHSH1HETYB+LSCY290BM,Combo,1,22.89,22.89,,
2026-06,12UK3P5A,Single,1,15.49,15.49,-50.0,-50.0
2026-06,CRSF108BM,Single,5,45.0,9.0,400.0,400.0
2026-06,PLADBC+LSDO210BC3PK,Combo,1,49.86,49.86,,
2026-06,CRSF100BM+LHNSE27YB+SCRN70BM+LSFT220WH+ICST64E27,Combo,1,18.58,18.58,,
2026-06,CRFF140BM+LHNSE27YB+SCRN70BM+LSTF40BS+ICST64E27,Combo,1,23.89,23.89,,
2026-06,LSSS300GR+RPR44WH,Combo,1,16.89,16.89,0.0,0.0
2026-06,PHSF2GDTFG+SPSDP2YB,Combo,1,17.26,17.26,,
2026-06,WLGLCPSC,Single,2,44.98,22.49,-50.0,-50.0
2026-06,LSGL14023SG+RPM40WH,Combo,1,14.89,14.89,0.0,0.0
2026-06,WCCYROGD2PK+LDMA60E278WW2PK,Combo,2,87.78,43.89,,
2026-06,LSCA280SG,Single,2,288.32,144.16,,
2026-06,STND182WH,Single,1,9.0,9.0,,
2026-06,LHC2E27WH3PK,Pack,1,14.14,14.14,,
2026-06,CRFF5004BM+WCRN3CBM4PK,Combo,1,47.89,47.89,0.0,0.0
2026-06,CRSF100BM+PHRI1PBRBA+LSFT220BM,Combo,2,37.78,18.89,,
2026-06,PHSF2BWRWH,Single,3,27.0,9.0,200.0,200.0
2026-06,CL3TIV5PK,Single,1,12.47,12.47,,
2026-06,ICST64E272PK+WSFS1BMBM2PK+SCRN70BM2PK+LSFT220BM2PK,Combo,1,38.38,38.38,,
2026-06,CRSF100BB,Single,4,36.0,9.0,,
2026-06,LHSHE27RO3PK,Pack,1,19.46,19.46,,
2026-06,WCCYSP180BM2PK+RPR44WH2PK,Combo,2,48.14,24.07,,
2026-06,PSHYOS4BRBM,Single,1,12.79,12.79,-75.0,-77.0
2026-06,LSHM240BG+ICST64E27+CRSF100BM+WSLS155YB,Combo,1,22.89,22.89,,
2026-06,LSHM240BG2PK+ICST64E272PK+CRSF100BM2PK+WSLS155YB2PK,Combo,5,214.45,42.89,,
2026-06,CRSF100BM+PHHA1PBRYB+ICST64E27,Combo,1,15.89,15.89,0.0,0.0
2026-06,TSST349135WO6PK,Pack,1,44.89,44.89,-80.0,-80.0
2026-06,LDCWA95B22222PK,Pack,1,11.46,11.46,,
2026-06,PHUH1HETBM+LDEG80E273,Combo,4,67.96,16.99,,
2026-06,WCWODSBM+RPR44WH,Combo,1,13.89,13.89,,
2026-06,CRSF100PI+PHHT1PBRPI+ICST64E27+CBSF95WH,Combo,1,13.13,13.13,,
2026-06,LDCWA95B2222,Single,6,53.34,8.89,100.0,100.0
2026-06,CRFF100CO2PK+LHNSE27CO2PK+ICST64E272PK,Combo,1,29.59,29.59,,
2026-06,CRSF1203BM+PHFMTT15BRBM3PK+LDMG95E2743PK,Combo,1,37.56,37.56,,
2026-06,SPSDP3BM2PK,Pack,1,9.0,9.0,,
2026-06,CRFF500BM+PHHN1PBRCO3PK+LSDO210BI3PK,Combo,1,42.78,42.78,,
2026-06,LSLT360BM+RPR44WH,Combo,1,12.04,12.04,0.0,0.0
2026-06,PSHYOS4WRWH+CBMP140WH,Combo,1,19.49,19.49,,
2026-06,LSCO335WH+RPR44WH,Combo,6,71.7,11.95,,
2026-06,WCB7BS+RPR44WH,Combo,1,9.61,9.61,,
2026-06,CRSF100BM2PK+PHHT1PBRBM2PK+WCLNBM2PK,Combo,1,38.69,38.69,,
2026-06,LHTRE27BN,Single,3,27.0,9.0,,
2026-06,STMT18FWH3PK,Pack,1,10.7,10.7,,
2026-06,RWT570YE,Single,1,9.0,9.0,-75.0,-75.0
2026-06,LSCY290SN2PK+RPR44WH2PK,Combo,1,33.89,33.89,,
2026-06,12BO48,Single,1,10.94,10.94,-75.0,-75.0
2026-06,CRFF500BM+PHSH1PBRYB3PK+SCRN70BM3PK+LSFT220GR3PK,Combo,2,85.78,42.89,,
2026-06,12IP6750,Single,1,14.39,14.39,,
2026-06,STMT18FWH5PK,Pack,1,11.95,11.95,,
2026-06,STPVC17ARE,Single,1,9.0,9.0,,
2026-06,CRFF105WH,Single,4,36.0,9.0,-33.3,-33.3
2026-06,CRFF2005BM+PHHR2HETHE5PK+SPSDCSBM5PK+ICST64E275PK+CBFF200BM+CBFA200BM5PK,Combo,1,55.89,55.89,,
2026-06,CRSF100BM+LHNSE27YB+SCRN70BM+LSUL220BB+ICST64E27,Combo,3,65.67,21.89,,
2026-06,WCPC170GY,Single,1,19.89,19.89,,
2026-06,LSTM320GR+RPR44WH,Combo,1,16.29,16.29,-50.0,-50.0
2026-06,PHSF1BMTBM2PK,Pack,2,37.16,18.58,,
2026-06,RWWPSY1060YE,Single,1,9.0,9.0,-50.0,-50.0
2026-06,CRSF100GB+LHNSE27GB+SCRN70GB+LSTF40GB,Combo,1,19.39,19.39,,
