order_item_info,marketplace,id_clean,sku,quantity,sales_amount,order_date,exact_duplicate
1212621,B&Q,LDSG95DIE274,LDSG95DIE274,2,18.00,2026-08-01 00:17:21,no
1212660,B&Q,RWWPSYAE25WH,RWWPSYAE25WH,1,9.00,2026-08-01 07:52:15,no
1212726,B&Q,WLWOFTBM,WLWOFTBM,1,9.00,2026-08-01 10:04:00,no
1212819,B&Q,STFG4845WH,STFG4845WH,1,9.00,2026-08-01 12:40:25,no
1212827,B&Q,12UK3P2A,12UK3P2A,1,9.49,2026-08-01 12:58:42,no
1212841,B&Q,CRSF100BM+WSSS70BM+LSTF40BG+ICST64E27,CRSF100BM+WSSS70BM+LSTF40BG+ICST64E27,1,21.69,2026-08-01 13:18:57,no
1212872,B&Q,12UK3P8A,12UK3P8A,1,16.37,2026-08-01 14:12:55,no
1212898,B&Q,PSOS4BMTHE+ICST64E27,PSOS4BMTHE+ICST64E27,1,15.89,2026-08-01 14:55:55,no
1212899,B&Q,LSCY290BI2PK+RPR44WH2PK,LSCY290BI2PK+RPR44WH2PK,1,28.99,2026-08-01 14:59:04,no
1212911,B&Q,LDCWT75B22122PK,LDCWT75B22122PK,1,16.50,2026-08-01 15:02:19,no
1212912,B&Q,LHC3E27WH3PK,LHC3E27WH3PK,1,12.08,2026-08-01 15:09:39,no
1212927,B&Q,COY9ABM3PK,COY9ABM3PK,1,22.89,2026-08-01 15:30:39,no
1212933,B&Q,LDMT45E274,LDMT45E274,6,54.00,2026-08-01 15:52:42,no
1212971,B&Q,CCBC72PK,CCBC72PK,1,10.13,2026-08-01 16:47:39,no
1212979,B&Q,ENC5867,ENC5867,2,43.78,2026-08-01 16:55:00,no
1213029,B&Q,WCB4WH+RPR44WH,WCB4WH+RPR44WH,2,18.00,2026-08-01 18:10:15,no
1213079,B&Q,CERU36200GR,CERU36200GR,2,9.19,2026-08-01 19:25:42,no
1213080,B&Q,LDCWGU1036PK,LDCWGU1036PK,1,12.29,2026-08-01 19:31:35,no
1213081,B&Q,CRSF100BM+LHNSE27YB+SCRN70BM+LSFT220BG,CRSF100BM+LHNSE27YB+SCRN70BM+LSFT220BG,3,55.35,2026-08-01 19:31:56,no
1213082,B&Q,RWWPSYBF50GY,RWWPSYBF50GY,1,9.00,2026-08-01 19:45:36,no
1213102,B&Q,LSHM400HE+RPR44WH,LSHM400HE+RPR44WH,1,30.89,2026-08-01 20:05:35,no
1213103,B&Q,WCWODSBM+RPR44WH,WCWODSBM+RPR44WH,1,13.89,2026-08-01 20:05:35,no
1213104,B&Q,12UK3P2A,12UK3P2A,1,9.49,2026-08-01 20:12:14,no
1213115,B&Q,PLADBM,PLADBM,1,51.86,2026-08-01 20:30:33,no
1213125,B&Q,WCVCBC+RPR44WH,WCVCBC+RPR44WH,2,18.00,2026-08-01 21:00:31,no
1213223,B&Q,CRFF100SN+LHNSE27SN,CRFF100SN+LHNSE27SN,1,13.75,2026-08-02 00:06:12,no
1213224,B&Q,LDCWGU1056PK,LDCWGU1056PK,1,13.49,2026-08-02 00:08:52,no
1213231,B&Q,WLFSWDBM,WLFSWDBM,1,25.89,2026-08-02 01:17:25,no
1213311,B&Q,LSCY290CH+RPR44WH,LSCY290CH+RPR44WH,3,39.75,2026-08-02 08:03:51,no
1213338,B&Q,LDCWA60HB2276PK,LDCWA60HB2276PK,1,16.29,2026-08-02 09:10:38,no
1213355,B&Q,CRFF75YB,CRFF75YB,1,9.00,2026-08-02 09:37:56,no
1213369,B&Q,LDCWGU1076PK,LDCWGU1076PK,1,14.29,2026-08-02 10:08:34,no
1213435,B&Q,LLSQ10W5PK,LLSQ10W5PK,1,18.99,2026-08-02 11:33:59,no
1213440,B&Q,CRSF1203BM+HKR10BM3PK+HK10BM3PK+SPSDCSBM3PK+PHHR2HETHE3PK,CRSF1203BM+HKR10BM3PK+HK10BM3PK+SPSDCSBM3PK+PHHR2HETHE3PK,1,36.99,2026-08-02 11:53:36,no
1213453,B&Q,TSTLRUSRB+TSWGQBRE+TSLTRE,TSTLRUSRB+TSWGQBRE+TSLTRE,1,16.69,2026-08-02 12:13:22,no
1213546,B&Q,LSSS300BM2PK+RPR44WH2PK,LSSS300BM2PK+RPR44WH2PK,1,27.38,2026-08-02 14:34:53,no
1213547,B&Q,CRFF100FG+LHNSE27FG+SCRN70FG+LSFT220FG,CRFF100FG+LHNSE27FG+SCRN70FG+LSFT220FG,2,37.16,2026-08-02 14:34:55,no
1213548,B&Q,CRSF100YB+WSNW170YB+SCRN70YB+LSFT220YB+ICST64E27,CRSF100YB+WSNW170YB+SCRN70YB+LSFT220YB+ICST64E27,2,43.78,2026-08-02 14:34:55,no
1213598,B&Q,PHSF2BRRCO,PHSF2BRRCO,2,29.10,2026-08-02 15:27:41,no
1213633,B&Q,LSMCSPFLMC+RPR44WH,LSMCSPFLMC+RPR44WH,1,29.89,2026-08-02 16:49:57,no
1213656,B&Q,RPM40WHAPK,RPM40WHAPK,1,14.19,2026-08-02 17:23:16,no
1213680,B&Q,CL3THE5PK,CL3THE5PK,1,12.47,2026-08-02 17:39:58,no
1213681,B&Q,STFG4845WH,STFG4845WH,1,9.00,2026-08-02 17:46:21,no
1213689,B&Q,CRSF100BM+PHTT1PBR1BM,CRSF100BM+PHTT1PBR1BM,1,11.56,2026-08-02 18:01:00,no
1213729,B&Q,CRSF100BM2PK+LHNSE27YB2PK+SCRN70YB2PK+LSFT220GY2PK+LDCWE2792PK,CRSF100BM2PK+LHNSE27YB2PK+SCRN70YB2PK+LSFT220GY2PK+LDCWE2792PK,1,29.11,2026-08-02 18:59:22,no
1213765,B&Q,LHC5E27WH,LHC5E27WH,2,20.70,2026-08-02 19:44:58,no
1213766,B&Q,CRSF100BM+WSSS70BM+LSCY290BM+ICST64E27,CRSF100BM+WSSS70BM+LSCY290BM+ICST64E27,1,26.28,2026-08-02 19:45:14,no
1213790,B&Q,SPSDP2WH,SPSDP2WH,2,18.00,2026-08-02 20:20:23,no
1213813,B&Q,SPWL43BM2PK,SPWL43BM2PK,1,14.89,2026-08-02 20:45:02,no
1213814,B&Q,LSCY290CO2PK+RPR44WH2PK,LSCY290CO2PK+RPR44WH2PK,1,33.89,2026-08-02 20:49:58,no
1213852,B&Q,LSMCP1ULMC2PK+ICST64E272PK,LSMCP1ULMC2PK+ICST64E272PK,1,85.89,2026-08-02 21:28:16,no
1213853,B&Q,PHSF2GDTYB+ICST64E27,PHSF2GDTYB+ICST64E27,1,20.59,2026-08-02 21:38:22,no
1213854,B&Q,CRSF100BM+PHTT1PBR40BM+LSCYRO200BM,CRSF100BM+PHTT1PBR40BM+LSCYRO200BM,1,20.34,2026-08-02 21:42:13,no
1213855,B&Q,CL3RGD5PK,CL3RGD5PK,1,12.86,2026-08-02 21:51:15,no
1213895,B&Q,LHSWPBB22GD,LHSWPBB22GD,1,9.18,2026-08-02 23:07:18,no
1213907,B&Q,LSCY290BI3PK+ICST64E273PK+PHFSH1PBRBM3PK,LSCY290BI3PK+ICST64E273PK+PHFSH1PBRBM3PK,1,43.54,2026-08-02 23:42:42,no
1213933,B&Q,CRFF500BM+PHNW1RBC3PK,CRFF500BM+PHNW1RBC3PK,1,26.49,2026-08-03 01:34:42,no
1213989,B&Q,LSGLCP120SY+RPM40WH,LSGLCP120SY+RPM40WH,1,11.89,2026-08-03 06:38:12,no
1213998,B&Q,TPFC300BG+RPR44WH+LDCWB229,TPFC300BG+RPR44WH+LDCWB229,2,32.78,2026-08-03 07:03:53,no
1214036,B&Q,RWT570YE,RWT570YE,1,9.00,2026-08-03 08:27:03,no
1214037,B&Q,PSDS4BMRRE,PSDS4BMRRE,1,13.07,2026-08-03 08:29:36,no
1214051,B&Q,RPR44WHAPK,RPR44WHAPK,1,14.19,2026-08-03 09:18:55,no
1214138,B&Q,RPM40WHAPK,RPM40WHAPK,1,14.19,2026-08-03 11:04:27,no
1214139,B&Q,LDMST64B228,LDMST64B228,1,9.00,2026-08-03 11:18:26,no
1214200,B&Q,RWWPSY12GY2PK,RWWPSY12GY2PK,1,9.00,2026-08-03 12:26:58,no
1214212,B&Q,PSHYOS4BRBM,PSHYOS4BRBM,1,15.07,2026-08-03 12:58:44,no
1214242,B&Q,LSFT220CO+RPR44WH,LSFT220CO+RPR44WH,1,10.26,2026-08-03 13:31:56,no
1214243,B&Q,STMT4845WH5PK,STMT4845WH5PK,1,12.56,2026-08-03 13:33:02,no
1214244,B&Q,STFG4845WH,STFG4845WH,1,9.00,2026-08-03 13:33:24,no
1214266,B&Q,RWWPSY10GY2PK,RWWPSY10GY2PK,1,9.00,2026-08-03 14:21:36,no
1214291,B&Q,STFG4845WH,STFG4845WH,1,9.00,2026-08-03 14:46:00,no
1214298,B&Q,LSGL1275CL2PK+RPM40WH2PK,LSGL1275CL2PK+RPM40WH2PK,1,12.89,2026-08-03 14:54:26,no
1214299,B&Q,CRFF108BY+LHNSE27BY+LSDO300GY,CRFF108BY+LHNSE27BY+LSDO300GY,1,20.69,2026-08-03 14:54:39,no
1214314,B&Q,STIX245GR,STIX245GR,1,9.00,2026-08-03 15:06:20,no
1214351,B&Q,CENU25200WH2PK,CENU25200WH2PK,1,9.19,2026-08-03 16:11:03,no
1214374,B&Q,LDMG95E2782PK,LDMG95E2782PK,1,10.35,2026-08-03 16:38:57,no
1214375,B&Q,LDMT45E2742PK,LDMT45E2742PK,1,13.74,2026-08-03 16:38:57,no
1214376,B&Q,PSDS4BMRRE,PSDS4BMRRE,1,13.07,2026-08-03 16:44:38,no
1214377,B&Q,CRSF100BM+LHNSE27CO+SCRN70CO+LSFT220BC,CRSF100BM+LHNSE27CO+SCRN70CO+LSFT220BC,1,18.19,2026-08-03 16:49:56,no
1214378,B&Q,CRSF100BM+LHNSE27YB+SCRN70BM+LSFT220BG,CRSF100BM+LHNSE27YB+SCRN70BM+LSFT220BG,1,18.45,2026-08-03 16:49:56,no
1214386,B&Q,PHSF2BMTBM+ICST64E27,PHSF2BMTBM+ICST64E27,1,18.84,2026-08-03 16:58:42,no
1214425,B&Q,LDSG125LOE274,LDSG125LOE274,1,9.30,2026-08-03 17:59:02,no
1214426,B&Q,PHSF1BMRBM,PHSF1BMRBM,2,21.77,2026-08-03 17:59:55,no
1214442,B&Q,CL2THEAPK,CL2THEAPK,2,38.46,2026-08-03 18:02:18,no
1214509,B&Q,TSST349134GY6PK,TSST349134GY6PK,3,97.62,2026-08-03 19:38:57,no
1214510,B&Q,CRFF500BM+PHNW1RBC3PK,CRFF500BM+PHNW1RBC3PK,1,26.49,2026-08-03 19:46:16,no
1214533,B&Q,TSLCQA20WH3PK+TSWGQBRE2PK,TSLCQA20WH3PK+TSWGQBRE2PK,2,39.98,2026-08-03 20:01:21,no
1214534,B&Q,CRFF500FG+PHHT1PBRRO3PK+LSCYRO120GD3PK+ICST64E273PK,CRFF500FG+PHHT1PBRRO3PK+LSCYRO120GD3PK+ICST64E273PK,1,44.09,2026-08-03 20:06:19,no
1214639,B&Q,CRFF140BM+LHNSE27YB+SCRN70BM+LSUL220BM,CRFF140BM+LHNSE27YB+SCRN70BM+LSUL220BM,1,18.44,2026-08-03 22:09:56,no
1214669,B&Q,TSWGQBRE+TSLCQA10WH3PK+TSLTRE,TSWGQBRE+TSLCQA10WH3PK+TSLTRE,1,22.89,2026-08-03 23:32:59,no
1214674,B&Q,STFG4845WH3PK,STFG4845WH3PK,1,12.99,2026-08-04 00:07:21,no
1214690,B&Q,PHSF2BMTBY3PK+ICST64E273PK,PHSF2BMTBY3PK+ICST64E273PK,1,46.08,2026-08-04 02:41:14,no
1214841,B&Q,LDSG125LOE274,LDSG125LOE274,1,9.30,2026-08-04 09:57:56,no
1214874,B&Q,CL3TBM5PK,CL3TBM5PK,1,12.47,2026-08-04 10:15:20,no
1214875,B&Q,CRSF100YB2PK+LHNSE27YB2PK+SCRN70YB2PK+LSTF40YB2PK,CRSF100YB2PK+LHNSE27YB2PK+SCRN70YB2PK+LSTF40YB2PK,1,29.89,2026-08-04 10:20:55,no
1214896,B&Q,SPSD88SN5PK,SPSD88SN5PK,1,16.89,2026-08-04 10:32:19,no
1214905,B&Q,WLWOFTBM,WLWOFTBM,3,27.00,2026-08-04 10:58:59,no
1214934,B&Q,LSCA500BF+LDC35E1447PK,LSCA500BF+LDC35E1447PK,1,181.90,2026-08-04 11:42:39,no
1214953,B&Q,CRFF108BY2PK+LHNSE27BY2PK+LSDO300BT2PK+LDMST64E2742PK,CRFF108BY2PK+LHNSE27BY2PK+LSDO300BT2PK+LDMST64E2742PK,1,43.79,2026-08-04 12:18:45,no
1214954,B&Q,CRFF100CH+LHNSE27CH,CRFF100CH+LHNSE27CH,1,13.76,2026-08-04 12:19:03,no
1215002,B&Q,CENU88700WH2PK,CENU88700WH2PK,1,33.59,2026-08-04 13:20:42,no
1215019,B&Q,CRFF500BM+PHNW1RBM3PK+ICST64E273PK,CRFF500BM+PHNW1RBM3PK+ICST64E273PK,1,36.49,2026-08-04 13:54:39,no
1215028,B&Q,CRSF100BM+LHNSE27CO+SCRN70CO+LSFT220BI,CRSF100BM+LHNSE27CO+SCRN70CO+LSFT220BI,1,19.64,2026-08-04 14:06:01,no
1215029,B&Q,RPR44WHAPK,RPR44WHAPK,1,14.19,2026-08-04 14:06:15,no
1215073,B&Q,LSGL10014AR+RPM40WH,LSGL10014AR+RPM40WH,1,14.89,2026-08-04 14:54:41,no
1215090,B&Q,WCB1BM+RPR44WH,WCB1BM+RPR44WH,1,9.00,2026-08-04 15:06:22,no
1215091,B&Q,WLWOFTBM2PK,WLWOFTBM2PK,1,14.35,2026-08-04 15:18:51,no
1215107,B&Q,CRSF100GB+LHNSE27GB+LSDO210BB+ICST64E27,CRSF100GB+LHNSE27GB+LSDO210BB+ICST64E27,4,96.36,2026-08-04 15:26:37,no
1215108,B&Q,PHSF1BMRBY,PHSF1BMRBY,3,29.67,2026-08-04 15:32:47,no
1215126,B&Q,LSMS320OR2PK+RPR44WH2PK,LSMS320OR2PK+RPR44WH2PK,1,23.39,2026-08-04 16:12:40,no
1215146,B&Q,TSLCQB10WH,TSLCQB10WH,1,9.00,2026-08-04 16:37:55,no
1215189,B&Q,RWT580YE,RWT580YE,1,9.00,2026-08-04 17:54:41,no
1215220,B&Q,LHXCCE27BM3PK,LHXCCE27BM3PK,2,20.58,2026-08-04 18:40:22,no
1215228,B&Q,LSMS320BI+PHCH1FBRBM,LSMS320BI+PHCH1FBRBM,1,20.89,2026-08-04 18:56:39,no
1215240,B&Q,LDCWE27183PK,LDCWE27183PK,1,16.24,2026-08-04 19:19:36,no
1215289,B&Q,CL2RAG5PK,CL2RAG5PK,1,13.89,2026-08-04 20:01:46,no
1215290,B&Q,LDSG125MUE274,LDSG125MUE274,1,14.03,2026-08-04 20:05:22,no
1215291,B&Q,STFG4845WH,STFG4845WH,1,9.00,2026-08-04 20:17:44,no
1215306,B&Q,LSCY290GY+RPR44WH,LSCY290GY+RPR44WH,1,12.99,2026-08-04 20:46:43,no
1215320,B&Q,TSLCQA10WH3PK+TSWGQBRE2PK,TSLCQA10WH3PK+TSWGQBRE2PK,2,39.98,2026-08-04 21:02:37,no
1215321,B&Q,LSCY290GB+RPR44WH,LSCY290GB+RPR44WH,1,15.59,2026-08-04 21:13:35,no
1215322,B&Q,LDWWE27152PK,LDWWE27152PK,1,13.74,2026-08-04 21:17:18,no
1215363,B&Q,LDMST64E278,LDMST64E278,3,27.00,2026-08-04 21:34:38,no
1215364,B&Q,RWT6100YE,RWT6100YE,1,12.59,2026-08-04 21:50:21,no
1215369,B&Q,TSWGQBRE+TSLCQA10WH3PK+TSLTRE,TSWGQBRE+TSLCQA10WH3PK+TSLTRE,1,22.89,2026-08-04 21:58:46,no
1215370,B&Q,CRSF100WH+PHCH1PCTSDG+LSDO210GR+ICST64E27,CRSF100WH+PHCH1PCTSDG+LSDO210GR+ICST64E27,1,17.89,2026-08-04 22:01:01,no
1215391,B&Q,LDCWA60HB2296PK,LDCWA60HB2296PK,1,14.28,2026-08-04 22:21:16,no
1215407,B&Q,LSMS320GR+RPR44WH,LSMS320GR+RPR44WH,1,14.29,2026-08-04 22:50:39,no
1215411,B&Q,TSLCQA25WH3PK+TSWGQBRE2PK,TSLCQA25WH3PK+TSWGQBRE2PK,1,19.99,2026-08-04 22:52:57,no
1215422,B&Q,TSLCQB10WH,TSLCQB10WH,1,9.00,2026-08-04 23:08:11,no
1215423,B&Q,PHSF1GYRWH,PHSF1GYRWH,1,12.87,2026-08-04 23:14:16,no
1215471,B&Q,CRFF75YB,CRFF75YB,1,9.00,2026-08-05 02:47:17,no
1215517,B&Q,PHUH1HETBM,PHUH1HETBM,2,36.50,2026-08-05 07:48:00,no
1215518,B&Q,LDMG95E2743PK,LDMG95E2743PK,1,9.00,2026-08-05 07:50:20,no
1215566,B&Q,TSTLRUSRB,TSTLRUSRB,1,10.35,2026-08-05 09:12:38,no
1215579,B&Q,STMT4845WHAPK,STMT4845WHAPK,1,15.11,2026-08-05 09:37:38,no
1215627,B&Q,PHSF1BMRBY,PHSF1BMRBY,4,39.56,2026-08-05 10:49:43,no
1215629,B&Q,CCBKNWE72PK,CCBKNWE72PK,1,9.99,2026-08-05 10:56:06,no
1215640,B&Q,LSCY290GB+RPR44WH,LSCY290GB+RPR44WH,1,15.59,2026-08-05 11:11:45,no
1215641,B&Q,TPFC300BG+RPR44WH+LDCWB229,TPFC300BG+RPR44WH+LDCWB229,2,32.78,2026-08-05 11:21:01,no
1215668,B&Q,RWT6100YE,RWT6100YE,1,12.59,2026-08-05 11:24:39,no
1215669,B&Q,STMT18FWH,STMT18FWH,1,9.00,2026-08-05 11:39:40,no
1215734,B&Q,STFG4845WH3PK,STFG4845WH3PK,1,12.99,2026-08-05 12:36:22,no
1215749,B&Q,CRSF100BM2PK+PHTT1PBR1BM2PK,CRSF100BM2PK+PHTT1PBR1BM2PK,1,21.77,2026-08-05 13:13:09,no
1215787,B&Q,RWT6100YE,RWT6100YE,1,12.59,2026-08-05 14:08:36,no
1215788,B&Q,CRFF100GB+LHNSE27GB,CRFF100GB+LHNSE27GB,1,13.76,2026-08-05 14:11:19,no
1215789,B&Q,PSDS4BMRGY+ICST64E27,PSDS4BMRGY+ICST64E27,1,18.84,2026-08-05 14:20:58,no
1215807,B&Q,BSFCDRWHPI,BSFCDRWHPI,1,22.99,2026-08-05 14:40:26,no
1215855,B&Q,PLHSBC,PLHSBC,1,16.99,2026-08-05 15:43:17,no
1215856,B&Q,PLWLBC+LDMST64E274,PLWLBC+LDMST64E274,1,19.23,2026-08-05 15:43:17,no
1215873,B&Q,TSST349135WO9PK,TSST349135WO9PK,1,64.49,2026-08-05 16:11:42,no
1215915,B&Q,12UK3P2A,12UK3P2A,1,9.49,2026-08-05 17:02:02,no
1215938,B&Q,CRSF120BM,CRSF120BM,1,9.00,2026-08-05 17:30:55,no
1215940,B&Q,RWT5100YE,RWT5100YE,1,9.85,2026-08-05 18:00:39,no
1215958,B&Q,LDCWGU1056PK,LDCWGU1056PK,1,13.49,2026-08-05 18:22:28,no
1215959,B&Q,LSCY290WH+RPR44WH,LSCY290WH+RPR44WH,1,12.99,2026-08-05 18:22:41,no
1215982,B&Q,LSCY290SN+RPR44WH,LSCY290SN+RPR44WH,1,13.25,2026-08-05 18:32:38,no
1216068,B&Q,PHSF1GDRYB,PHSF1GDRYB,1,10.28,2026-08-05 20:56:46,no
1216177,B&Q,CRFF100GB+LHNSE27GB,CRFF100GB+LHNSE27GB,1,13.76,2026-08-05 23:27:05,no
1216178,B&Q,LSCY290CH+RPR44WH,LSCY290CH+RPR44WH,1,13.25,2026-08-05 23:31:45,no
1216182,B&Q,LSCY290GC+RPR44WH,LSCY290GC+RPR44WH,1,14.68,2026-08-05 23:53:04,no
1216187,B&Q,LHXWPE27PPWH,LHXWPE27PPWH,1,5.19,2026-08-06 00:04:57,no
1216270,B&Q,WCRPHE+RPR44WH,WCRPHE+RPR44WH,2,24.68,2026-08-06 07:36:44,no
1216281,B&Q,PSHYOS4BRBM+CBMP140BM,PSHYOS4BRBM+CBMP140BM,1,17.49,2026-08-06 08:08:05,no
1216290,B&Q,WCCYSP180WH2PK+RPR44WH2PK,WCCYSP180WH2PK+RPR44WH2PK,1,24.07,2026-08-06 08:31:26,no
1216291,B&Q,BSFCDRWHPI,BSFCDRWHPI,1,22.99,2026-08-06 08:49:01,no
1216332,B&Q,CL3TBR5PK,CL3TBR5PK,1,12.47,2026-08-06 10:02:45,no
1216346,B&Q,CRFF100BM+LHNSE27BM,CRFF100BM+LHNSE27BM,1,12.50,2026-08-06 10:28:38,no
1216381,B&Q,CRFF75GB+HK10GB,CRFF75GB+HK10GB,1,9.00,2026-08-06 11:42:40,no
1216382,B&Q,PHSF1AGRGB,PHSF1AGRGB,1,12.49,2026-08-06 11:42:40,no
1216430,B&Q,WCVCRE+RPR44WH,WCVCRE+RPR44WH,1,10.28,2026-08-06 12:40:46,no
1216456,B&Q,LHC5E27WH,LHC5E27WH,1,10.35,2026-08-06 13:08:56,no
1216457,B&Q,RWT3550YE,RWT3550YE,1,9.00,2026-08-06 13:10:47,no
1216474,B&Q,LSGLFP245PU,LSGLFP245PU,3,53.67,2026-08-06 13:38:42,no
1216475,B&Q,WCWDBM2PK+RPR44WH2PK,WCWDBM2PK+RPR44WH2PK,3,67.62,2026-08-06 13:41:07,no
1216492,B&Q,RWWPSY0860YE,RWWPSY0860YE,1,9.00,2026-08-06 14:21:39,no
1216493,B&Q,STFG4845WH2PK,STFG4845WH2PK,1,11.49,2026-08-06 14:23:51,no
1216505,B&Q,WLYIHEBM+ICST64E27,WLYIHEBM+ICST64E27,1,19.89,2026-08-06 14:47:40,no
1216511,B&Q,WCDTWH2PK+RPR44WH2PK,WCDTWH2PK+RPR44WH2PK,1,19.79,2026-08-06 15:02:19,no
1216527,B&Q,LSFT220BC+RPR44WH,LSFT220BC+RPR44WH,2,23.12,2026-08-06 15:12:22,no
1216528,B&Q,CENU50300WH,CENU50300WH,2,14.58,2026-08-06 15:18:58,no
1216529,B&Q,PHSF1BMTYB,PHSF1BMTYB,3,30.81,2026-08-06 15:20:42,no
1216552,B&Q,LHXCCE27WH5PK,LHXCCE27WH5PK,1,14.89,2026-08-06 15:24:41,no
1216553,B&Q,CRSF100YB2PK+PHHA1PBRYB2PK+ICST64E272PK,CRSF100YB2PK+PHHA1PBRYB2PK+ICST64E272PK,2,49.78,2026-08-06 15:40:58,no
1216576,B&Q,STFG4845WH,STFG4845WH,1,9.00,2026-08-06 16:02:43,no
1216607,B&Q,LSMS320BI2PK+RPR44WH2PK,LSMS320BI2PK+RPR44WH2PK,1,23.39,2026-08-06 16:26:57,no
1216608,B&Q,PHSH1HETYB+LSCY290BM,PHSH1HETYB+LSCY290BM,1,22.89,2026-08-06 16:48:58,no
1216687,B&Q,LDCWGU1056PK,LDCWGU1056PK,2,26.98,2026-08-06 19:01:42,no
1216789,B&Q,LSGL12010AR2PK+RPM40WH2PK,LSGL12010AR2PK+RPM40WH2PK,1,12.89,2026-08-06 21:26:38,no
1216790,B&Q,WLYIHEBM+ICST64E27,WLYIHEBM+ICST64E27,8,159.12,2026-08-06 21:41:58,no
1216806,B&Q,RWWPSY0640YE2PK,RWWPSY0640YE2PK,1,10.99,2026-08-06 22:02:37,no
1216835,B&Q,LSCY290YE+RPR44WH,LSCY290YE+RPR44WH,2,31.78,2026-08-06 23:43:40,no
1216854,B&Q,WCDCBM2PK+RPR44WH2PK,WCDCBM2PK+RPR44WH2PK,1,19.35,2026-08-07 01:14:08,no
1216855,B&Q,BSFCDRSIBL,BSFCDRSIBL,1,21.99,2026-08-07 01:15:21,no
1216862,B&Q,12UK3P2A,12UK3P2A,1,9.49,2026-08-07 02:41:40,no
1216872,B&Q,LDCWA60HB2276PK,LDCWA60HB2276PK,1,16.29,2026-08-07 05:37:38,no
1216915,B&Q,PHSF2GYRCH,PHSF2GYRCH,2,24.94,2026-08-07 07:36:23,no
1216946,B&Q,PHCH1FBRBM+LSSS300GR,PHCH1FBRBM+LSSS300GR,4,79.20,2026-08-07 08:54:22,no
1216947,B&Q,LDMG95E2745PK,LDMG95E2745PK,1,18.92,2026-08-07 08:54:22,no
1217014,B&Q,CRSF100BM+LHNSE27YB+SCRN70BM+LSFT220GY+ICST64E27,CRSF100BM+LHNSE27YB+SCRN70BM+LSFT220GY+ICST64E27,1,18.58,2026-08-07 10:25:41,no
1217015,B&Q,CRSF100CH+LHNSE27CH+LSDO210BS,CRSF100CH+LHNSE27CH+LSDO210BS,2,37.42,2026-08-07 10:25:41,no
1217020,B&Q,SPSDP2WH,SPSDP2WH,1,9.00,2026-08-07 10:55:44,no
1217021,B&Q,WLWOFTBM2PK,WLWOFTBM2PK,2,28.70,2026-08-07 10:59:29,no
1217029,B&Q,CRSF1202BM+SCRN70BM2PK+LSFT220RO2PK+PHFMSH2BRYB2PK,CRSF1202BM+SCRN70BM2PK+LSFT220RO2PK+PHFMSH2BRYB2PK,2,33.48,2026-08-07 11:03:07,no
1217030,B&Q,CRSF120CH2PK+PHBK1PCRCH2PK,CRSF120CH2PK+PHBK1PCRCH2PK,1,17.49,2026-08-07 11:19:20,no
1217041,B&Q,LSFT220BC+RPR44WH,LSFT220BC+RPR44WH,1,11.56,2026-08-07 11:29:24,no
1217062,B&Q,PLADBM+ICST64E273PK,PLADBM+ICST64E273PK,1,56.16,2026-08-07 12:16:24,no
1217084,B&Q,CRSF100BM+PHCHPBRCO+LSCY290CO+ICST64E27,CRSF100BM+PHCHPBRCO+LSCY290CO+ICST64E27,5,151.45,2026-08-07 12:42:03,no
1217092,B&Q,BSFCDRWHPI,BSFCDRWHPI,1,22.99,2026-08-07 12:55:31,no
1217125,B&Q,CRSF100BM+WSSS70BM+LSTF40BG+ICST64E27,CRSF100BM+WSSS70BM+LSTF40BG+ICST64E27,1,21.69,2026-08-07 13:53:02,no
1217139,B&Q,TSTS50WH,TSTS50WH,1,9.00,2026-08-07 14:21:27,no
1217151,B&Q,12UK3P2A,12UK3P2A,1,9.49,2026-08-07 14:44:05,no
1217196,B&Q,LSGL1275CL2PK+RPM40WH2PK,LSGL1275CL2PK+RPM40WH2PK,1,13.89,2026-08-07 15:45:19,no
1217200,B&Q,LSGLST148AR3PK+RPM40WH3PK,LSGLST148AR3PK+RPM40WH3PK,1,43.89,2026-08-07 15:53:41,no
1217208,B&Q,LSEL400GY+RPR44WH,LSEL400GY+RPR44WH,2,29.88,2026-08-07 16:12:39,no
1217209,B&Q,STMT4845WH2PK,STMT4845WH2PK,1,10.15,2026-08-07 16:23:22,no
1217271,B&Q,LSCYRO200BM+ICST64E27+PHHT1FBRBM,LSCYRO200BM+ICST64E27+PHHT1FBRBM,1,24.08,2026-08-07 17:38:00,no
1217278,B&Q,PSOS4BMTHE+ICST64E27,PSOS4BMTHE+ICST64E27,1,15.89,2026-08-07 17:55:01,no
1217307,B&Q,PHSF1BMRBY,PHSF1BMRBY,1,9.89,2026-08-07 18:40:11,no
1217308,B&Q,12UK3P1A,12UK3P1A,1,9.00,2026-08-07 18:47:49,no
1217341,B&Q,CRFF500BM+PHNW1RBC3PK,CRFF500BM+PHNW1RBC3PK,2,52.98,2026-08-07 19:42:02,no
1217346,B&Q,STFG4845WH3PK,STFG4845WH3PK,1,12.99,2026-08-07 19:50:40,no
1217362,B&Q,STFG4845WH,STFG4845WH,1,9.00,2026-08-07 20:10:44,no
1217380,B&Q,RWWPSY10100YE,RWWPSY10100YE,2,18.00,2026-08-07 20:27:18,no
1217381,B&Q,LDCWA60HB2275PK,LDCWA60HB2275PK,1,18.58,2026-08-07 20:45:02,no
1217422,B&Q,CRSFM210080CO+PCMT20CO+LHPOE27CO+LDMG95E278+CBSF95+CBSFBM,CRSFM210080CO+PCMT20CO+LHPOE27CO+LDMG95E278+CBSF95+CBSFBM,2,48.18,2026-08-07 21:25:43,no
1217429,B&Q,LDMG95B2282PK,LDMG95B2282PK,1,17.37,2026-08-07 21:55:28,no
1217433,B&Q,PHHCF1BMRBM,PHHCF1BMRBM,1,22.89,2026-08-07 22:03:00,no
1217475,B&Q,WLWOFTBM,WLWOFTBM,2,18.00,2026-08-08 00:23:38,no
1217508,B&Q,STFG4845WH,STFG4845WH,1,9.00,2026-08-08 07:28:22,no
1217525,B&Q,12UK3P2A,12UK3P2A,1,9.49,2026-08-08 08:05:04,no
1217621,B&Q,WCCYROGD2PK+LDMA60E278WW2PK,WCCYROGD2PK+LDMA60E278WW2PK,1,43.89,2026-08-08 11:36:42,no
1217625,B&Q,CRSF100BM+PHCH2BMRBM+SPWRBM+SPUPBM+LSCY290WH,CRSF100BM+PHCH2BMRBM+SPWRBM+SPUPBM+LSCY290WH,1,18.37,2026-08-08 11:52:38,no
1217626,B&Q,LDMT45E2742PK,LDMT45E2742PK,1,13.74,2026-08-08 11:56:58,no
1217646,B&Q,LSFT220GY+RPR44WH,LSFT220GY+RPR44WH,2,23.12,2026-08-08 12:11:20,no
1217647,B&Q,LDST185E2743PK,LDST185E2743PK,1,31.19,2026-08-08 12:20:44,no
1217664,B&Q,PHSF2GDRYB,PHSF2GDRYB,2,24.94,2026-08-08 12:36:29,no
1217707,B&Q,PHSF2BMTBM,PHSF2BMTBM,1,11.39,2026-08-08 13:26:23,no
1217708,B&Q,LDCWGU1076PK,LDCWGU1076PK,1,14.29,2026-08-08 13:43:24,no
1217723,B&Q,LSGL9015CL3PK+RPM40WH3PK,LSGL9015CL3PK+RPM40WH3PK,1,22.89,2026-08-08 14:03:48,no
1217752,B&Q,12IP2015,12IP2015,1,9.00,2026-08-08 14:49:03,no
1217760,B&Q,CRSFM210080WH,CRSFM210080WH,3,27.27,2026-08-08 14:52:24,no
1217784,B&Q,LDMT185E2746PK,LDMT185E2746PK,1,15.89,2026-08-08 15:24:05,no
1217790,B&Q,WLFS220BM,WLFS220BM,2,37.42,2026-08-08 15:54:06,no
1217802,B&Q,WCCYSP160GD,WCCYSP160GD,1,9.22,2026-08-08 16:04:00,no
1217803,B&Q,CRSF100PI+CBSF95WH,CRSF100PI+CBSF95WH,1,9.00,2026-08-08 16:08:06,no
1217828,B&Q,PSHYOS2WRWH,PSHYOS2WRWH,1,13.19,2026-08-08 16:37:24,no
1217836,B&Q,LDMST64E2783PK,LDMST64E2783PK,1,12.47,2026-08-08 16:58:08,no
1217837,B&Q,LDMG125B2282PK,LDMG125B2282PK,1,13.74,2026-08-08 16:58:08,no
1217900,B&Q,24IP20360,24IP20360,1,22.74,2026-08-08 18:26:30,no
1217913,B&Q,CRSF100YB2PK+LHNSE27YB2PK+SCRN70YB2PK+LSTF40YB2PK,CRSF100YB2PK+LHNSE27YB2PK+SCRN70YB2PK+LSTF40YB2PK,1,29.89,2026-08-08 19:08:27,no
1217920,B&Q,CRSF1203BM+PHFMTT15BRBM3PK,CRSF1203BM+PHFMTT15BRBM3PK,1,27.16,2026-08-08 19:49:46,no
1217938,B&Q,LDMG95E2743PK,LDMG95E2743PK,2,18.00,2026-08-08 20:13:06,no
1217939,B&Q,TSSTYF8012GY,TSSTYF8012GY,1,38.89,2026-08-08 20:16:07,no
1218070,B&Q,CL3RIV5PK,CL3RIV5PK,1,12.86,2026-08-09 03:47:13,no
1218073,B&Q,LSGLFP245PU+RPM40WH,LSGLFP245PU+RPM40WH,1,17.89,2026-08-09 04:00:26,no
1218074,B&Q,RWT6120YE,RWT6120YE,1,14.19,2026-08-09 04:18:43,no
1218075,B&Q,TSLCQA20WH3PK+TSWGQBRE2PK,TSLCQA20WH3PK+TSWGQBRE2PK,1,19.99,2026-08-09 04:20:37,no
1218136,B&Q,CRSF100BM2PK+PHRYWP1RBM2PK+ICST64E272PK,CRSF100BM2PK+PHRYWP1RBM2PK+ICST64E272PK,1,30.68,2026-08-09 08:20:41,no
1218216,B&Q,CERU36150GR,CERU36150GR,1,9.00,2026-08-09 10:37:58,no
1218238,B&Q,LSGLFP245BL,LSGLFP245BL,1,17.89,2026-08-09 11:21:28,no
1218262,B&Q,RWWPSY0860YE,RWWPSY0860YE,1,9.00,2026-08-09 11:35:48,no
1218263,B&Q,CENU50300WH,CENU50300WH,1,7.29,2026-08-09 11:47:11,no
1218271,B&Q,RWT5100YE,RWT5100YE,1,9.85,2026-08-09 11:52:22,no
1218309,B&Q,CRSF100BC2PK+PHNW1RBC2PK,CRSF100BC2PK+PHNW1RBC2PK,2,54.98,2026-08-09 12:33:22,no
1218361,B&Q,CERU36150GR,CERU36150GR,1,9.00,2026-08-09 13:40:47,no
1218362,B&Q,LDMST64B2283PK,LDMST64B2283PK,1,21.99,2026-08-09 13:47:44,no
1218391,B&Q,WCB6WH2PK+RPR44WH2PK,WCB6WH2PK+RPR44WH2PK,1,18.03,2026-08-09 14:19:25,no
1218419,B&Q,WLRPECROWH,WLRPECROWH,1,25.71,2026-08-09 14:36:41,no
1218434,B&Q,CL2TRO5PK,CL2TRO5PK,1,10.49,2026-08-09 15:09:43,no
1218435,B&Q,CRSF100GY+LHTTE27GY,CRSF100GY+LHTTE27GY,2,21.58,2026-08-09 15:21:43,no
1218488,B&Q,LDMT45E2742PK,LDMT45E2742PK,1,13.74,2026-08-09 16:12:05,no
1218505,B&Q,12MIP2060,12MIP2060,1,9.00,2026-08-09 16:44:05,no
1218506,B&Q,LDMG125E2783PK,LDMG125E2783PK,1,19.44,2026-08-09 16:50:06,no
1218507,B&Q,WCCYROCH2PK+LDMA60E278WW2PK,WCCYROCH2PK+LDMA60E278WW2PK,1,53.78,2026-08-09 16:50:43,no
1218551,B&Q,LDWWE27152PK,LDWWE27152PK,2,27.48,2026-08-09 17:31:44,no
1218554,B&Q,PSHNOS4WRWH,PSHNOS4WRWH,1,12.73,2026-08-09 17:57:10,no
1218602,B&Q,PLMJBC,PLMJBC,1,21.79,2026-08-09 18:57:23,no
1218641,B&Q,RWT680YE,RWT680YE,1,10.89,2026-08-09 19:53:50,no
1218684,B&Q,LSCY290CB+RPR44WH,LSCY290CB+RPR44WH,1,16.09,2026-08-09 20:38:01,no
1218762,B&Q,CRSF100BM+PHSW1PBRBM+LSFT255BD,CRSF100BM+PHSW1PBRBM+LSFT255BD,1,15.99,2026-08-09 22:26:40,no
1218763,B&Q,LDWWE27153PK,LDWWE27153PK,1,20.56,2026-08-09 22:29:42,no
1218772,B&Q,CRSF100PI+PHHT1PBRPI+ICST64E27+CBSF95WH,CRSF100PI+PHHT1PBRPI+ICST64E27+CBSF95WH,1,12.09,2026-08-09 23:23:24,no
1218780,B&Q,PL4HRR+ICST64E27,PL4HRR+ICST64E27,1,45.89,2026-08-09 23:35:20,no
1218782,B&Q,RWWPSY1080YE2PK,RWWPSY1080YE2PK,1,16.89,2026-08-10 00:00:21,no
1218788,B&Q,LSGL12010AR2PK+RPM40WH2PK,LSGL12010AR2PK+RPM40WH2PK,2,25.78,2026-08-10 00:28:21,no
1218789,B&Q,LDCWA60HB2276PK,LDCWA60HB2276PK,1,16.29,2026-08-10 00:43:09,no
1218866,B&Q,RWWPSY0860YE,RWWPSY0860YE,1,9.00,2026-08-10 07:54:10,no
1218899,B&Q,LLSQ10W3PK,LLSQ10W3PK,2,24.98,2026-08-10 09:13:52,no
1218980,B&Q,LDCWA60HB2272PK,LDCWA60HB2272PK,1,11.84,2026-08-10 12:00:02,no
1218998,B&Q,WCCYSP160GD,WCCYSP160GD,1,9.22,2026-08-10 12:07:45,no
1219020,B&Q,CL3RBM5PK,CL3RBM5PK,1,12.86,2026-08-10 12:44:42,no
1219028,B&Q,CRSF100WH2PK+PHTT1PWRWH2PK,CRSF100WH2PK+PHTT1PWRWH2PK,1,26.17,2026-08-10 12:57:00,no
1219067,B&Q,CRFF75YB,CRFF75YB,1,9.00,2026-08-10 13:25:02,no
1219072,B&Q,LSSS300WH+RPR44WH,LSSS300WH+RPR44WH,16,244.64,2026-08-10 13:52:31,no
1219073,B&Q,CRSF100BC+PHCH1PBRBC+LSHH240BC,CRSF100BC+PHCH1PBRBC+LSHH240BC,1,20.29,2026-08-10 13:53:54,no
1219117,B&Q,LDMT45E2742PK,LDMT45E2742PK,1,13.74,2026-08-10 14:51:04,no
1219134,B&Q,RWWPSY1060YE2PK,RWWPSY1060YE2PK,1,16.29,2026-08-10 15:07:47,no
1219156,B&Q,RWT560YE,RWT560YE,1,9.00,2026-08-10 15:32:23,no
1219169,B&Q,LDCWGU1076PK,LDCWGU1076PK,1,14.29,2026-08-10 15:52:27,no
1219180,B&Q,RWT6100YE,RWT6100YE,1,12.59,2026-08-10 16:05:53,no
1219181,B&Q,RWWPSY0660YE,RWWPSY0660YE,1,9.00,2026-08-10 16:23:30,no
1219206,B&Q,CL3TRO,CL3TRO,1,9.00,2026-08-10 16:50:45,no
1219207,B&Q,LHC6E27WH3PK,LHC6E27WH3PK,1,10.91,2026-08-10 16:50:45,no
1219231,B&Q,CRSF100BM+LHTTE27BM,CRSF100BM+LHTTE27BM,1,10.79,2026-08-10 17:19:33,no
1219280,B&Q,WCCYSP180GD2PK+RPR44WH2PK,WCCYSP180GD2PK+RPR44WH2PK,1,24.07,2026-08-10 18:08:45,no
1219281,B&Q,LDMG95E2745PK,LDMG95E2745PK,1,18.92,2026-08-10 18:10:26,no
1219282,B&Q,CRFF5004BM+LHTTAGU10BM4PK+LDGU10WD54PK+CL3B30BM,CRFF5004BM+LHTTAGU10BM4PK+LDGU10WD54PK+CL3B30BM,1,38.85,2026-08-10 18:14:11,no
1219305,B&Q,RWWPSY0860YE2PK,RWWPSY0860YE2PK,1,9.00,2026-08-10 18:25:02,no
1219306,B&Q,RWWPSY10GY2PK,RWWPSY10GY2PK,1,9.00,2026-08-10 18:25:02,no
1219307,B&Q,CRSF120RR,CRSF120RR,1,9.00,2026-08-10 18:31:21,no
1219395,B&Q,CRSF1203BM+PHFMTT15BRBM3PK,CRSF1203BM+PHFMTT15BRBM3PK,1,27.16,2026-08-10 20:36:22,no
1219396,B&Q,CRSF1202BM+SPWRBM2PK+SCRN70BM2PK+LSCY290NB2PK+ICST64E272PK+PHFMSH2BRYB2PK,CRSF1202BM+SPWRBM2PK+SCRN70BM2PK+LSCY290NB2PK+ICST64E272PK+PHFMSH2BRYB2PK,1,19.02,2026-08-10 20:41:44,no
1219414,B&Q,LSCY290DYE+RPR44WH,LSCY290DYE+RPR44WH,1,16.89,2026-08-10 21:03:51,no
1219440,B&Q,CRFF75WH,CRFF75WH,3,27.00,2026-08-10 21:52:48,no
1219593,B&Q,12UK3P10A,12UK3P10A,1,17.15,2026-08-11 08:46:37,no
1219608,B&Q,LSLT360OR+RPR44WH,LSLT360OR+RPR44WH,2,27.98,2026-08-11 09:21:58,no
1219622,B&Q,24IP6720,24IP6720,1,9.00,2026-08-11 09:43:17,no
1219627,B&Q,CERU72450BL,CERU72450BL,1,9.00,2026-08-11 10:01:17,no
1219634,B&Q,BSFCDRSIBL,BSFCDRSIBL,1,21.99,2026-08-11 10:06:24,no
1219681,B&Q,CRSF100BM+LHLFE275BM+LSDO300CB,CRSF100BM+LHLFE275BM+LSDO300CB,2,39.40,2026-08-11 11:36:18,no
1219682,B&Q,STMT4845WH2PK,STMT4845WH2PK,1,10.15,2026-08-11 11:39:16,no
1219686,B&Q,CRFF108BM2PK+LHTKE27BA2PK+LDDMST64E2742PK,CRFF108BM2PK+LHTKE27BA2PK+LDDMST64E2742PK,1,26.89,2026-08-11 11:52:38,no
1219687,B&Q,CRFF100SN2PK+LHNSE27SN2PK,CRFF100SN2PK+LHNSE27SN2PK,1,24.65,2026-08-11 11:52:38,no
1219708,B&Q,LSCY290GY+RPR44WH,LSCY290GY+RPR44WH,1,12.99,2026-08-11 12:02:39,no
1219734,B&Q,LDMG95E2743PK,LDMG95E2743PK,1,9.00,2026-08-11 12:48:54,no
1219746,B&Q,LSLT360WH+RPR44WH,LSLT360WH+RPR44WH,2,28.42,2026-08-11 13:17:00,no
1219837,B&Q,LHSWPBB22GD,LHSWPBB22GD,1,9.18,2026-08-11 15:17:21,no
1219847,B&Q,STFG4845WH,STFG4845WH,1,9.00,2026-08-11 15:41:59,no
1219848,B&Q,CRFF500BM+PHNW1RBC3PK,CRFF500BM+PHNW1RBC3PK,1,26.49,2026-08-11 15:50:02,no
1219862,B&Q,CL3TGL5PK,CL3TGL5PK,1,12.47,2026-08-11 15:54:37,no
1219889,B&Q,LSCY290GB+RPR44WH,LSCY290GB+RPR44WH,1,15.59,2026-08-11 16:28:32,no
1219890,B&Q,LHPVHRE27WH,LHPVHRE27WH,2,18.00,2026-08-11 16:41:42,no
1219891,B&Q,LSGL12010AR2PK+RPM40WH2PK,LSGL12010AR2PK+RPM40WH2PK,1,12.89,2026-08-11 16:46:54,no
1219898,B&Q,CRSF100CH2PK+PHTT1PCRCH2PK,CRSF100CH2PK+PHTT1PCRCH2PK,1,21.77,2026-08-11 16:55:25,no
1219899,B&Q,PSOS4BMTHE+ICST64E27,PSOS4BMTHE+ICST64E27,1,15.89,2026-08-11 16:57:40,no
1219946,B&Q,BSFCDRWHPI,BSFCDRWHPI,1,22.99,2026-08-11 18:19:24,no
1219961,B&Q,LSCY290DNB+RPR44WH,LSCY290DNB+RPR44WH,1,15.89,2026-08-11 18:29:23,no
1219962,B&Q,PHSF2BMRBY+SPSDP2BM+ICST64E27,PHSF2BMRBY+SPSDP2BM+ICST64E27,1,19.75,2026-08-11 18:40:42,no
1219963,B&Q,CRSF1203WH+PHTT1PWRGG3PK+LDMG95E2743PK+SPUPWH3PK+RWWD6PK+RWWP6PK,CRSF1203WH+PHTT1PWRGG3PK+LDMG95E2743PK+SPUPWH3PK+RWWD6PK+RWWP6PK,1,39.59,2026-08-11 18:48:57,no
1220029,B&Q,LDCWGU1076PK,LDCWGU1076PK,1,14.29,2026-08-11 20:59:54,no
1220064,B&Q,RWWPSY10GY2PK,RWWPSY10GY2PK,1,9.00,2026-08-11 21:55:39,no
1220087,B&Q,LSCY210BS+RPR44WH,LSCY210BS+RPR44WH,2,23.38,2026-08-11 22:24:34,no
1220088,B&Q,LDCWGU1056PK,LDCWGU1056PK,1,13.49,2026-08-11 22:39:18,no
1220089,B&Q,LDMG95E2743PK,LDMG95E2743PK,1,9.00,2026-08-11 22:48:13,no
1220096,B&Q,CRFF140GB+PHAH2RGBGD+SPSDP2YB+CBFF140BM,CRFF140GB+PHAH2RGBGD+SPSDP2YB+CBFF140BM,1,16.82,2026-08-11 23:01:58,no
1220108,B&Q,12UK3P1A,12UK3P1A,1,9.00,2026-08-11 23:41:41,no
1220117,B&Q,LSGLFP245GR+RPM40WH,LSGLFP245GR+RPM40WH,1,17.89,2026-08-12 00:42:56,no
1220176,B&Q,CRFF100BM+LHNSE27BM,CRFF100BM+LHNSE27BM,1,12.50,2026-08-12 07:39:34,no
1220177,B&Q,PHSF2BMRBM2PK+SPSDP2BM2PK,PHSF2BMRBM2PK+SPSDP2BM2PK,2,65.76,2026-08-12 07:42:42,no
1220202,B&Q,CRFF100CH2PK+LHNSE27CH2PK,CRFF100CH2PK+LHNSE27CH2PK,1,24.65,2026-08-12 08:58:35,no
1220203,B&Q,LDMG95B2282PK,LDMG95B2282PK,1,17.37,2026-08-12 09:02:15,no
1220233,B&Q,CRSF100BC+PHHF1PBRBC+LSWD360BC+ICST64E27,CRSF100BC+PHHF1PBRBC+LSWD360BC+ICST64E27,1,24.89,2026-08-12 09:28:00,no
1220302,B&Q,STFG4845WH,STFG4845WH,1,9.00,2026-08-12 11:51:09,no
1220305,B&Q,CRSF100WH+PHCH1PWRSWH+LSCY290BU,CRSF100WH+PHCH1PWRSWH+LSCY290BU,1,19.24,2026-08-12 11:58:36,no
1220340,B&Q,LSFT220BC+RPR44WH,LSFT220BC+RPR44WH,1,11.56,2026-08-12 12:24:45,no
1220352,B&Q,LDCWA60HB2276PK,LDCWA60HB2276PK,1,16.29,2026-08-12 12:52:35,no
1220360,B&Q,STBFT50M48EWH3PK,STBFT50M48EWH3PK,1,9.00,2026-08-12 13:14:00,no
1220381,B&Q,TSTS50WH,TSTS50WH,1,9.00,2026-08-12 13:51:03,no
1220411,B&Q,LSFT220CO+RPR44WH,LSFT220CO+RPR44WH,1,10.26,2026-08-12 14:28:59,no
1220412,B&Q,CRSF100BM+LHTTE27BM+LDMA60E274WW,CRSF100BM+LHTTE27BM+LDMA60E274WW,1,13.76,2026-08-12 14:45:38,no
1220441,B&Q,LDMG125B2282PK,LDMG125B2282PK,2,27.48,2026-08-12 15:20:00,no
1220458,B&Q,CRSF100SN2PK+LHNSE27SN2PK+SCRN70BM2PK+LSTF40SN2PK+ICST64E272PK,CRSF100SN2PK+LHNSE27SN2PK+SCRN70BM2PK+LSTF40SN2PK+ICST64E272PK,1,33.69,2026-08-12 15:39:24,no
1220462,B&Q,PHSF2GDTFG,PHSF2GDTFG,1,13.89,2026-08-12 16:00:19,no
1220525,B&Q,TSSTYF8022BK,TSSTYF8022BK,1,38.89,2026-08-12 17:45:04,no
1220563,B&Q,12UK3P2A,12UK3P2A,1,9.49,2026-08-12 19:16:39,no
1220610,B&Q,CERU36300GR,CERU36300GR,2,9.49,2026-08-12 20:35:44,no
1220624,B&Q,LDCWGU1076PK,LDCWGU1076PK,2,28.58,2026-08-12 21:22:36,no
1220652,B&Q,LDMG80B224,LDMG80B224,1,9.00,2026-08-12 21:26:58,no
1220653,B&Q,RWWPSY10GY2PK,RWWPSY10GY2PK,1,9.00,2026-08-12 21:31:19,no
1220654,B&Q,LSHM300HE2PK+RPR44WH2PK,LSHM300HE2PK+RPR44WH2PK,1,44.89,2026-08-12 21:34:45,no
1220668,B&Q,LDMG95B2243PK,LDMG95B2243PK,1,19.19,2026-08-12 22:20:39,no
1220679,B&Q,RWT6100YE,RWT6100YE,1,12.59,2026-08-12 22:36:39,no
1220747,B&Q,TPFC300BG+RPR44WH+LDCWB229,TPFC300BG+RPR44WH+LDCWB229,1,16.39,2026-08-13 07:11:15,no
1220789,B&Q,TSLCQA20WH3PK+TSWGQBRE2PK,TSLCQA20WH3PK+TSWGQBRE2PK,1,19.99,2026-08-13 09:29:35,no
1220889,B&Q,CRSF1202YB,CRSF1202YB,1,9.00,2026-08-13 12:12:00,no
1220904,B&Q,RWT6100YE,RWT6100YE,1,12.59,2026-08-13 12:45:43,no
1220909,B&Q,TSTLRUMRB+TSWGQBRE+TSLTRE,TSTLRUMRB+TSWGQBRE+TSLTRE,1,17.26,2026-08-13 13:00:17,no
1220940,B&Q,LDCWGU1076PK,LDCWGU1076PK,1,14.29,2026-08-13 13:24:44,no
1220941,B&Q,12UK3P5A,12UK3P5A,1,15.49,2026-08-13 13:28:39,no
1220942,B&Q,CRSF2003BM+LHLAE2710BBM+LHLAE2715BBM+LHLAE275BBM,CRSF2003BM+LHLAE2710BBM+LHLAE2715BBM+LHLAE275BBM,1,18.71,2026-08-13 13:45:08,no
1220945,B&Q,TSSTYF8022BK,TSSTYF8022BK,1,38.89,2026-08-13 13:54:47,no
1220998,B&Q,STFG4845WH,STFG4845WH,1,9.00,2026-08-13 15:02:05,no
1221026,B&Q,CRFF140GL+LHNSE27YB+SCRN70BM+LSDO210BC+CBFF140BM,CRFF140GL+LHNSE27YB+SCRN70BM+LSDO210BC+CBFF140BM,1,17.49,2026-08-13 16:06:56,no
1221027,B&Q,HBL5ZPLGY,HBL5ZPLGY,1,19.99,2026-08-13 16:18:30,no
1221048,B&Q,TSLCQA20WH3PK+TSWGQBRE2PK,TSLCQA20WH3PK+TSWGQBRE2PK,1,19.99,2026-08-13 16:37:44,no
1221077,B&Q,12UK3P5A,12UK3P5A,1,15.49,2026-08-13 17:39:16,no
1221078,B&Q,LDCWGU1036PK,LDCWGU1036PK,1,12.29,2026-08-13 17:43:59,no
1221084,B&Q,RWT560YE,RWT560YE,2,18.00,2026-08-13 17:57:08,no
1221113,B&Q,RWWPSY1050YE,RWWPSY1050YE,1,9.00,2026-08-13 18:40:45,no
1221114,B&Q,WCCYROGD2PK+LDMT45E2742PK,WCCYROGD2PK+LDMT45E2742PK,1,57.49,2026-08-13 18:45:58,no
1221125,B&Q,PHSF1PBR40WH2PK+LSBS160BM2PK,PHSF1PBR40WH2PK+LSBS160BM2PK,4,126.68,2026-08-13 19:10:20,no
1221168,B&Q,LDMG95E2745PK,LDMG95E2745PK,1,18.92,2026-08-13 20:47:15,no
1221205,B&Q,CRSF1205BM+CO532AGY3PK+SCRN70YB3PK+LSCY290BM+LSDM220RO+LSFT220YB+LSUL220BC+WCSLBM+ICST64E275PK+PHFMHT2BRBM5PK,CRSF1205BM+CO532AGY3PK+SCRN70YB3PK+LSCY290BM+LSDM220RO+LSFT220YB+LSUL220BC+WCSLBM+ICST64E275PK+PHFMHT2BRBM5PK,1,85.07,2026-08-13 21:27:45,no
1221206,B&Q,WLFS220BM,WLFS220BM,2,37.42,2026-08-13 21:37:57,no
1221218,B&Q,PHSF1BRRCO,PHSF1BRRCO,2,25.72,2026-08-13 22:00:20,no
1221219,B&Q,LSHQ150GR+RPR44WH,LSHQ150GR+RPR44WH,2,20.64,2026-08-13 22:00:20,no
1221232,B&Q,PSDS4BMRGD,PSDS4BMRGD,1,13.07,2026-08-13 22:15:00,no
1221233,B&Q,PSDS4BMRBU,PSDS4BMRBU,1,13.07,2026-08-13 22:15:00,no
1221240,B&Q,CRSF100BM+WSLF270E27BM,CRSF100BM+WSLF270E27BM,1,10.52,2026-08-13 22:29:17,no
1221251,B&Q,CRSF120YB+WSUSHE27YB+LSGLSC1508CL,CRSF120YB+WSUSHE27YB+LSGLSC1508CL,1,34.99,2026-08-13 23:40:43,no
1221256,B&Q,WCB7BM+RPR44WH,WCB7BM+RPR44WH,1,9.00,2026-08-14 00:40:38,no
1221275,B&Q,RPR44WHAPK,RPR44WHAPK,1,14.19,2026-08-14 03:08:01,no
1221395,B&Q,RWWPSY0660YE2PK,RWWPSY0660YE2PK,1,9.00,2026-08-14 09:56:04,no
1221414,B&Q,CRSF100BM+LHTTE27BM,CRSF100BM+LHTTE27BM,1,10.79,2026-08-14 10:20:27,no
1221426,B&Q,CRFF108BY2PK+LHNSE27BY2PK+LSDO300WH2PK+LDMST64E2742PK,CRFF108BY2PK+LHNSE27BY2PK+LSDO300WH2PK+LDMST64E2742PK,1,36.71,2026-08-14 10:24:18,no
1221427,B&Q,WCB7RR+RPR44WH,WCB7RR+RPR44WH,1,9.61,2026-08-14 10:34:59,no
1221428,B&Q,LDMG95B2285PK,LDMG95B2285PK,1,36.78,2026-08-14 10:49:40,no
1221429,B&Q,CRSF108WH,CRSF108WH,2,18.00,2026-08-14 10:50:09,no
1221440,B&Q,PSDS2BMRRE,PSDS2BMRRE,1,13.19,2026-08-14 11:07:07,no
1221441,B&Q,CRSF100YB+PHHA1PBRYB,CRSF100YB+PHHA1PBRYB,2,31.78,2026-08-14 11:19:56,no
1221442,B&Q,CRSF100GB+WSLS155GB+SCRN70GB+LSTF40GB,CRSF100GB+WSLS155GB+SCRN70GB+LSTF40GB,1,20.89,2026-08-14 11:19:56,no
1221450,B&Q,RWT3550YE,RWT3550YE,1,9.00,2026-08-14 11:27:59,no
1221451,B&Q,RWWPSY1080YE2PK,RWWPSY1080YE2PK,1,16.89,2026-08-14 11:41:59,no
1221501,B&Q,LHC5E27WH,LHC5E27WH,1,10.35,2026-08-14 12:33:47,no
1221508,B&Q,LSGLBP120BM2PK,LSGLBP120BM2PK,1,18.03,2026-08-14 12:58:04,no
1221543,B&Q,CRFF105CH,CRFF105CH,1,9.00,2026-08-14 13:52:59,no
1221554,B&Q,RWWPSY1050YE,RWWPSY1050YE,1,9.00,2026-08-14 14:09:40,no
1221571,B&Q,RWWPSYAE50WH,RWWPSYAE50WH,1,9.00,2026-08-14 14:52:06,no
1221602,B&Q,CCBKNWE72PK,CCBKNWE72PK,1,9.99,2026-08-14 15:36:58,no
1221665,B&Q,CRFF105GB,CRFF105GB,1,9.00,2026-08-14 17:38:27,no
1221699,B&Q,WCFRBM,WCFRBM,1,20.89,2026-08-14 18:25:36,no
1221700,B&Q,12UK3P1A,12UK3P1A,1,9.00,2026-08-14 18:31:55,no
1221701,B&Q,CRFF140GL+LHNSE27YB+SCRN70BM+LSDO210BC+ICST64E27+CBFF140BM,CRFF140GL+LHNSE27YB+SCRN70BM+LSDO210BC+ICST64E27+CBFF140BM,1,24.09,2026-08-14 18:39:22,no
1221726,B&Q,RWT590YE,RWT590YE,1,9.00,2026-08-14 19:29:41,no
1221727,B&Q,RWWPSY1050YE,RWWPSY1050YE,1,9.00,2026-08-14 19:32:42,no
1221776,B&Q,LDWWE27152PK,LDWWE27152PK,2,27.48,2026-08-14 22:00:57,no
1221795,B&Q,RWWPSY08120YE,RWWPSY08120YE,1,9.00,2026-08-14 22:38:42,no
1221847,B&Q,LDMG95E2743PK,LDMG95E2743PK,1,9.00,2026-08-15 05:19:07,no
1221848,B&Q,CL2TWH5PK,CL2TWH5PK,1,10.49,2026-08-15 05:22:45,no
1221868,B&Q,WSFH1BMYB2PK+PSDS2BPB2PK+SCRN70BM2PK+LSFT220BC2PK,WSFH1BMYB2PK+PSDS2BPB2PK+SCRN70BM2PK+LSFT220BC2PK,1,44.87,2026-08-15 07:38:52,no
1221889,B&Q,PHUH0.5HETBM,PHUH0.5HETBM,1,9.00,2026-08-15 08:25:21,no
1221890,B&Q,WCCYSP160GD,WCCYSP160GD,3,27.66,2026-08-15 08:47:01,no
1221977,B&Q,CRSF2003BM+PHSH1PBRYB3PK+LSGL100145BL+LSGL10014AR+LSGL10014CL,CRSF2003BM+PHSH1PBRYB3PK+LSGL100145BL+LSGL10014AR+LSGL10014CL,1,38.79,2026-08-15 11:24:02,no
1221978,B&Q,RWWPSY0660YE,RWWPSY0660YE,1,9.00,2026-08-15 11:31:01,no
1222016,B&Q,TSLCQA25WH3PK+TSWGQBRE2PK,TSLCQA25WH3PK+TSWGQBRE2PK,1,19.99,2026-08-15 13:01:01,no
1222042,B&Q,LDCWGU1036PK,LDCWGU1036PK,1,12.29,2026-08-15 13:26:06,no
1222077,B&Q,LHXSHE27WH2PK,LHXSHE27WH2PK,1,15.89,2026-08-15 14:45:41,no
1222096,B&Q,LSGL1275CL3PK+RPM40WH3PK,LSGL1275CL3PK+RPM40WH3PK,1,22.89,2026-08-15 15:18:21,no
1222203,B&Q,CRSF100CO+PHCHPBRCO,CRSF100CO+PHCHPBRCO,2,28.58,2026-08-15 17:25:24,no
1222212,B&Q,WCVCWH2PK+RPR44WH2PK,WCVCWH2PK+RPR44WH2PK,1,17.48,2026-08-15 17:59:02,no
1222221,B&Q,RWWPSYAE50WH,RWWPSYAE50WH,1,9.00,2026-08-15 18:16:42,no
1222234,B&Q,LDMG95B224,LDMG95B224,2,18.00,2026-08-15 18:46:44,no
1222235,B&Q,TSLCQA20WH3PK+TSWGQBRE2PK,TSLCQA20WH3PK+TSWGQBRE2PK,1,19.99,2026-08-15 18:47:08,no
1222246,B&Q,CRSF2003BM+PHSH1PBRYB3PK+LSGL100145BL+LSGL10014AR+LSGL10014CL,CRSF2003BM+PHSH1PBRYB3PK+LSGL100145BL+LSGL10014AR+LSGL10014CL,1,38.79,2026-08-15 18:57:24,no
1222261,B&Q,PSOS4BMTHE+ICST64E27,PSOS4BMTHE+ICST64E27,1,20.44,2026-08-15 19:28:03,no
1222262,B&Q,WCVCBS+RPR44WH,WCVCBS+RPR44WH,2,20.56,2026-08-15 19:46:05,no
1222276,B&Q,PHSF1BWRSN,PHSF1BWRSN,4,41.08,2026-08-15 20:00:46,no
1222277,B&Q,CRFF500BM+PHNW1RBC3PK,CRFF500BM+PHNW1RBC3PK,1,26.49,2026-08-15 20:09:09,no
1222278,B&Q,CRSF100BM+SPWRBM+SCRN70BC+LSWD360BC+PHFMSH2BRYB,CRSF100BM+SPWRBM+SCRN70BC+LSWD360BC+PHFMSH2BRYB,1,38.49,2026-08-15 20:23:02,no
1222305,B&Q,WLWOFTBM2PK,WLWOFTBM2PK,2,28.70,2026-08-15 21:16:22,no
1222306,B&Q,CRSF100CO+WSNW170CO+SCRN70CO+LSTF40CO,CRSF100CO+WSNW170CO+SCRN70CO+LSTF40CO,3,59.10,2026-08-15 21:16:22,no
1222314,B&Q,LDMST64E2783PK,LDMST64E2783PK,1,12.47,2026-08-15 21:34:45,no
1222317,B&Q,CRSF2003BM+PHSH1PBRYB3PK+LSGL100145BL+LSGL10014AR+LSGL10014CL,CRSF2003BM+PHSH1PBRYB3PK+LSGL100145BL+LSGL10014AR+LSGL10014CL,1,38.79,2026-08-15 21:57:11,no
1222337,B&Q,LSGL1275CL2PK+RPM40WH2PK,LSGL1275CL2PK+RPM40WH2PK,1,13.89,2026-08-15 22:44:07,no
1222346,B&Q,CRFF140GL+LHNSE27YB+SCRN70BM+LSUL220BB+LDMST64E274+CBFF140BM,CRFF140GL+LHNSE27YB+SCRN70BM+LSUL220BB+LDMST64E274+CBFF140BM,1,22.69,2026-08-15 23:24:25,no
1222432,B&Q,LSCY290BG+RPR44WH,LSCY290BG+RPR44WH,1,14.95,2026-08-16 07:43:41,no
1222445,B&Q,LSMS320BI+RPR44WH,LSMS320BI+RPR44WH,1,14.29,2026-08-16 08:18:08,no
1222468,B&Q,LDCWGU1076PK,LDCWGU1076PK,1,14.29,2026-08-16 09:25:02,no
1222469,B&Q,PHUH0.5HETBM,PHUH0.5HETBM,1,9.00,2026-08-16 09:33:29,no
1222512,B&Q,PHSF1AGTGB3PK,PHSF1AGTGB3PK,2,50.36,2026-08-16 10:29:10,no
1222513,B&Q,LDMG95E2743PK,LDMG95E2743PK,2,18.00,2026-08-16 10:33:28,no
1222518,B&Q,LSGL1275CL2PK+RPM40WH2PK,LSGL1275CL2PK+RPM40WH2PK,1,13.89,2026-08-16 10:59:09,no
1222556,B&Q,PHSF1BMTBM,PHSF1BMTBM,4,39.72,2026-08-16 11:39:08,no
1222593,B&Q,PLWEBC+PHHT1PBRBC+WCBNBC,PLWEBC+PHHT1PBRBC+WCBNBC,1,28.39,2026-08-16 12:30:10,no
1222613,B&Q,PLWLBC+LDMST64E274,PLWLBC+LDMST64E274,4,84.92,2026-08-16 13:10:30,no
1222640,B&Q,CRFF140FG+WSFSFG+ICST64E27+CBFF140BM,CRFF140FG+WSFSFG+ICST64E27+CBFF140BM,3,34.53,2026-08-16 13:26:00,no
1222641,B&Q,WCCYROGD2PK+LDMT45E2742PK,WCCYROGD2PK+LDMT45E2742PK,1,57.49,2026-08-16 13:47:51,no
1222683,B&Q,LSFT220GB+RPR44WH,LSFT220GB+RPR44WH,1,10.26,2026-08-16 14:37:05,no
1222684,B&Q,LHPVHRE27WH,LHPVHRE27WH,1,9.00,2026-08-16 14:40:42,no
1222685,B&Q,CL3RIV5PK,CL3RIV5PK,1,12.86,2026-08-16 14:41:44,no
1222726,B&Q,LDMST64B228,LDMST64B228,1,9.00,2026-08-16 15:15:47,no
1222727,B&Q,CSBEB9AG+CSBEB9NB,CSBEB9AG+CSBEB9NB,1,10.89,2026-08-16 15:36:26,no
1222728,B&Q,CRSF100WH2PK+PHTT1PWRWH2PK,CRSF100WH2PK+PHTT1PWRWH2PK,1,26.17,2026-08-16 15:45:25,no
1222738,B&Q,PHSF2BWTSN,PHSF2BWTSN,1,12.47,2026-08-16 15:58:06,no
1222774,B&Q,RWWPSYAE25WH,RWWPSYAE25WH,1,9.00,2026-08-16 16:24:03,no
1222842,B&Q,LSGL12010AR2PK+RPM40WH2PK,LSGL12010AR2PK+RPM40WH2PK,1,12.89,2026-08-16 17:22:43,no
1222843,B&Q,LDCWGU1056PK,LDCWGU1056PK,1,13.49,2026-08-16 17:40:28,no
1222844,B&Q,PHUH1HETBM2PK+LSHM300HE2PK,PHUH1HETBM2PK+LSHM300HE2PK,1,60.89,2026-08-16 17:50:46,no
1222845,B&Q,LDMT45E2742PK,LDMT45E2742PK,1,13.74,2026-08-16 17:50:46,no
1222880,B&Q,PHSF1BMRBY,PHSF1BMRBY,1,9.89,2026-08-16 18:31:24,no
1222932,B&Q,RWWPSY0680YE2PK,RWWPSY0680YE2PK,1,9.00,2026-08-16 19:49:23,no
1222975,B&Q,HBL5ZPLGY,HBL5ZPLGY,1,19.99,2026-08-16 20:28:30,no
1222976,B&Q,PHSF1BMRBM,PHSF1BMRBM,2,21.77,2026-08-16 20:32:27,no
1222977,B&Q,PHUH0.5HETBM,PHUH0.5HETBM,1,9.00,2026-08-16 20:46:23,no
1222993,B&Q,TSLCQA20WH3PK+TSWGQBRE2PK,TSLCQA20WH3PK+TSWGQBRE2PK,1,19.99,2026-08-16 21:16:40,no
1223030,B&Q,CRFF140YB+PHAH2RYBGD+SPSDP2YB+LDMST64E274+CBFF140BM,CRFF140YB+PHAH2RYBGD+SPSDP2YB+LDMST64E274+CBFF140BM,1,15.14,2026-08-16 22:04:06,no
1223031,B&Q,CRFF140BM+WSFSBA+ICST64E27,CRFF140BM+WSFSBA+ICST64E27,1,13.52,2026-08-16 22:20:28,no
1223176,B&Q,STFG4845WH,STFG4845WH,1,9.00,2026-08-17 09:22:29,no
1223177,B&Q,BSFCDRWHPI,BSFCDRWHPI,1,22.99,2026-08-17 09:22:44,no
1223239,B&Q,CRSF100BM+LHNSE27YB+SCRN70BM+LSFT220BC+ICST64E27,CRSF100BM+LHNSE27YB+SCRN70BM+LSFT220BC+ICST64E27,1,19.68,2026-08-17 10:29:43,no
1223242,B&Q,LDMG95E2743PK,LDMG95E2743PK,1,9.00,2026-08-17 11:01:05,no
1223289,B&Q,CRSF100BM+LHNSE27YB+SCRN70YB+LSFT220BL+LDMST64E278,CRSF100BM+LHNSE27YB+SCRN70YB+LSFT220BL+LDMST64E278,1,19.68,2026-08-17 12:16:31,no
1223309,B&Q,LLSQ24W2PK,LLSQ24W2PK,1,11.99,2026-08-17 12:44:51,no
1223310,B&Q,LDCWGU1036PK,LDCWGU1036PK,1,12.29,2026-08-17 12:45:08,no
1223343,B&Q,LDMG95E2782PK,LDMG95E2782PK,1,10.35,2026-08-17 13:23:29,no
1223359,B&Q,CRFF100YB+LHNSE27YB+ICST64E27,CRFF100YB+LHNSE27YB+ICST64E27,1,18.69,2026-08-17 13:50:01,no
1223365,B&Q,PLHNBM+ICST64E27,PLHNBM+ICST64E27,1,20.06,2026-08-17 13:58:45,no
1223366,B&Q,LSCY290CH+RPR44WH,LSCY290CH+RPR44WH,1,13.25,2026-08-17 14:00:53,no
1223385,B&Q,12UK3P10A,12UK3P10A,3,51.45,2026-08-17 14:12:06,no
1223410,B&Q,LSGLFP245PU+RPM40WH,LSGLFP245PU+RPM40WH,1,17.89,2026-08-17 14:36:50,no
1223442,B&Q,CRSF2003BM+PHSH1PBRYB3PK+SCRN70BM3PK+LSGL14013AR+LSGLST150AR+LSGLWA140AR,CRSF2003BM+PHSH1PBRYB3PK+SCRN70BM3PK+LSGL14013AR+LSGLST150AR+LSGLWA140AR,1,52.54,2026-08-17 15:24:05,no
1223443,B&Q,SPWL43BM2PK,SPWL43BM2PK,1,14.89,2026-08-17 15:40:06,no
1223444,B&Q,SPSDP3BM2PK,SPSDP3BM2PK,1,9.00,2026-08-17 15:40:06,no
1223515,B&Q,CRFF5004BM+WCRN3CBM4PK,CRFF5004BM+WCRN3CBM4PK,1,47.89,2026-08-17 17:20:02,no
1223536,B&Q,CRFF140YB+WSNW170YB+LSOL220YB+ICST64E27+CBFF140BM,CRFF140YB+WSNW170YB+LSOL220YB+ICST64E27+CBFF140BM,1,20.01,2026-08-17 17:52:49,no
1223548,B&Q,LDMG125B2282PK,LDMG125B2282PK,1,13.74,2026-08-17 18:07:08,no
1223549,B&Q,CRSF100BM+PHNW1RRR,CRSF100BM+PHNW1RRR,3,41.67,2026-08-17 18:07:48,no
1223550,B&Q,LDMT45E2742PK,LDMT45E2742PK,2,27.48,2026-08-17 18:09:03,no
1223581,B&Q,CRFF100SN+LHNSE27SN+ICST64E27,CRFF100SN+LHNSE27SN+ICST64E27,1,16.73,2026-08-17 18:24:45,no
1223582,B&Q,CCBKNWE36,CCBKNWE36,1,10.00,2026-08-17 18:31:44,no
1223583,B&Q,LHSWPBB22GD,LHSWPBB22GD,1,9.18,2026-08-17 18:36:07,no
1223587,B&Q,LSCY210BC+RPR44WH,LSCY210BC+RPR44WH,1,11.69,2026-08-17 18:59:42,no
1223635,B&Q,CRSF2003BM+PHNW1RBM3PK+ICST64E273PK,CRSF2003BM+PHNW1RBM3PK+ICST64E273PK,2,63.58,2026-08-17 19:52:03,no
1223636,B&Q,LHSWPBB22GD,LHSWPBB22GD,1,9.18,2026-08-17 19:54:27,no
1223651,B&Q,LSFT220BC+RPR44WH,LSFT220BC+RPR44WH,2,23.12,2026-08-17 20:02:08,no
1223652,B&Q,CRFF100GB2PK+LHNSE27GB2PK,CRFF100GB2PK+LHNSE27GB2PK,1,24.65,2026-08-17 20:13:24,no
1223653,B&Q,CRFF100GB+LHNSE27GB,CRFF100GB+LHNSE27GB,1,13.76,2026-08-17 20:13:24,no
1223702,B&Q,STFG4845WH,STFG4845WH,1,9.00,2026-08-17 21:22:11,no
1223736,B&Q,PLADBM+ICST64E273PK,PLADBM+ICST64E273PK,2,116.32,2026-08-17 21:54:51,no
1223748,B&Q,TSTLRUSRB,TSTLRUSRB,1,10.35,2026-08-17 22:11:24,no
1223788,B&Q,LDMT45E2742PK,LDMT45E2742PK,1,13.74,2026-08-17 23:22:05,no
1223789,B&Q,PSDS2BMRRE,PSDS2BMRRE,1,13.19,2026-08-17 23:22:05,no
1223799,B&Q,CRFF500BM+PHRI1PBRYB3PK+LSFT220BM3PK+ICST64E273PK,CRFF500BM+PHRI1PBRYB3PK+LSFT220BM3PK+ICST64E273PK,1,26.99,2026-08-17 23:25:12,no
1223800,B&Q,CRSF100WH+PHRY2PCROR,CRSF100WH+PHRY2PCROR,1,12.16,2026-08-17 23:36:09,no
1223875,B&Q,LDMST64B228,LDMST64B228,2,18.00,2026-08-18 07:21:52,no
1223957,B&Q,CRFF100BM+LHNSE27BM+ICST64E27,CRFF100BM+LHNSE27BM+ICST64E27,1,16.73,2026-08-18 09:44:50,no
1223971,B&Q,LDWWE2715,LDWWE2715,1,9.00,2026-08-18 10:05:29,no
1224052,B&Q,CRSF2003BM+PHSH1PBRYB3PK+LSGL100145BL+LSGL10014AR+LSGL10014CL,CRSF2003BM+PHSH1PBRYB3PK+LSGL100145BL+LSGL10014AR+LSGL10014CL,1,38.79,2026-08-18 11:58:31,no
1224062,B&Q,TSTLRUMRB,TSTLRUMRB,2,18.00,2026-08-18 12:22:02,no
1224129,B&Q,SPSD88SN5PK,SPSD88SN5PK,1,16.89,2026-08-18 13:56:52,no
1224151,B&Q,RWWPSYAE25WH,RWWPSYAE25WH,1,9.00,2026-08-18 14:45:08,no
1224152,B&Q,RWHX08BGGY,RWHX08BGGY,1,10.09,2026-08-18 14:45:08,no
1224175,B&Q,CRFF500BM+PHNW1RBC3PK,CRFF500BM+PHNW1RBC3PK,1,26.49,2026-08-18 15:08:53,no
1224188,B&Q,CRFF500BM+PHNW1RBC3PK,CRFF500BM+PHNW1RBC3PK,1,26.49,2026-08-18 15:24:26,no
1224189,B&Q,LDMST64E274,LDMST64E274,5,45.00,2026-08-18 15:32:33,no
1224197,B&Q,WSFH1BMYB+PSDS2RGR+SCRN70BM+LSFT220GR+ICST64E27,WSFH1BMYB+PSDS2RGR+SCRN70BM+LSFT220GR+ICST64E27,1,23.49,2026-08-18 15:57:22,no
1224281,B&Q,LHXCCE27WH3PK,LHXCCE27WH3PK,1,10.29,2026-08-18 17:38:31,no
1224308,B&Q,CRSF100BS+PHNW1RBS,CRSF100BS+PHNW1RBS,1,16.49,2026-08-18 18:16:43,no
1224309,B&Q,WLWOFTBM2PK,WLWOFTBM2PK,1,16.49,2026-08-18 18:20:45,no
1224310,B&Q,CRFF500BM+PHNW1RRR3PK,CRFF500BM+PHNW1RRR3PK,1,26.49,2026-08-18 18:20:45,no
1224319,B&Q,CRFF140GL+WSWH135BM+LSDO210GR+ICST64E27+CBFF140BM,CRFF140GL+WSWH135BM+LSDO210GR+ICST64E27+CBFF140BM,2,43.74,2026-08-18 18:35:28,no
1224364,B&Q,12IP6736,12IP6736,2,18.46,2026-08-18 19:29:10,no
1224372,B&Q,RWWPSY0860YE2PK,RWWPSY0860YE2PK,1,9.00,2026-08-18 19:54:33,no
1224411,B&Q,CRFF100BM2PK+LHNSE27YB2PK+SCRN70BM2PK+LSOL180BG2PK+ICST64E272PK,CRFF100BM2PK+LHNSE27YB2PK+SCRN70BM2PK+LSOL180BG2PK+ICST64E272PK,2,59.58,2026-08-18 20:29:29,no
1224412,B&Q,CRSF100BM+LHNSE27YB+SCRN70YB+LSFT220BI,CRSF100BM+LHNSE27YB+SCRN70YB+LSFT220BI,1,18.32,2026-08-18 20:41:45,no
1224432,B&Q,LSMS320BI2PK+RPR44WH2PK,LSMS320BI2PK+RPR44WH2PK,1,23.39,2026-08-18 21:09:09,no
1224433,B&Q,CRFF100GB+LHNSE27GB,CRFF100GB+LHNSE27GB,3,41.28,2026-08-18 21:13:04,no
1224434,B&Q,WJB35PK,WJB35PK,1,25.00,2026-08-18 21:21:12,no
1224452,B&Q,RWWPSY10120YE,RWWPSY10120YE,1,10.35,2026-08-18 21:24:46,no
1224453,B&Q,LDMT45E2742PK,LDMT45E2742PK,2,27.48,2026-08-18 21:27:45,no
1224454,B&Q,RWWPSY1060YE2PK,RWWPSY1060YE2PK,1,16.29,2026-08-18 21:45:05,no
1224530,B&Q,LDMG95B2282PK,LDMG95B2282PK,1,17.37,2026-08-19 00:26:31,no
1224532,B&Q,LSCY290WH+RPR44WH,LSCY290WH+RPR44WH,1,12.99,2026-08-19 00:57:45,no
1224599,B&Q,LDWWE27152PK,LDWWE27152PK,1,13.74,2026-08-19 06:47:07,no
1224610,B&Q,CRSF100CH+PHCHPCRCH+LSMS320YE,CRSF100CH+PHCHPCRCH+LSMS320YE,1,20.93,2026-08-19 07:44:13,no
1224611,B&Q,WCCYSP180BM2PK+RPR44WH2PK,WCCYSP180BM2PK+RPR44WH2PK,1,24.07,2026-08-19 07:47:04,no
1224636,B&Q,LHXCCE27WH3PK,LHXCCE27WH3PK,1,10.29,2026-08-19 08:48:48,no
1224650,B&Q,CERU80300WH,CERU80300WH,2,18.00,2026-08-19 09:13:07,no
1224671,B&Q,WCCYSQGD,WCCYSQGD,1,19.19,2026-08-19 09:36:27,no
1224672,B&Q,CRFF100CH+LHNSE27CH,CRFF100CH+LHNSE27CH,2,27.52,2026-08-19 09:47:05,no
1224707,B&Q,LDMG95E2743PK,LDMG95E2743PK,1,9.00,2026-08-19 10:31:19,no
1224708,B&Q,LDMG125E2785PK,LDMG125E2785PK,1,32.83,2026-08-19 10:46:50,no
1224717,B&Q,LDCWGU1036PK,LDCWGU1036PK,1,14.29,2026-08-19 10:56:28,no
1224733,B&Q,CENU50300WH,CENU50300WH,1,7.29,2026-08-19 11:06:29,no
1224754,B&Q,LHCCE27BL,LHCCE27BL,1,9.00,2026-08-19 11:32:06,no
1224799,B&Q,LHSHE27SN2PK,LHSHE27SN2PK,1,11.97,2026-08-19 12:55:14,no
1224817,B&Q,RWWPSYAE25WH,RWWPSYAE25WH,1,9.00,2026-08-19 13:15:28,no
1224879,B&Q,TSSTYF8025LB,TSSTYF8025LB,3,116.67,2026-08-19 14:43:51,no
1224902,B&Q,LDMG95E2743PK,LDMG95E2743PK,1,9.00,2026-08-19 14:59:04,no
1224942,B&Q,PHSH1HETYB+LSCY290GY,PHSH1HETYB+LSCY290GY,1,25.89,2026-08-19 15:39:49,no
1224972,B&Q,PSOS4BMTHE+ICST64E27,PSOS4BMTHE+ICST64E27,1,20.44,2026-08-19 16:02:45,no
1224973,B&Q,LSSS300BI+RPR44WH,LSSS300BI+RPR44WH,1,14.99,2026-08-19 16:10:53,no
1224999,B&Q,RWWPSY10100YE,RWWPSY10100YE,1,9.00,2026-08-19 16:25:28,no
1225086,B&Q,RWGS1533WH,RWGS1533WH,1,9.00,2026-08-19 18:06:33,no
1225087,B&Q,CL2TBW5PK,CL2TBW5PK,1,11.95,2026-08-19 18:11:43,no
1225149,B&Q,CRSF1203BM+PHFMTT15BRBM3PK,CRSF1203BM+PHFMTT15BRBM3PK,1,27.16,2026-08-19 19:46:43,no
1225150,B&Q,PHSF2BRTCO,PHSF2BRTCO,1,15.07,2026-08-19 19:51:10,no
1225194,B&Q,WLFS220BM,WLFS220BM,2,37.42,2026-08-19 20:58:27,no
1225310,B&Q,LSSC315GY+SPCC320BM+RPR44WH,LSSC315GY+SPCC320BM+RPR44WH,1,25.89,2026-08-20 02:00:23,no
1225370,B&Q,LDCWGU1036PK,LDCWGU1036PK,1,14.29,2026-08-20 07:11:46,no
1225393,B&Q,CRFF105GB,CRFF105GB,1,9.00,2026-08-20 08:48:32,no
1225394,B&Q,CL3TGD5PK,CL3TGD5PK,1,12.47,2026-08-20 08:48:32,no
1225422,B&Q,CRFF108CO+LHTKE27CO+ICST64E27,CRFF108CO+LHTKE27CO+ICST64E27,2,30.94,2026-08-20 09:40:13,no
1225449,B&Q,RWWPSYBF25GY,RWWPSYBF25GY,1,9.00,2026-08-20 10:29:12,no
1225450,B&Q,CRSF100BM+LHNSE27BM+SCRN70BM+LSFT220SN,CRSF100BM+LHNSE27BM+SCRN70BM+LSFT220SN,2,37.18,2026-08-20 10:50:29,no
1225457,B&Q,CRFF105SN,CRFF105SN,1,9.00,2026-08-20 10:59:13,no
1225501,B&Q,LSGL9015CL3PK+RPM40WH3PK,LSGL9015CL3PK+RPM40WH3PK,1,22.89,2026-08-20 11:24:08,no
1225525,B&Q,WLYIHEBM+ICST64E27,WLYIHEBM+ICST64E27,4,79.56,2026-08-20 12:21:53,no
1225526,B&Q,PHDH1HETHE+ICST64E272PK,PHDH1HETHE+ICST64E272PK,2,49.78,2026-08-20 12:21:53,no
1225527,B&Q,CRFF500BM+PHNW1RRR3PK,CRFF500BM+PHNW1RRR3PK,1,26.49,2026-08-20 12:21:53,no
1225528,B&Q,CRSF100BC+PHNW1RBC,CRSF100BC+PHNW1RBC,1,16.49,2026-08-20 12:21:53,no
1225547,B&Q,LDCWGU1076PK,LDCWGU1076PK,2,32.58,2026-08-20 12:34:08,no
1225548,B&Q,LDWWE27152PK,LDWWE27152PK,1,13.74,2026-08-20 12:41:54,no
1225572,B&Q,RWT6100YE,RWT6100YE,1,12.59,2026-08-20 13:06:11,no
1225573,B&Q,CRSF2003YB+PHMU1PBRYB3PK+LSGLST1618AR3PK,CRSF2003YB+PHMU1PBRYB3PK+LSGLST1618AR3PK,2,169.98,2026-08-20 13:22:22,no
1225610,B&Q,LHSWPBB22SN,LHSWPBB22SN,2,18.36,2026-08-20 14:06:55,no
1225625,B&Q,PHUH1HETBM+LDEDG125E273,PHUH1HETBM+LDEDG125E273,6,101.94,2026-08-20 14:26:13,no
1225626,B&Q,RWWPSYBF50GY,RWWPSYBF50GY,1,9.00,2026-08-20 14:47:54,no
1225627,B&Q,RWT3550YE,RWT3550YE,1,9.00,2026-08-20 14:49:13,no
1225654,B&Q,CENU46450BM,CENU46450BM,1,7.69,2026-08-20 15:13:51,no
1225670,B&Q,12IP6760,12IP6760,1,20.99,2026-08-20 15:49:09,no
1225675,B&Q,PHWPPBRBL,PHWPPBRBL,1,63.89,2026-08-20 15:55:07,no
1225676,B&Q,LSCY290CB3PK+ICST64E273PK+PHCH1FBRBM3PK,LSCY290CB3PK+ICST64E273PK+PHCH1FBRBM3PK,1,43.54,2026-08-20 16:01:10,no
1225713,B&Q,LHAHE27CH,LHAHE27CH,2,18.00,2026-08-20 16:36:52,no
1225739,B&Q,12IP6780,12IP6780,1,17.67,2026-08-20 17:04:51,no
1225740,B&Q,LSGLFL140AR+RPM40WH,LSGLFL140AR+RPM40WH,1,13.89,2026-08-20 17:19:10,no
1225776,B&Q,LDCWA95B22226PK,LDCWA95B22226PK,1,17.98,2026-08-20 18:16:13,no
1225811,B&Q,LSGL10014AR+RPM40WH,LSGL10014AR+RPM40WH,1,15.89,2026-08-20 18:53:07,no
1225812,B&Q,RWWPSY1080YE,RWWPSY1080YE,1,9.00,2026-08-20 18:56:11,no
1225813,B&Q,12IP20400,12IP20400,1,28.59,2026-08-20 18:58:48,no
1225872,B&Q,CRFF108BM+LHTKE27BA,CRFF108BM+LHTKE27BA,1,11.69,2026-08-20 20:13:06,no
1225892,B&Q,CERU72450YE,CERU72450YE,1,9.00,2026-08-20 20:38:03,no
1225893,B&Q,RWWPSY10100YE,RWWPSY10100YE,1,9.00,2026-08-20 20:38:08,no
1225953,B&Q,CRSF100BM+PHSH2PBRYB+SPWRBM+SPUWBM+SCRN70BM+LSCY290NB+RWWP2PK+RWWD2PK,CRSF100BM+PHSH2PBRYB+SPWRBM+SPUWBM+SCRN70BM+LSCY290NB+RWWP2PK+RWWD2PK,1,28.90,2026-08-20 22:22:15,no
1225982,B&Q,CRSF100RO+PHTT1RORRO+WCCERO,CRSF100RO+PHTT1RORRO+WCCERO,1,18.57,2026-08-20 23:02:39,no
1225994,B&Q,CRSF100BM2PK+LHNSE27CO2PK+SCRN70CO2PK+LSFT220BI2PK,CRSF100BM2PK+LHNSE27CO2PK+SCRN70CO2PK+LSFT220BI2PK,1,27.38,2026-08-20 23:40:59,no
1225995,B&Q,CRSF100BM2PK+LHNSE27YB2PK+SCRN70BM2PK+LSFT220GB2PK+ICST64E272PK,CRSF100BM2PK+LHNSE27YB2PK+SCRN70BM2PK+LSFT220GB2PK+ICST64E272PK,1,29.00,2026-08-20 23:40:59,no
1226016,B&Q,WCB5BM2PK+RPR44WH2PK,WCB5BM2PK+RPR44WH2PK,2,18.68,2026-08-21 04:06:59,no
1226047,B&Q,LDMT45E2742PK,LDMT45E2742PK,2,27.58,2026-08-21 05:01:41,no
1226052,B&Q,CRSF100BC+LHSHE27BC+SCRN70BC+LSUL220BC,CRSF100BC+LHSHE27BC+SCRN70BC+LSUL220BC,1,16.75,2026-08-21 06:10:00,no
1226128,B&Q,CRSF100BM+LHTTE27BM,CRSF100BM+LHTTE27BM,1,10.79,2026-08-21 09:29:41,no
1226170,B&Q,CRFF100YB+LHNSE27YB,CRFF100YB+LHNSE27YB,1,15.29,2026-08-21 10:53:18,no
1226187,B&Q,RWT680YE,RWT680YE,1,10.89,2026-08-21 11:06:27,no
1226211,B&Q,WJCYEEWH,WJCYEEWH,1,9.89,2026-08-21 11:30:39,no
1226242,B&Q,RWT580YE,RWT580YE,1,9.00,2026-08-21 12:05:03,no
1226243,B&Q,RWWPSN12GY,RWWPSN12GY,1,9.00,2026-08-21 12:10:22,no
1226244,B&Q,CRFF100SN+LHNSE27SN+ICST64E27,CRFF100SN+LHNSE27SN+ICST64E27,1,16.73,2026-08-21 12:11:01,no
1226245,B&Q,BSFCDRWHPI,BSFCDRWHPI,1,22.99,2026-08-21 12:23:19,no
1226271,B&Q,LSMS320BG+RPR44WH,LSMS320BG+RPR44WH,1,16.59,2026-08-21 12:53:02,no
1226282,B&Q,WCCYROGD2PK+LDMA60E278WW2PK,WCCYROGD2PK+LDMA60E278WW2PK,2,87.78,2026-08-21 13:05:24,no
1226341,B&Q,LSGLBP120BM2PK,LSGLBP120BM2PK,1,18.03,2026-08-21 14:29:04,no
1226366,B&Q,PHSF1BMRBY,PHSF1BMRBY,2,19.78,2026-08-21 15:18:19,no
1226367,B&Q,LDMT45E2742PK,LDMT45E2742PK,1,13.79,2026-08-21 15:18:19,no
1226408,B&Q,CENU88700WH,CENU88700WH,1,9.22,2026-08-21 16:25:20,no
1226466,B&Q,WCB2BC2PK+RPR44WH2PK,WCB2BC2PK+RPR44WH2PK,1,17.26,2026-08-21 17:54:01,no
1226481,B&Q,CRSF100BM2PK+LHTTE27BM2PK+LDMA60E274WW2PK,CRSF100BM2PK+LHTTE27BM2PK+LDMA60E274WW2PK,1,24.65,2026-08-21 18:05:21,no
1226482,B&Q,CRFF140BM+PHHC1BMRYB+LSTF40BM,CRFF140BM+PHHC1BMRYB+LSTF40BM,1,20.89,2026-08-21 18:14:03,no
1226503,B&Q,LHC5E27WH,LHC5E27WH,1,10.35,2026-08-21 18:25:37,no
1226509,B&Q,LSDO210BC+RPR44WH,LSDO210BC+RPR44WH,1,12.70,2026-08-21 19:01:21,no
1226561,B&Q,LDMST64B228,LDMST64B228,3,27.00,2026-08-21 20:25:57,no
1226562,B&Q,LSSS300BI+PHCH1FBRBM,LSSS300BI+PHCH1FBRBM,3,62.04,2026-08-21 20:28:18,no
1226563,B&Q,CRSF100BM+LHNSE27YB+SCRN70BM+LSFT220BG,CRSF100BM+LHNSE27YB+SCRN70BM+LSFT220BG,1,18.45,2026-08-21 20:40:17,no
1226564,B&Q,CRSF100BM+LHNSE27YB+SCRN70BS+LSWD360BS+ICST64E27,CRSF100BM+LHNSE27YB+SCRN70BS+LSWD360BS+ICST64E27,1,19.36,2026-08-21 20:40:17,no
1226565,B&Q,LDMT45E2742PK,LDMT45E2742PK,1,13.79,2026-08-21 20:40:17,no
1226569,B&Q,CRSF1205BM+PHNW1RBC5PK+SPUWBM5PK+SPWRBM5PK+ICST64E275PK+RWWP2PK5PK+RWWD2PK5PK,CRSF1205BM+PHNW1RBC5PK+SPUWBM5PK+SPWRBM5PK+ICST64E275PK+RWWP2PK5PK+RWWD2PK5PK,1,64.89,2026-08-21 20:52:20,no
1226604,B&Q,RWWPSYAE25WH,RWWPSYAE25WH,1,9.00,2026-08-21 21:54:19,no
1226667,B&Q,LSFT220GY+RPR44WH,LSFT220GY+RPR44WH,3,34.68,2026-08-22 03:35:53,no
1226668,B&Q,LSGL12010AR2PK+RPM40WH2PK,LSGL12010AR2PK+RPM40WH2PK,1,12.89,2026-08-22 03:53:29,no
1226693,B&Q,LHSHE27WH2PK,LHSHE27WH2PK,1,11.87,2026-08-22 08:09:02,no
1226694,B&Q,LHSHE27YB3PK,LHSHE27YB3PK,1,25.49,2026-08-22 08:09:02,no
1226695,B&Q,LHSHE27BY2PK,LHSHE27BY2PK,1,12.67,2026-08-22 08:09:02,no
1226700,B&Q,LSSS300WH+RPR44WH,LSSS300WH+RPR44WH,5,76.45,2026-08-22 08:34:40,no
1226730,B&Q,LHSWPBB22GD,LHSWPBB22GD,2,18.36,2026-08-22 09:47:45,no
1226739,B&Q,LHSHE27CH,LHSHE27CH,1,9.00,2026-08-22 10:11:09,no
1226740,B&Q,CL2TBW5PK,CL2TBW5PK,2,23.90,2026-08-22 10:16:20,no
1226776,B&Q,CRSF100GB+WSLS155GB+SCRN70GB+LSFT220GB+ICST64E27,CRSF100GB+WSLS155GB+SCRN70GB+LSFT220GB+ICST64E27,2,32.64,2026-08-22 11:10:03,no
1226795,B&Q,12UK3P1A,12UK3P1A,1,9.00,2026-08-22 11:48:42,no
1226810,B&Q,CRSF100YB2PK+LHNSE27YB2PK+SCRN70YB2PK+LSTF40YB2PK,CRSF100YB2PK+LHNSE27YB2PK+SCRN70YB2PK+LSTF40YB2PK,1,29.89,2026-08-22 12:10:41,no
1226811,B&Q,CRSF100YB+PHHA1PBRYB,CRSF100YB+PHHA1PBRYB,3,47.67,2026-08-22 12:20:02,no
1226829,B&Q,LSGLFP245GR+RPM40WH,LSGLFP245GR+RPM40WH,1,17.89,2026-08-22 12:48:21,no
1226845,B&Q,RWT560YE,RWT560YE,1,9.00,2026-08-22 13:19:42,no
1226865,B&Q,LDMG95E2743PK,LDMG95E2743PK,1,15.89,2026-08-22 13:38:04,no
1226888,B&Q,PSDS2RBW+SCRN70BM+LSFT220BI+ICST64E27+WSFH1BMYB,PSDS2RBW+SCRN70BM+LSFT220BI+ICST64E27+WSFH1BMYB,1,24.89,2026-08-22 14:01:18,no
1226913,B&Q,RWWPSY10100YE,RWWPSY10100YE,1,9.00,2026-08-22 14:39:24,no
1226914,B&Q,RWWPSY0680YE,RWWPSY0680YE,1,9.00,2026-08-22 14:39:24,no
1226978,B&Q,LSEL400GY+RPR44WH,LSEL400GY+RPR44WH,3,44.82,2026-08-22 16:22:25,no
1226991,B&Q,12MIP2060,12MIP2060,1,9.00,2026-08-22 16:49:24,no
1227070,B&Q,RPM40WHAPK,RPM40WHAPK,1,14.19,2026-08-22 18:39:08,no
1227071,B&Q,CRSF2003BM+PHSH2PBRCO3PK+SCRN70BM3PK+SPUPBM3PK+SPWRBM3PK+LSDO300CO3PK+ICST64E273PK,CRSF2003BM+PHSH2PBRCO3PK+SCRN70BM3PK+SPUPBM3PK+SPWRBM3PK+LSDO300CO3PK+ICST64E273PK,1,64.52,2026-08-22 18:40:00,no
1227082,B&Q,LSCY290YB+RPR44WH,LSCY290YB+RPR44WH,1,15.59,2026-08-22 19:07:21,no
1227094,B&Q,LHC4E27WH,LHC4E27WH,1,9.00,2026-08-22 19:31:18,no
1227118,B&Q,CCBC24,CCBC24,4,36.00,2026-08-22 20:02:40,no
1227151,B&Q,CRSF2003BM+PHNW1RBM3PK,CRSF2003BM+PHNW1RBM3PK,1,26.89,2026-08-22 20:53:40,no
1227163,B&Q,RWWPSY1060YE2PK,RWWPSY1060YE2PK,1,16.29,2026-08-22 21:17:20,no
1227187,B&Q,CERU36150GR,CERU36150GR,1,9.00,2026-08-22 21:59:58,no
1227392,B&Q,CERU36150GR,CERU36150GR,1,9.00,2026-08-23 10:36:21,no
1227429,B&Q,RPM40BMAPK,RPM40BMAPK,1,14.19,2026-08-23 11:29:06,no
1227430,B&Q,RWT590YE,RWT590YE,1,9.00,2026-08-23 11:32:41,no
1227431,B&Q,LSCY290BL3PK+PHCH1FBRBM3PK,LSCY290BL3PK+PHCH1FBRBM3PK,1,43.54,2026-08-23 11:34:21,no
1227453,B&Q,RWWPSY10GY2PK,RWWPSY10GY2PK,1,9.00,2026-08-23 12:02:42,no
1227508,B&Q,LSCY290RE2PK+RPR44WH2PK,LSCY290RE2PK+RPR44WH2PK,1,27.89,2026-08-23 13:49:42,no
1227549,B&Q,LSCY290GC+RPR44WH,LSCY290GC+RPR44WH,1,14.68,2026-08-23 14:37:01,no
1227559,B&Q,RWT5100YE,RWT5100YE,1,9.85,2026-08-23 15:01:24,no
1227595,B&Q,CRFF108BY+PHRI1PBRBY+LSDO400BY,CRFF108BY+PHRI1PBRBY+LSDO400BY,1,23.69,2026-08-23 15:41:03,no
1227596,B&Q,PHSF1GDTYB,PHSF1GDTYB,1,10.99,2026-08-23 15:42:21,no
1227715,B&Q,LSWD360BC+RPR44WH,LSWD360BC+RPR44WH,1,18.84,2026-08-23 17:32:23,no
1227738,B&Q,CRFF100CH2PK+LHNSE27CH2PK+ICST64E272PK,CRFF100CH2PK+LHNSE27CH2PK+ICST64E272PK,1,25.10,2026-08-23 18:17:22,no
1227739,B&Q,CRFF100CH+LHNSE27CH,CRFF100CH+LHNSE27CH,1,15.27,2026-08-23 18:17:22,no
1227795,B&Q,LDSG95DIE274,LDSG95DIE274,1,9.00,2026-08-23 19:43:21,no
1227817,B&Q,RPM40WHAPK,RPM40WHAPK,1,14.19,2026-08-23 20:20:24,no
1227864,B&Q,LDMG95B2282PK,LDMG95B2282PK,1,17.39,2026-08-23 21:13:41,no
1227909,B&Q,WCCYSP160GD,WCCYSP160GD,2,18.44,2026-08-23 22:24:42,no
1227910,B&Q,CRFF500BM+PHNW1RBC3PK,CRFF500BM+PHNW1RBC3PK,1,26.49,2026-08-23 22:37:03,no
1227931,B&Q,CRSF120YB+WSUSHE27YB+LSGLSC1508CL,CRSF120YB+WSUSHE27YB+LSGLSC1508CL,3,104.97,2026-08-23 23:18:01,no
1227939,B&Q,CRSF2003BM+PHSH1PBRYB3PK+LSGL100145BL+LSGL10014AR+LSGL10014CL,CRSF2003BM+PHSH1PBRYB3PK+LSGL100145BL+LSGL10014AR+LSGL10014CL,2,77.58,2026-08-23 23:27:20,no
1228031,B&Q,CRFF75YB,CRFF75YB,1,9.00,2026-08-24 06:55:22,no
1228109,B&Q,LDMST64E2783PK,LDMST64E2783PK,1,12.47,2026-08-24 09:46:03,no
1228123,B&Q,CRFF500BM+PHNW1RBC3PK,CRFF500BM+PHNW1RBC3PK,1,26.49,2026-08-24 10:09:44,no
1228124,B&Q,LDMG125E278,LDMG125E278,1,10.89,2026-08-24 10:12:04,no
1228139,B&Q,PHSF1BWRSN,PHSF1BWRSN,3,30.81,2026-08-24 10:29:05,no
1228185,B&Q,STFG4845WH2PK,STFG4845WH2PK,1,11.49,2026-08-24 11:25:24,no
1228186,B&Q,LDMT185E2746PK,LDMT185E2746PK,1,15.89,2026-08-24 11:44:03,no
1228208,B&Q,LSGL1275CL3PK+RPM40WH3PK,LSGL1275CL3PK+RPM40WH3PK,1,22.89,2026-08-24 12:04:47,no
1228225,B&Q,LDMG95B228,LDMG95B228,1,9.00,2026-08-24 12:26:03,no
1228226,B&Q,LSEL400YE+RPR44WH,LSEL400YE+RPR44WH,1,14.94,2026-08-24 12:27:02,no
1228227,B&Q,CERU36150GR,CERU36150GR,1,9.00,2026-08-24 12:38:27,no
1228228,B&Q,LSDO210CB2PK+RPR44WH2PK,LSDO210CB2PK+RPR44WH2PK,1,18.89,2026-08-24 12:46:20,no
1228253,B&Q,LDCWGU1076PK,LDCWGU1076PK,2,32.58,2026-08-24 13:04:48,no
1228254,B&Q,TSLCQA10WH3PK+TSWGQBRE2PK,TSLCQA10WH3PK+TSWGQBRE2PK,1,19.99,2026-08-24 13:09:41,no
1228255,B&Q,RWT680YE,RWT680YE,1,10.89,2026-08-24 13:11:44,no
1228281,B&Q,CRSF2003BM+PHNW1RBM3PK+ICST64E273PK,CRSF2003BM+PHNW1RBM3PK+ICST64E273PK,1,31.79,2026-08-24 13:30:26,no
1228291,B&Q,LDMG95E2743PK,LDMG95E2743PK,1,15.89,2026-08-24 13:58:46,no
1228306,B&Q,CRFF140BM+LHNSE27YB+SCRN70BM+LSUL220RR,CRFF140BM+LHNSE27YB+SCRN70BM+LSUL220RR,1,18.44,2026-08-24 14:09:43,no
1228335,B&Q,CENU36300BM,CENU36300BM,1,7.49,2026-08-24 14:52:42,no
1228377,B&Q,CRFF105BA,CRFF105BA,1,9.00,2026-08-24 15:31:04,no
1228383,B&Q,12BO18,12BO18,1,9.00,2026-08-24 15:59:02,no
1228409,B&Q,STFG4845WH,STFG4845WH,1,9.00,2026-08-24 16:30:23,no
1228428,B&Q,LSSC315OR+SPCC320BM+RPR44WH,LSSC315OR+SPCC320BM+RPR44WH,1,25.89,2026-08-24 17:07:44,no
1228447,B&Q,LDMST64B228,LDMST64B228,1,9.00,2026-08-24 17:33:24,no
1228448,B&Q,CRSF100BM+WSADHTBM+LDMA60E278WW,CRSF100BM+WSADHTBM+LDMA60E278WW,1,16.39,2026-08-24 17:44:02,no
1228449,B&Q,CRSF100BM+WSSS70BM+LSTF40BG+ICST64E27,CRSF100BM+WSSS70BM+LSTF40BG+ICST64E27,1,21.69,2026-08-24 17:44:02,no
1228483,B&Q,STMT18FWH2PK,STMT18FWH2PK,1,9.85,2026-08-24 18:13:24,no
1228544,B&Q,LSCY290GY+RPR44WH,LSCY290GY+RPR44WH,1,15.89,2026-08-24 19:29:45,no
1228545,B&Q,CRSF1202BM+SCRN70BM2PK+PHFMSH2BRYB2PK+LSFT220FG2PK,CRSF1202BM+SCRN70BM2PK+PHFMSH2BRYB2PK+LSFT220FG2PK,4,131.56,2026-08-24 19:38:04,no
1228546,B&Q,LDMG95E2782PK,LDMG95E2782PK,1,14.39,2026-08-24 19:38:08,no
1228547,B&Q,LSCY290GC+RPR44WH,LSCY290GC+RPR44WH,1,14.68,2026-08-24 19:43:25,no
1228577,B&Q,CRSF100BM2PK+PHHA1PBRYB2PK+ICST64E272PK,CRSF100BM2PK+PHHA1PBRYB2PK+ICST64E272PK,1,24.89,2026-08-24 20:01:42,no
1228578,B&Q,CRSF100BM+PHHA1PBRYB+ICST64E27,CRSF100BM+PHHA1PBRYB+ICST64E27,1,15.89,2026-08-24 20:01:42,no
1228614,B&Q,TSTLRUSRB,TSTLRUSRB,1,10.35,2026-08-24 20:38:07,no
1228625,B&Q,CRSF100BM+PHRYWP1RBM,CRSF100BM+PHRYWP1RBM,1,12.09,2026-08-24 21:09:25,no
1228645,B&Q,24IP6720,24IP6720,2,27.68,2026-08-24 21:27:42,no
1228646,B&Q,SPSDP1WH2PK,SPSDP1WH2PK,1,9.00,2026-08-24 21:31:24,no
1228647,B&Q,PSDS4BMRGD,PSDS4BMRGD,1,13.07,2026-08-24 21:31:24,no
1228648,B&Q,CENU36300BM,CENU36300BM,1,7.49,2026-08-24 21:36:20,no
1228649,B&Q,CRFF500BM+PHNW1RRR3PK,CRFF500BM+PHNW1RRR3PK,1,26.49,2026-08-24 21:37:45,no
1228650,B&Q,CRSF120BM+LHNSE27BM+SCRN70BM+LSTF40BG,CRSF120BM+LHNSE27BM+SCRN70BM+LSTF40BG,1,17.36,2026-08-24 21:48:45,no
1228665,B&Q,LSEL400GY+RPR44WH,LSEL400GY+RPR44WH,1,14.94,2026-08-24 21:59:21,no
1228666,B&Q,CL2ROR5PK,CL2ROR5PK,1,15.07,2026-08-24 21:59:23,no
1228678,B&Q,CRFF500BM+PHNW1RBM3PK,CRFF500BM+PHNW1RBM3PK,1,26.49,2026-08-24 22:15:25,no
1228698,B&Q,RWWPSY10100YE,RWWPSY10100YE,1,9.00,2026-08-24 22:24:28,no
1228699,B&Q,LSFT220BC+RPR44WH,LSFT220BC+RPR44WH,2,23.12,2026-08-24 22:34:00,no
1228700,B&Q,LSCY290YB+RPR44WH,LSCY290YB+RPR44WH,1,15.59,2026-08-24 22:34:00,no
1228836,B&Q,RWHX08BXGY,RWHX08BXGY,1,10.59,2026-08-25 08:36:08,no
1228845,B&Q,CRSF2003BM+WCRNBM3PK,CRSF2003BM+WCRNBM3PK,1,45.89,2026-08-25 08:57:24,no
1228861,B&Q,STCD4845SL2PK,STCD4845SL2PK,1,9.87,2026-08-25 09:23:07,no
1228883,B&Q,PHSF1BRRCO,PHSF1BRRCO,1,12.86,2026-08-25 09:50:25,no
1228894,B&Q,RWWPSYBF50GY,RWWPSYBF50GY,1,9.00,2026-08-25 09:52:40,no
1228935,B&Q,CRFF75WH,CRFF75WH,1,9.00,2026-08-25 11:01:13,no
1228936,B&Q,CL3RHE,CL3RHE,1,9.00,2026-08-25 11:01:13,no
1228937,B&Q,LHSHE27GB,LHSHE27GB,1,9.00,2026-08-25 11:01:13,no
1228982,B&Q,WLFS220BM,WLFS220BM,2,37.42,2026-08-25 11:33:48,no
1228988,B&Q,RWWPSY10GY2PK,RWWPSY10GY2PK,1,9.00,2026-08-25 11:53:23,no
1228989,B&Q,LDCWGU1056PK,LDCWGU1056PK,1,16.49,2026-08-25 11:54:18,no
1229019,B&Q,PHSF1AGRGB,PHSF1AGRGB,3,37.47,2026-08-25 12:50:26,no
1229036,B&Q,PHHCF1BMRBM,PHHCF1BMRBM,1,24.89,2026-08-25 13:13:42,no
1229037,B&Q,CRFF75YB,CRFF75YB,1,9.00,2026-08-25 13:13:42,no
1229038,B&Q,WLWOFTBM,WLWOFTBM,1,12.89,2026-08-25 13:15:25,no
1229039,B&Q,STKP48EBR3PK,STKP48EBR3PK,1,10.21,2026-08-25 13:23:22,no
1229056,B&Q,TSTS30WH,TSTS30WH,1,9.00,2026-08-25 13:38:27,no
1229084,B&Q,RWWPSYAE25WH,RWWPSYAE25WH,1,9.00,2026-08-25 14:20:07,no
1229085,B&Q,WLWOCPBM,WLWOCPBM,1,14.29,2026-08-25 14:20:32,no
1229107,B&Q,PHSF2GDTFG3PK+ICST64E273PK,PHSF2GDTFG3PK+ICST64E273PK,2,92.16,2026-08-25 14:38:48,no
1229124,B&Q,CRSF100BC+LHNSE27YB+SCRN70BC+LSWD360BC+ICST64E27,CRSF100BC+LHNSE27YB+SCRN70BC+LSWD360BC+ICST64E27,2,67.32,2026-08-25 15:11:50,no
1229125,B&Q,CRSF100BM+PHCHPCRYB+LSCY290YB,CRSF100BM+PHCHPCRYB+LSCY290YB,2,59.78,2026-08-25 15:14:49,no
1229148,B&Q,CRSF100BM2PK+PHRNWP1RBM2PK,CRSF100BM2PK+PHRNWP1RBM2PK,3,68.28,2026-08-25 15:36:00,no
1229149,B&Q,12UK3P5A,12UK3P5A,1,15.39,2026-08-25 15:50:08,no
1229157,B&Q,LDCWA60HB2272PK,LDCWA60HB2272PK,2,22.38,2026-08-25 15:53:24,no
1229170,B&Q,LDCWA95B22226PK,LDCWA95B22226PK,1,17.98,2026-08-25 16:09:23,no
1229185,B&Q,LDWWE2715,LDWWE2715,1,9.00,2026-08-25 16:42:10,no
1229242,B&Q,CRSF100BM+PHRI1PBRYB+LSFT220BM,CRSF100BM+PHRI1PBRYB+LSFT220BM,3,47.34,2026-08-25 17:30:42,no
1229249,B&Q,PSDS2RGR2PK+SCRN70BM2PK+LSFT220GR2PK+ICST64E272PK+WSFH1BMYB2PK,PSDS2RGR2PK+SCRN70BM2PK+LSFT220GR2PK+ICST64E272PK+WSFH1BMYB2PK,1,43.89,2026-08-25 17:55:01,no
1229264,B&Q,PHSF1GYRWH,PHSF1GYRWH,1,12.87,2026-08-25 18:09:23,no
1229313,B&Q,TSLCQA25WH,TSLCQA25WH,6,24.00,2026-08-25 19:41:44,no
1229324,B&Q,LSCY290BC+RPR44WH,LSCY290BC+RPR44WH,1,15.59,2026-08-25 20:01:04,no
1229337,B&Q,RWWPSY0840YE2PK,RWWPSY0840YE2PK,1,9.00,2026-08-25 20:06:48,no
1229338,B&Q,24IP20240,24IP20240,1,41.19,2026-08-25 20:11:28,no
1229339,B&Q,SPSDP2BM,SPSDP2BM,1,9.00,2026-08-25 20:14:43,no
1229362,B&Q,CRFF140WH+CBFF140WH,CRFF140WH+CBFF140WH,1,9.00,2026-08-25 20:41:02,no
1229363,B&Q,CRFF108BM+LHTKE27BA,CRFF108BM+LHTKE27BA,1,11.69,2026-08-25 20:43:23,no
1229364,B&Q,PHSF1BRRCO,PHSF1BRRCO,1,12.86,2026-08-25 20:44:06,no
1229414,B&Q,CRSF2003BM+PHSH1PBRYB3PK+SCRN70BM3PK+LSGL14013AR+LSGLST150AR+LSGLWA140AR,CRSF2003BM+PHSH1PBRYB3PK+SCRN70BM3PK+LSGL14013AR+LSGLST150AR+LSGLWA140AR,2,105.08,2026-08-25 21:31:27,no
1229415,B&Q,WCDCBM2PK+RPR44WH2PK,WCDCBM2PK+RPR44WH2PK,1,19.35,2026-08-25 21:48:21,no
1229446,B&Q,LHCTORO,LHCTORO,1,9.00,2026-08-25 22:07:22,no
1229469,B&Q,LSCY290RO+RPR44WH,LSCY290RO+RPR44WH,2,32.48,2026-08-25 22:58:46,no
1229488,B&Q,CRSF100BM+PHTT1PBR1BM,CRSF100BM+PHTT1PBR1BM,1,11.56,2026-08-25 23:51:41,no
1229490,B&Q,LDCWGU1076PK,LDCWGU1076PK,1,16.29,2026-08-26 00:13:21,no
1229555,B&Q,LSEL400OR+RPR44WH,LSEL400OR+RPR44WH,1,14.94,2026-08-26 06:09:23,no
1229582,B&Q,STCD4845SL6PK,STCD4845SL6PK,1,13.55,2026-08-26 08:20:52,no
1229625,B&Q,LSFT220BC+RPR44WH,LSFT220BC+RPR44WH,1,11.56,2026-08-26 09:01:43,no
1229644,B&Q,WCB2WH+RPR44WH,WCB2WH+RPR44WH,1,11.17,2026-08-26 09:56:30,no
1229774,B&Q,CRSF100HYB+WSNW170YB+PSDS2RGD+SCRN70YB+LSOL220YB+ICST64E27,CRSF100HYB+WSNW170YB+PSDS2RGD+SCRN70YB+LSOL220YB+ICST64E27,2,55.36,2026-08-26 12:31:31,no
1229775,B&Q,LSCY290BM+RPR44WH,LSCY290BM+RPR44WH,3,44.85,2026-08-26 12:41:07,no
1229776,B&Q,LSCY290CO2PK+RPR44WH2PK,LSCY290CO2PK+RPR44WH2PK,1,33.89,2026-08-26 12:42:47,no
1229805,B&Q,LDCWGU1036PK,LDCWGU1036PK,1,14.29,2026-08-26 13:07:22,no
1229806,B&Q,PHSF1AGRGB,PHSF1AGRGB,3,37.47,2026-08-26 13:19:14,no
1229830,B&Q,TSLCQA20WH3PK+TSWGQBRE2PK,TSLCQA20WH3PK+TSWGQBRE2PK,1,19.99,2026-08-26 13:51:05,no
1229901,B&Q,CRSF2003BM+PHSH1PBRYB3PK+LSGL100145BL+LSGL10014AR+LSGL10014CL,CRSF2003BM+PHSH1PBRYB3PK+LSGL100145BL+LSGL10014AR+LSGL10014CL,1,43.79,2026-08-26 15:45:41,no
1229955,B&Q,CRSF100BM2PK+PHRYWP1RBM2PK,CRSF100BM2PK+PHRYWP1RBM2PK,1,22.79,2026-08-26 16:43:30,no
1229963,B&Q,RWT570YE,RWT570YE,1,9.00,2026-08-26 16:57:47,no
1229978,B&Q,12UK3P5A,12UK3P5A,1,15.39,2026-08-26 17:20:07,no
1229996,B&Q,CRFF105CH,CRFF105CH,1,9.00,2026-08-26 17:47:11,no
1230005,B&Q,WCB5BM2PK+RPR44WH2PK,WCB5BM2PK+RPR44WH2PK,1,9.34,2026-08-26 17:59:06,no
1230080,B&Q,CRSF100BM+LHTTE27BM+LDMA60E274WW,CRSF100BM+LHTTE27BM+LDMA60E274WW,2,27.52,2026-08-26 19:50:27,no
1230148,B&Q,PSHYOS4BRBM,PSHYOS4BRBM,1,12.79,2026-08-26 20:56:24,no
1230157,B&Q,12IP67153PK,12IP67153PK,1,18.69,2026-08-26 21:17:30,no
1230190,B&Q,LDMST64E2783PK,LDMST64E2783PK,1,12.47,2026-08-26 22:03:27,no
1230214,B&Q,BSFCDRSIBL,BSFCDRSIBL,1,21.99,2026-08-26 22:25:24,no
1230215,B&Q,WCCYROCH2PK+LDMA60E278WW2PK,WCCYROCH2PK+LDMA60E278WW2PK,1,53.78,2026-08-26 22:35:25,no
1230216,B&Q,CL2THEAPK,CL2THEAPK,1,19.23,2026-08-26 22:44:41,no
1230217,B&Q,LSGLFP245PU+RPM40WH,LSGLFP245PU+RPM40WH,1,17.89,2026-08-26 22:51:06,no
1230257,B&Q,CRFF2005BM+PHHR2HETHE5PK+SPSDCSBM5PK+CO532AGY3PK+ICST64E275PK+CBFF200BM+CBFA200BM5PK,CRFF2005BM+PHHR2HETHE5PK+SPSDCSBM5PK+CO532AGY3PK+ICST64E275PK+CBFF200BM+CBFA200BM5PK,3,167.67,2026-08-27 00:29:05,no
1230258,B&Q,PHDH1HETHE+ICST64E272PK,PHDH1HETHE+ICST64E272PK,1,24.89,2026-08-27 00:29:05,no
1230263,B&Q,LSGLFP245GR+RPM40WH,LSGLFP245GR+RPM40WH,1,17.89,2026-08-27 01:13:53,no
1230328,B&Q,CENU50300WH,CENU50300WH,2,14.58,2026-08-27 08:15:29,no
1230329,B&Q,LDMT45E2742PK,LDMT45E2742PK,1,13.79,2026-08-27 08:17:55,no
1230337,B&Q,CRFF108BM2PK+LHTKE27BA2PK,CRFF108BM2PK+LHTKE27BA2PK,1,20.19,2026-08-27 08:41:35,no
1230375,B&Q,CL2RBMAPK,CL2RBMAPK,1,18.97,2026-08-27 09:26:32,no
1230376,B&Q,RWWPSY10GY2PK,RWWPSY10GY2PK,2,18.00,2026-08-27 09:45:53,no
1230397,B&Q,CRSF100BM+PHSH2PBRYB+SPWRBM+SPUWBM+SCRN70BM+LSCY290GB+RWWP2PK+RWWD2PK,CRSF100BM+PHSH2PBRYB+SPWRBM+SPUWBM+SCRN70BM+LSCY290GB+RWWP2PK+RWWD2PK,1,28.90,2026-08-27 10:05:43,no
1230490,B&Q,RWWPSY1080YE2PK,RWWPSY1080YE2PK,1,16.89,2026-08-27 11:57:35,no
1230505,B&Q,LDMST64E274,LDMST64E274,2,18.00,2026-08-27 12:13:12,no
1230506,B&Q,TSLCQB10WH,TSLCQB10WH,1,9.00,2026-08-27 12:18:57,no
1230529,B&Q,LSGL14023SG+RPM40WH,LSGL14023SG+RPM40WH,1,14.89,2026-08-27 12:39:18,no
1230557,B&Q,LSGLST148AR2PK+RPM40WH2PK,LSGLST148AR2PK+RPM40WH2PK,1,29.89,2026-08-27 13:18:52,no
1230589,B&Q,PCCO20WH5PK,PCCO20WH5PK,1,9.09,2026-08-27 14:00:56,no
1230633,B&Q,LDMT45E2742PK,LDMT45E2742PK,12,165.48,2026-08-27 14:59:37,no
1230646,B&Q,RWWPSY0680YE,RWWPSY0680YE,1,9.00,2026-08-27 15:03:11,no
1230647,B&Q,CRFF500BM+PHNW1RRR3PK+ICST64E273PK,CRFF500BM+PHNW1RRR3PK+ICST64E273PK,1,27.49,2026-08-27 15:15:13,no
1230666,B&Q,CRSF100CO+LHNSE27CO+LSDO210BC+LDMST64E274,CRSF100CO+LHNSE27CO+LSDO210BC+LDMST64E274,1,18.71,2026-08-27 15:38:56,no
1230672,B&Q,LSCY290NB+PHCH1FBRBM,LSCY290NB+PHCH1FBRBM,3,80.70,2026-08-27 15:53:20,no
1230688,B&Q,CL3TIV5PK,CL3TIV5PK,1,12.47,2026-08-27 16:09:14,no
1230689,B&Q,STRF50IYE,STRF50IYE,1,14.61,2026-08-27 16:18:18,no
1230709,B&Q,RWWPSYAE25WH,RWWPSYAE25WH,1,9.00,2026-08-27 16:35:54,no
1230742,B&Q,PHSF2BMRBM,PHSF2BMRBM,2,31.18,2026-08-27 17:05:56,no
1230743,B&Q,PHUH0.5HETBM,PHUH0.5HETBM,3,35.67,2026-08-27 17:06:57,no
1230777,B&Q,TPHTTN2PBRBM+WCWODSBM+LDMA60E274WW,TPHTTN2PBRBM+WCWODSBM+LDMA60E274WW,1,26.00,2026-08-27 17:55:33,no
1230793,B&Q,RWWPSY10120YE,RWWPSY10120YE,1,10.35,2026-08-27 18:02:51,no
1230814,B&Q,RWT6120YE,RWT6120YE,1,14.19,2026-08-27 18:53:54,no
1230815,B&Q,RWT6100YE,RWT6100YE,1,12.59,2026-08-27 18:53:54,no
1230816,B&Q,PSDS2RBW2PK+SCRN70BM2PK+LSFT220WH2PK+ICST64E272PK+WSFH1BMYB2PK,PSDS2RBW2PK+SCRN70BM2PK+LSFT220WH2PK+ICST64E272PK+WSFH1BMYB2PK,1,43.89,2026-08-27 19:01:40,no
1230830,B&Q,LDCWA60HE2776PK,LDCWA60HE2776PK,1,15.89,2026-08-27 19:06:51,no
1230859,B&Q,12UK3P1A,12UK3P1A,1,9.00,2026-08-27 19:35:35,no
1230875,B&Q,LSMS320CB2PK+RPR44WH2PK,LSMS320CB2PK+RPR44WH2PK,1,25.89,2026-08-27 20:13:57,no
1230876,B&Q,LSGLFL140AR+RPM40WH,LSGLFL140AR+RPM40WH,2,27.78,2026-08-27 20:15:15,no
1230877,B&Q,LSDO210BG+RPR44WH,LSDO210BG+RPR44WH,2,23.12,2026-08-27 20:23:54,no
1230898,B&Q,CRFF100SN+LHSHE27SN+LSSS300BI,CRFF100SN+LHSHE27SN+LSSS300BI,1,22.97,2026-08-27 20:51:16,no
1230905,B&Q,LDCWA95B2222,LDCWA95B2222,1,8.19,2026-08-27 21:00:16,no
1230953,B&Q,LSGLFL140AR+RPM40WH,LSGLFL140AR+RPM40WH,1,13.89,2026-08-27 21:52:56,no
1230954,B&Q,CRSF100BM+PHSH2PBRCO+SPSDP2BM,CRSF100BM+PHSH2PBRCO+SPSDP2BM,1,16.50,2026-08-27 22:00:55,no
1230972,B&Q,LHSHE27GB2PK,LHSHE27GB2PK,1,11.98,2026-08-27 22:19:32,no
1230996,B&Q,WCB2BC2PK+RPR44WH2PK,WCB2BC2PK+RPR44WH2PK,1,17.26,2026-08-27 23:22:32,no
1231125,B&Q,CRFF500BM+PHNW1RBC3PK,CRFF500BM+PHNW1RBC3PK,1,26.49,2026-08-28 08:08:50,no
1231143,B&Q,TSST349135WO9PK,TSST349135WO9PK,5,322.45,2026-08-28 08:41:50,no
1231160,B&Q,LSGL1275CL2PK+RPM40WH2PK,LSGL1275CL2PK+RPM40WH2PK,1,13.89,2026-08-28 09:10:31,no
1231216,B&Q,RWT680YE,RWT680YE,3,32.67,2026-08-28 10:44:15,no
1231247,B&Q,CL3TBRAPK,CL3TBRAPK,1,21.83,2026-08-28 11:08:56,no
1231280,B&Q,CERU80300WH,CERU80300WH,1,9.00,2026-08-28 11:48:13,no
1231305,B&Q,CL2TSI5PK,CL2TSI5PK,1,10.49,2026-08-28 12:23:18,no
1231406,B&Q,CRFF140BM+PHHC1BMRYB+LSTF40BM+LDMG80E274,CRFF140BM+PHHC1BMRYB+LSTF40BM+LDMG80E274,1,20.99,2026-08-28 14:29:58,no
1231407,B&Q,LDMG95E2782PK,LDMG95E2782PK,1,14.39,2026-08-28 14:29:58,no
1231422,B&Q,CRSF120WH,CRSF120WH,1,9.00,2026-08-28 14:53:55,no
1231423,B&Q,LDSG125MUE274,LDSG125MUE274,1,14.03,2026-08-28 14:55:53,no
1231448,B&Q,LSGLULAR+RPM40WH,LSGLULAR+RPM40WH,3,41.67,2026-08-28 15:19:56,no
1231449,B&Q,LSFT220GY+RPR44WH,LSFT220GY+RPR44WH,1,11.56,2026-08-28 15:19:56,no
1231450,B&Q,CRSF100BM2PK+PHAH2RBMBM2PK,CRSF100BM2PK+PHAH2RBMBM2PK,1,24.21,2026-08-28 15:21:17,no
1231472,B&Q,CENU46450WH2PK,CENU46450WH2PK,1,12.09,2026-08-28 15:36:53,no
1231474,B&Q,PSDS4BMRBR,PSDS4BMRBR,1,13.07,2026-08-28 15:48:38,no
1231487,B&Q,CRFF140GL+WSWH135BM+LSDO210WH+ICST64E27+CBFF140BM,CRFF140GL+WSWH135BM+LSDO210WH+ICST64E27+CBFF140BM,4,87.48,2026-08-28 16:13:33,no
1231488,B&Q,PSDS4BMRBW+ICST64E27,PSDS4BMRBW+ICST64E27,1,18.84,2026-08-28 16:16:17,no
1231509,B&Q,LDCWT75B2212,LDCWT75B2212,1,10.09,2026-08-28 16:35:11,no
1231510,B&Q,CERU72450GR,CERU72450GR,2,20.99,2026-08-28 16:49:37,no
1231573,B&Q,24IP6720,24IP6720,1,13.84,2026-08-28 18:06:00,no
1231682,B&Q,CL2RRE5PK,CL2RRE5PK,1,15.07,2026-08-28 20:30:50,no
1231719,B&Q,12UK3P1A,12UK3P1A,1,9.00,2026-08-28 21:37:16,no
1231727,B&Q,CRSF100WH2PK+PHTT1PWRWH2PK,CRSF100WH2PK+PHTT1PWRWH2PK,1,26.17,2026-08-28 21:53:34,no
1231728,B&Q,TPHTTN2PBRBM+LSGL12010AR+LDMA60E274WW,TPHTTN2PBRBM+LSGL12010AR+LDMA60E274WW,1,24.89,2026-08-28 21:58:50,no
1231735,B&Q,LHXSHE27WH2PK,LHXSHE27WH2PK,1,15.89,2026-08-28 22:12:35,no
1231750,B&Q,LDMT45E2742PK,LDMT45E2742PK,1,13.79,2026-08-28 22:58:54,no
1231777,B&Q,WCCYSQCH,WCCYSQCH,1,19.85,2026-08-29 00:12:51,no
1231779,B&Q,LDWWE27152PK,LDWWE27152PK,1,13.74,2026-08-29 00:44:51,no
1231810,B&Q,CRFF2008BM+RWWD2PK+RWWP2PK+CO532AGY3PK+CBSFEARTH+LSDO210BB4PK+LSOL180BC4PK+PHFMHT2BRBM8PK+CBFF200BM+CBFA200BM8PK,CRFF2008BM+RWWD2PK+RWWP2PK+CO532AGY3PK+CBSFEARTH+LSDO210BB4PK+LSOL180BC4PK+PHFMHT2BRBM8PK+CBFF200BM+CBFA200BM8PK,1,85.80,2026-08-29 08:20:13,no
1231842,B&Q,CRSF2003BM+PHRB1PBR40BM+PHSH1PBRYB2PK+SCRN70BM2PK+LSBS160WH+LSDO300WH+LSFT220WH,CRSF2003BM+PHRB1PBR40BM+PHSH1PBRYB2PK+SCRN70BM2PK+LSBS160WH+LSDO300WH+LSFT220WH,1,42.89,2026-08-29 09:03:36,no
1231843,B&Q,PHSF1GDRYB,PHSF1GDRYB,1,10.28,2026-08-29 09:16:56,no
1231844,B&Q,PHTT1PBR3BC+LSWT300BC,PHTT1PBR3BC+LSWT300BC,1,24.89,2026-08-29 09:22:38,no
1231890,B&Q,RWT5100YE,RWT5100YE,1,9.85,2026-08-29 10:33:38,no
1231907,B&Q,STFG4845WH,STFG4845WH,1,9.00,2026-08-29 11:04:12,no
1231925,B&Q,PSDS4BMRRO,PSDS4BMRRO,1,13.07,2026-08-29 11:35:19,no
1231934,B&Q,PHSF1BWRSN,PHSF1BWRSN,1,10.27,2026-08-29 11:57:34,no
1231935,B&Q,STFG4845WH,STFG4845WH,1,9.00,2026-08-29 11:59:40,no
1231998,B&Q,RWWPSY10120YE,RWWPSY10120YE,1,10.35,2026-08-29 13:01:37,no
1231999,B&Q,RWWPSY1050YE,RWWPSY1050YE,1,9.00,2026-08-29 13:21:33,no
1232025,B&Q,CRSF100BM+LHTTE27BM,CRSF100BM+LHTTE27BM,1,10.79,2026-08-29 13:36:55,no
1232051,B&Q,WLWOFTBM2PK,WLWOFTBM2PK,1,16.49,2026-08-29 14:22:32,no
1232079,B&Q,CRSF100BM,CRSF100BM,2,18.00,2026-08-29 14:37:28,no
1232080,B&Q,PSHYOS4BRBM+CBMP140BM,PSHYOS4BRBM+CBMP140BM,1,17.29,2026-08-29 14:49:15,no
1232153,B&Q,LSHQ150CB+RPR44WH,LSHQ150CB+RPR44WH,1,10.21,2026-08-29 16:23:17,no
1232181,B&Q,STFG4845WH,STFG4845WH,1,9.00,2026-08-29 16:38:38,no
1232182,B&Q,LDMG95E2743PK,LDMG95E2743PK,1,18.89,2026-08-29 16:41:16,no
1232183,B&Q,LDMST64B228,LDMST64B228,2,18.00,2026-08-29 16:42:12,no
1232213,B&Q,12IP6715,12IP6715,1,9.00,2026-08-29 17:06:35,no
1232214,B&Q,LSCY290YB+RPR44WH,LSCY290YB+RPR44WH,1,15.59,2026-08-29 17:18:53,no
1232242,B&Q,LSSS300BM2PK+RPR44WH2PK,LSSS300BM2PK+RPR44WH2PK,1,27.38,2026-08-29 17:43:12,no
1232264,B&Q,LSSC315RE+SPCC320BM+RPR44WH,LSSC315RE+SPCC320BM+RPR44WH,1,25.89,2026-08-29 18:17:34,no
1232285,B&Q,RWWPSY08150YE2PK,RWWPSY08150YE2PK,1,16.99,2026-08-29 18:38:34,no
1232314,B&Q,PHSF1AGTGB3PK,PHSF1AGTGB3PK,5,125.90,2026-08-29 19:16:13,no
1232337,B&Q,LSGL12010AR2PK+RPM40WH2PK,LSGL12010AR2PK+RPM40WH2PK,1,12.89,2026-08-29 19:33:32,no
1232338,B&Q,LSGL3L150AR3PK+RPR44WH3PK,LSGL3L150AR3PK+RPR44WH3PK,1,53.69,2026-08-29 19:33:32,no
1232359,B&Q,CRFF140BM+LHNSE27YB+SCRN70BM+LSUL220BM+LDMST64E274,CRFF140BM+LHNSE27YB+SCRN70BM+LSUL220BM+LDMST64E274,3,68.07,2026-08-29 20:21:57,no
1232383,B&Q,LDWWE2715,LDWWE2715,1,9.00,2026-08-29 20:47:11,no
1232390,B&Q,CRFF100GB+LHNSE27GB+ICST64E27,CRFF100GB+LHNSE27GB+ICST64E27,2,37.18,2026-08-29 20:52:50,no
1232425,B&Q,LDCWA60HB2296PK,LDCWA60HB2296PK,1,18.28,2026-08-29 21:36:57,no
1232460,B&Q,LDMST64E278,LDMST64E278,1,9.00,2026-08-29 22:53:51,no
1232505,B&Q,LLSQ10W2PK,LLSQ10W2PK,1,9.29,2026-08-30 01:48:12,no
1232611,B&Q,12UK3P1A,12UK3P1A,1,9.00,2026-08-30 08:45:33,no
1232612,B&Q,BSFCDRWHPI,BSFCDRWHPI,1,22.99,2026-08-30 08:49:32,no
1232626,B&Q,RWWPSY0640YE2PK,RWWPSY0640YE2PK,1,10.99,2026-08-30 09:07:15,no
1232689,B&Q,CRSF100BM+SPUPBM+PHRNWP2RBM+ICST64E27,CRSF100BM+SPUPBM+PHRNWP2RBM+ICST64E27,2,38.92,2026-08-30 10:34:34,no
1232690,B&Q,LSGL1275CL3PK+RPM40WH3PK,LSGL1275CL3PK+RPM40WH3PK,1,22.89,2026-08-30 10:35:19,no
1232691,B&Q,PSHYOS4WRWH,PSHYOS4WRWH,1,15.07,2026-08-30 10:49:32,no
1232716,B&Q,CRFF100CH2PK+LHNSE27CH2PK,CRFF100CH2PK+LHNSE27CH2PK,1,24.65,2026-08-30 11:09:33,no
1232784,B&Q,WCB4WH+RPR44WH,WCB4WH+RPR44WH,1,9.00,2026-08-30 12:48:17,no
1232810,B&Q,WCDCBM+PHHT1FBRBM,WCDCBM+PHHT1FBRBM,1,19.09,2026-08-30 13:08:16,no
1232811,B&Q,CRSF100BM+WSCH135BM+LSHH240BM,CRSF100BM+WSCH135BM+LSHH240BM,1,21.05,2026-08-30 13:12:59,no
1232812,B&Q,LSCY290BM+PHCH1FBRBM,LSCY290BM+PHCH1FBRBM,2,47.58,2026-08-30 13:12:59,no
1232839,B&Q,WLFS220BM,WLFS220BM,2,37.42,2026-08-30 13:27:54,no
1232840,B&Q,STCD4845SLAPK,STCD4845SLAPK,1,14.65,2026-08-30 13:39:54,no
1232841,B&Q,STBP45M48EYE2PK,STBP45M48EYE2PK,1,9.95,2026-08-30 13:47:41,no
1232853,B&Q,PHSF2GDTFG,PHSF2GDTFG,3,41.67,2026-08-30 13:59:15,no
1232895,B&Q,LHTRE27YB,LHTRE27YB,1,9.00,2026-08-30 14:32:14,no
1232896,B&Q,LSGL3L150AR+RPM40WH,LSGL3L150AR+RPM40WH,2,39.58,2026-08-30 14:38:15,no
1232932,B&Q,LSTM320BW+RPR44WH,LSTM320BW+RPR44WH,2,32.58,2026-08-30 15:47:54,no
1233000,B&Q,LDSG95DIE2746PK,LDSG95DIE2746PK,1,38.71,2026-08-30 16:39:55,no
1233018,B&Q,LSFT220WH+RPR44WH,LSFT220WH+RPR44WH,1,11.56,2026-08-30 16:59:54,no
1233065,B&Q,CRFF100CH+LHNSE27CH,CRFF100CH+LHNSE27CH,1,15.27,2026-08-30 17:52:32,no
1233066,B&Q,CRFF140BM+LHNSE27YB+SCRN70BM+LSTF40BM,CRFF140BM+LHNSE27YB+SCRN70BM+LSTF40BM,1,20.79,2026-08-30 17:54:32,no
1233099,B&Q,CRFF100GB+LHNSE27GB,CRFF100GB+LHNSE27GB,1,13.76,2026-08-30 18:50:36,no
1233158,B&Q,24IP67120,24IP67120,1,24.19,2026-08-30 19:29:18,no
1233159,B&Q,LDMG125E2782PK,LDMG125E2782PK,1,18.09,2026-08-30 19:40:54,no
1233160,B&Q,WCCYROBM2PK+LDMA60E278WW2PK,WCCYROBM2PK+LDMA60E278WW2PK,1,53.78,2026-08-30 19:49:33,no
1233211,B&Q,LSLC180BS2PK+RPR44WH2PK,LSLC180BS2PK+RPR44WH2PK,1,19.14,2026-08-30 20:28:14,no
1233212,B&Q,CRFF100BM3PK+LHNSE27YB3PK+LSDO210BG3PK+ICST64E273PK,CRFF100BM3PK+LHNSE27YB3PK+LSDO210BG3PK+ICST64E273PK,1,45.44,2026-08-30 20:30:14,no
1233213,B&Q,STCD4845SL,STCD4845SL,1,9.00,2026-08-30 20:49:15,no
1233250,B&Q,TPOSBDBM,TPOSBDBM,1,24.40,2026-08-30 21:24:15,no
1233262,B&Q,CKTBDFYE,CKTBDFYE,1,12.89,2026-08-30 22:20:33,no
1233326,B&Q,CRSF100BM+PHTT1PBR1BM,CRSF100BM+PHTT1PBR1BM,1,11.56,2026-08-31 01:00:32,no
1233327,B&Q,PHSG2PBRCO,PHSG2PBRCO,1,15.20,2026-08-31 01:00:32,no
1233449,B&Q,STFG4845WH2PK,STFG4845WH2PK,1,11.49,2026-08-31 09:37:17,no
1233450,B&Q,LDMT185E2746PK,LDMT185E2746PK,1,15.89,2026-08-31 09:41:54,no
1233479,B&Q,STCD4845SL,STCD4845SL,1,9.00,2026-08-31 10:11:15,no
1233503,B&Q,CRSF2003BM+PHSH1PBRYB3PK+LSGL100145BL+LSGL10014AR+LSGL10014CL,CRSF2003BM+PHSH1PBRYB3PK+LSGL100145BL+LSGL10014AR+LSGL10014CL,1,43.79,2026-08-31 10:43:39,no
1233536,B&Q,SPSDP2YB3PK,SPSDP2YB3PK,1,15.79,2026-08-31 11:22:39,no
1233537,B&Q,CL3TBRAPK,CL3TBRAPK,1,21.83,2026-08-31 11:22:39,no
1233617,B&Q,CRSF100BM+LHNSE27YB+LSHH240BM,CRSF100BM+LHNSE27YB+LSHH240BM,2,33.26,2026-08-31 12:24:15,no
1233646,B&Q,SPSDP3YB2PK,SPSDP3YB2PK,1,9.00,2026-08-31 13:11:58,no
1233693,B&Q,LDMG95E2782PK,LDMG95E2782PK,1,14.39,2026-08-31 14:07:36,no
1233730,B&Q,LSSS300BM2PK+RPR44WH2PK,LSSS300BM2PK+RPR44WH2PK,3,82.14,2026-08-31 14:30:18,no
1233731,B&Q,CRSF100BM+PHMU1PBRGS+LSDO210BG+ICST64E27,CRSF100BM+PHMU1PBRGS+LSDO210BG+ICST64E27,1,23.84,2026-08-31 14:45:18,no
1233739,B&Q,LDSG125MUE274,LDSG125MUE274,1,14.03,2026-08-31 15:00:20,no
1233740,B&Q,PSOS4BMTHE+ICST64E27,PSOS4BMTHE+ICST64E27,1,20.44,2026-08-31 15:00:20,no
1233786,B&Q,RWWPSN12GY,RWWPSN12GY,1,9.00,2026-08-31 15:37:17,no
1233816,B&Q,RWWPSY1080YE2PK,RWWPSY1080YE2PK,1,16.89,2026-08-31 16:02:19,no
1233845,B&Q,LDSSTRE2742PK,LDSSTRE2742PK,1,19.46,2026-08-31 16:35:56,no
1233854,B&Q,PHSF1GDRYB,PHSF1GDRYB,3,30.84,2026-08-31 16:52:41,no
1233897,B&Q,CRFF140GL+LHNSE27YB+SCRN70BM+LSUL220BB+LDMST64E274+CBFF140BM,CRFF140GL+LHNSE27YB+SCRN70BM+LSUL220BB+LDMST64E274+CBFF140BM,1,22.69,2026-08-31 17:35:37,no
1233898,B&Q,CRSF100CO+WSNW170CO+SCRN70CO+LSTF40CO,CRSF100CO+WSNW170CO+SCRN70CO+LSTF40CO,6,118.20,2026-08-31 17:44:51,no
1233901,B&Q,LDMST64E2783PK,LDMST64E2783PK,2,24.94,2026-08-31 18:00:35,no
1233932,B&Q,STFG4845WH,STFG4845WH,1,9.00,2026-08-31 18:38:15,no
1233939,B&Q,LHCCE27WH3PK,LHCCE27WH3PK,1,9.00,2026-08-31 18:57:39,no
1234018,B&Q,CRSF100BM+LHNSE27BM+SCRN70BM+LSTF40BC+ICST64E27,CRSF100BM+LHNSE27BM+SCRN70BM+LSTF40BC+ICST64E27,1,20.59,2026-08-31 20:03:17,no
1234060,B&Q,CRSF120BM+PHHT2PBRBM+SPUWBM+SPWRBM+LSCY290WH+RWWP2PK+RWWD2PK,CRSF120BM+PHHT2PBRBM+SPUWBM+SPWRBM+LSCY290WH+RWWP2PK+RWWD2PK,1,36.75,2026-08-31 20:58:36,no
1234074,B&Q,LDMT45E2742PK,LDMT45E2742PK,1,13.79,2026-08-31 21:13:14,no
1234126,B&Q,WCCY1SQBM,WCCY1SQBM,2,50.16,2026-08-31 22:12:13,no
1234127,B&Q,LDMT45E2742PK,LDMT45E2742PK,1,13.79,2026-08-31 22:12:13,no
1234128,B&Q,LDCWE27183PK,LDCWE27183PK,1,16.24,2026-08-31 22:19:15,no
1234149,B&Q,CERU36150GR,CERU36150GR,1,9.00,2026-08-31 22:44:14,no
1234166,B&Q,PSDS4BMRBU,PSDS4BMRBU,1,13.07,2026-08-31 23:18:34,no
