which_channel,ref_id,sku,mapped_sku,wrong_sku,status
1,B0DXQ9WYPB,LSCY290NB2PK+RPR44WH2PK-U,LSCY290NB2PK+RPR44WH2PK,0,Active
1,B07KW7TW1C,CL2RBWAPK TY,CL2RBWAPK,0,Active
1,B0CSPDC2PX,ENC6087_AMD,ENC6087,0,Active
1,B08WJHR3FD,CRSF100YB+LHNSE27YB+LSRP260YB_AMD,CRSF100YB+LHNSE27YB+LSRP260YB,0,Active
1,B0D6VLZXY4,ENC7392 AMD,ENC7392,0,Inactive
1,B0F28YR5JN,LSCY290NB+RPR44WH__1,LSCY290NB+RPR44WH,0,Active
1,B0F291VKCF,LSCY290RE+RPR44WH__1,,0,Active
1,B0CTC7XPNX,CRSF100BM+LHNSE27YB+SCRN70BM+LSFT220BG_A,,0,Active
1,B093Y7ZZQF,ENC1312 AMN,ENC1312,0,Inactive
1,B0BBS118NM,CL3TBKAPK_AMN,,0,Inactive
1,B0BBS81CB8,CL3TGYAPK_AMN,,0,Inactive
1,B0F7QNZ95S,ENC8614_AMN,ENC8614,0,Active
1,B0BBS3NXFM,CL3TBRAPK_AMN,,0,Active
1,B0BBS2CKY5,CL3TLGAPK_AMN,,0,Inactive
1,B0DXQ85YB6,LSCY290GB2PK+RPR44WH2PK-U,LSCY290GB2PK+RPR44WH2PK,0,Active
1,B0CBMQZ8P6,PHSF2BMRBM+SPSDP2BM_T,,0,Active
1,B0F7QZQS3Y,CL2TWHAPK_JK,,0,Active
1,B0F7QNZ95S,ENC8614_AB,ENC8614,0,Active
1,B0F8ML4W33,ENC8743_AB,ENC8743,0,Active
1,B0CCL729S8,ENC1313_AMN,ENC1313,0,Inactive
1,B0CGRSQKF1,amzn.gr.CRSF100BM_PHRYWP1RBM_I-zpJMg8-VG,,1,Active
1,B0F9WXH3SL,CL2RBMAPK_JJ,,0,Active
1,B09WJC8S2P,CRFF140YB+WSNW170YB+LSOL220YB+ICST64E27_,CRFF140YB+WSNW170YB+LSOL220YB+ICST64E27,0,Inactive
1,B0B4K4MVSK,PSDS4BMRBU_AMN,,0,Active
1,B0F8ML4W33,ENC8743_AMN,ENC8743,0,Inactive
1,B0DXQ85YB6,LSCY290GB2PK+RPR44WH2PK-AMN,,1,Active
1,B0DXQB7T3C,LSCY290GY2PK+RPR44WH2PK-AMN,LSCY290GY2PK+RPR44WH2PK,0,Active
1,B0DBLB6ZSH,LSDO210GR2PK+RPR44WH2PK_AMN,,0,Active
1,B0FHPPQ21C,CRFF100BM2PK+LHNSE27BM2PK,CRFF100BM2PK+LHNSE27BM2PK,0,Active
1,B0FKMDBX5K,CRFF108WH2PK+LHTKE27WH2PK,CRFF108WH2PK+LHTTE27WH2PK,0,Inactive
1,B0DZ1VPNYY,RWWPSY1080YE2PK_AMN,,0,Inactive
1,B0FL767CVP,PHSF2GYTCH2PK+ICST64E272PK,,0,Active
1,B0DBLB6ZSH,amzn.gr.LSDO210GR2PK_RPR44WH2P-PM6BxN-LN,,1,Active
1,B0BLP1JSRK,LDMST64E2786PK-B1,LDMST64E2786PK,0,Active
1,B08TMKPGZL,amzn.gr.ENC772_AM-w7g3jVQbUp0FGPTfygf-LN,ENC9688,0,Active
1,B0F291VKCF,LSCY290RE+RPR44WH_AML,,0,Active
1,B0F28YR5JN,LSCY290NB+RPR44WH_AML,LSCY290NB+RPR44WH,0,Active
1,B0CCDKF18M,WCB3B+RPR44WH_AML,WCB3BM+RPR44WH,0,Inactive
1,B0CZXL6ZYG,TPOSBDBM_AML,TPOSBDBM,0,Inactive
1,B0BWJWGXD4,LSCY210BG+RPR44WH_AMD,,0,Active
1,B0FQVFP61X,CRFF108BM+PHRI1PBRBA+LSCY290BI,,0,Active
1,B095PVFF8B,LSGG200AR+SCRN70FG_AMD,,0,Inactive
1,B08VGMKHT7,LSCY290BM+RPR44WH_AMD1,LSCY290BM+RPR44WH,0,DISCOVERABLE
1,B0D453YVGN,PHSF2BMTBM+ICST64E27_AMD,,0,Inactive
1,B08VGMNGYN,LSCY290YB+RPR44WH_AMD1,LSCY290YB+RPR44WH,0,Active
1,B0D44XWSWS,PHSF2GDTFG+ICST64E27_AMD,,0,Active
1,B07ZFWL5T1,CRFF100GB+LHNSE27GB_AMD,,0,Inactive
1,B0FHPPQ21C,CRFF100BM2PK+LHNSE27BM2PK_AMD,,0,Active
1,B08Z7W3SYL,CRSF100BM+PHUH1HETBM+LSHM300HE_AMD,PHUH1HETBM+LSHM300HE,0,Active
1,B08X9Z14CG,PSDS4BMRGY_AMD,,0,Active
1,B0DFHMDZYQ,amzn.gr.LSCY290NB_RPR44WH-AC-MBLrHXMq-AC,,1,Active
1,B0D6VLZXY4,amzn.gr.ENC7392-Z0ml5WiLCR3G4QOdDORQy-AC,ENC7392,0,Active
1,B0F9WXH3SL,CL2RBMAPK_AMN,,0,Active
1,B0F7QZQS3Y,CL2TWHAPK_AMN,,0,Inactive
1,B0C3ZT3VR1,LSCY290BD+RPR44WH_AML,LSCY290CB+RPR44WH,0,Active
1,B0DMDWM25D,WCCYSP160WH2PK_AMD,,0,Inactive
1,B0DMDV1BF9,WCCYSP160BM2PK_AMD,ENC10225,0,Inactive
1,B0D93LH1YN,amzn.gr.ENC7472-uO1ZXX5BrRYpPgfkOiWdA-AC,,1,Active
1,B0B4K4MVSK,PSDS4BMRBU_AMN1,,0,Active
1,B0B4K4LN25,PSDS4BMRBL_AMN,,0,Inactive
1,B0BBB3V9M6,CL3RBW5PK_AMN,,0,Active
1,B0CFVCM4Z5,PSOS4BMTHE+ICST64E27_AMN,,0,Inactive
1,B0929BBD84,PLWEBC_AMN,PLWEFBC,0,Inactive
1,B08V8Y2TT3,CRSF100WH+LHNSE27WH+LSMS320BD_AMN,,1,Active
1,B08XBHQ8JJ,PSDS2BMRGR_AMD,,0,Active
1,B0BB32F8JN,amzn.gr.CL2RHE5PK-3YdtGG0VPzqzVi9AOGQ-VG,,1,Active
1,B0F8ML4W33,amzn.gr.ENC8743_AMN-h7jB5ngA3fM29-fZ1-LN,ENC8743,0,Active
1,B095PQ4R9M,LSCG185AR+SCRN70FG_AMD,,0,Active
1,B0B4K6KG4F,PSDS4BMRBR_AMN,,0,Inactive
1,B0FL767CVP,PHSF2GYTCH2PK+ICST64E272PK_AMD,,0,Active
1,B0DRYSCF1X,LHSHE27WH3PK_SM,LHSHE27WH3PK,0,Active
1,B083TNFR73,LDMST64E278pck3-AMN,,1,Active
1,B0D97RKT3N,ENC7486-AMN,,1,Active
1,B0D963FBMS,ENC7481-AMN,,1,Inactive
1,B0D93LH1YN,ENC7472-AMN,,1,Inactive
1,B0D6KSHMXF,LSDM220SN2PK+RPR44WH2PK-AMN,LSDM220SN2PK+RPR44WH2PK,0,Inactive
1,B0DRYSCF1X,LHSHE27WH3PK,,0,Active
1,B0G4QXYX5W,CRSF100BM+PHHF1PBRBM+LSWD360BM,,0,Inactive
1,B0DXQ9WYPB,LSCY290NB2PK+RPR44WH2PK_AMN1,,0,Active
1,B0DFHMC949,LSCY290BI+RPR44WH_AC,LSCY290BI+RPR44WH,0,Active
1,B0DFHMDZYQ,LSCY290NB+RPR44WH_AC,,0,Active
1,B0F8ML4W33,amzn.gr.ENC8743_AB-h7jB5ngA3fM29-fZ1_-LN,ENC8743,0,Active
1,B0BBB4H59J,CL3RGY5PK_AMN,,0,Inactive
1,B0D93LH1YN,amzn.gr.ENC7472-fVpCeaNdoNXb9jjwylwNb-LN,,1,Active
1,B07RWJR1D2,PLPYBC_AMD,,0,Active
1,B0BLP1JSRK,amzn.gr.LDMST64E2786PK-B1-60H9yWgQhY6-LN,,1,Active
1,B0F7QNZ95S,amzn.gr.ENC8614_AB-WtfpXZLfhQfADtlX_E-V,,1,Inactive
1,B0D453YVGN,amzn.gr.PHSF2BMTBM_ICST64E27-14QXt4rO-VG,,1,Active
1,B0C2CXYHRL,amzn.gr.ENC1917_AM-Q3vNW2XT5p-uRACfRh-VG,,1,Active
1,B0C3ZT3VR1,LSCY290BD+RPR44WH_,LSCY290CB+RPR44WH,0,Active
1,B0C3ZTBRHZ,LSCY290BM+RPR44WH_,LSCY290BM+RPR44WH,0,Active
1,B0F28YR5JN,LSCY290NB+RPR44WH__11,LSCY290NB+RPR44WH,0,Active
1,B0F291VKCF,LSCY290RE+RPR44WH__11,LSCY290RE+RPR44WH,0,Active
1,B0GGDTRTN7,CRFF100BM2PK+LHNSE27BM2PK+ICST64E272PK,ENC10315,0,Active
1,B0DRYSCF1X,LHSHE27WH3PK_AMN,,0,Inactive
1,B0C2CXYHRL,amzn.gr.ENC1917-gM6q0htzGmdD2o-UU9O4Y-LN,,1,Active
1,B0DD3C2Z39,LSDO210BS2PK+RPR44WH2PK_AMN1,,0,Active
1,B0CZNJPQMW,amzn.gr.LSSS300BL2PK_RPR44WH2P-TZpzJU-VG,,1,Active
1,B0GL6XJTVZ,ENC9164,,0,Active
1,B0CB7WP6YJ,SPSDP2BM6PK_AMD,,0,Active
1,B0DXQ7YWGJ,LSCY290YB2PK+RPR44WH2PK_AMN2,LSCY290YB2PK+RPR44WH2PK,0,Active
1,B0FQVFP61X,CRFF108BM+PHRI1PBRBA+LSCY290BI_AMD,,0,Inactive
1,B0D4YPCPPS,amzn.gr.LDMG80E2746Pk-OD4VjPSm58iyDKv-LN,,1,Active
1,B07L8GPT85,CL3TGY5PK_4,,0,Active
1,B0DFHMC949,LSCY290BI+RPR44WH_3,,0,Active
1,B0DFHMDZYQ,LSCY290NB+RPR44WH_3,,0,Active
1,B0CYZVX28V,LSCY290CO2PK+RPR44WH2PK _R,,0,Inactive
1,B0CXSQZ68C,LSCY290BD2PK+RPR44WH2PK_R,,1,Active
1,B0CXSS7XYX,LSCY290WH2PK+RPR44WH2PK_R,,0,Active
1,B0CXSQZ68C,LSCY290BD2PK+RPR44WH2PK_M,,1,Active
1,B0CYZVX28V,LSCY290CO2PK+RPR44WH2PK _M,,0,Inactive
1,B0CJ4Q2DF3,LSMCSPFLMC_AMN2,LSMCSPFLMC+RPM40WH,0,Active
1,B0GNZLCX15,LHXSHE27BM3PK,,0,Inactive
1,B0CXSS7XYX,LSCY290WH2PK+RPR44WH2PK_R_M,,1,Active
1,B0DXQ8YFC6,LSCY290RO2PK+RPR44WH2PK_AMN5,LSCY290RO2PK+RPR44WH2PK,0,Active
1,B08VGMKHT7,LSCY290BM+RPR44WH _W,,0,Active
1,B0C7BZ5756,LSCY290GC+RPR44WH _W,,0,Active
1,B0CNGGP2YF,TPHTTN2PBRBM_AMD,,0,Active
1,B083TNFR73,amzn.gr.LDMST64E278pck3_K-gkf3Do488DA-LN,,1,Active
1,B0F7QNZ95S,amzn.gr.ENC8614_AMN-QF6A41zSVGcZ1YwTC-LN,,1,Active
1,B0GGDTRTN7,CRFF100BM2PK+LHNSE27BM2PK+ICST64E272PK_A,ENC10315,0,Active
1,B0FKMDBX5K,CRFF108WH2PK+LHTKE27WH2PK_AMN,,0,Inactive
1,B0G4QXYX5W,CRSF100BM+PHHF1PBRBM+LSWD360BM_AMD,,0,Inactive
1,B0CH16WGCH,LSBF3BWG+ICST64E273PK_JK,,0,Active
1,B0CL1K1T2T,ENC5521_AMD,,0,Active
1,B0CHW3Q9VG,CRSF100YB+PHCHPCRYB+LSCY290YB_AML,,0,Active
1,B0GNZLCX15,LHXSHE27BM3PK_AMN,,0,Inactive
1,B0CJ4QZ15C,LSMCSPSQMC+RPM40WH_AMD2,LSMCSPSQMC+RPM40WH,0,Active
1,B08TMBY3QM,amzn.gr.ENC771-ALbzpezPFCXNrPE70wqAC4-AC,,1,Active
1,B09B3VTSQG,amzn.gr.CRFF500BM_PHMU1PBRYB3P-hfVpRE-VG,,1,Active
1,B0CCL729S8,amzn.gr.ENC1313-4aIti8zbenV8SzW7b2UDr-LN,ENC1313,0,Active
1,B0GL6XJTVZ,ENC9164_ABM,,0,Active
1,B0DFHMDZYQ,amzn.gr.LSCY290NB_RPR44WH-AC-dBaflldK-VG,,1,Active
1,B0GGDTRTN7,amzn.gr.CRFF100BM2PK_LHNSE27BM-kEAoe--LN,,1,Active
1,B09736Y1RB,amzn.gr.CRSF100BM_WSLS155YB_SC-VgMYWD-LN,,1,Active
1,B09479HV6W,amzn.gr.LDMG95E2783PK_A-ScPjiL8g4Kkek-LN,,1,Active
1,B0DXQ7YWGJ,LSCY290YB2PK+RPR44WH2PK_AMN22,,0,Inactive
1,B08TLSNGD7,amzn.gr.ENC775-KEC3lTtqUVyTNQp-2ISo5A-VG,,1,Active
1,B08X4J9CQ1,amzn.gr.CRSF100BM_LHNSE27CO_SC-fu15uj-VG,,1,Active
1,B08VGMNGYN,amzn.gr.LSCY290YB_RPR44WH_W-dX-qxdNI4-AC,,1,Active
1,B0CJ4QZ15C,amzn.gr.LSMCSPSQMC-vxn11B7cvAiukXtj4E-LN,,1,Active
1,B0D44XWSWS,amzn.gr.PHSF2GDTFG_ICST64E27-N9ZomutV-LN,,1,Active
1,B0C7BZ5756,amzn.gr.LSCY290GC_RPR44WH_AMD-09RenTi-LN,,1,Active
1,B0FL767CVP,amzn.gr.PHSF2GYTCH2PK_ICST64E2-oesz9s-LN,,1,Active
1,B08X4J9CQ1,amzn.gr.CRSF100BM_LHNSE27CO_SC-qMJC0P-VG,,1,Active
1,B0CSPDC2PX,amzn.gr.ENC6087-wB--OIEXxSlSBmthA1cKC-VG,,1,Active
1,B0DFHMC949,amzn.gr.LSCY290BI_RPR44WH_AC-7Fr0i8Nx-LN,,1,Active
1,B0CXSXN4KX,amzn.gr.LSMS320BI2PK_RPR44WH2P-UAYyvi-LN,,1,Active
1,B0BWJWGXD4,amzn.gr.LSCY210BG_RPR44WH_X-mf4Nn6JgG-LN,,1,Active
1,B0CGZQV9Y7,amzn.gr.LSMCSPFLMC_RPR44WH-lFx_tz6WSm-LN,LSMCSPFLMC+RPM40WH,0,Active
1,B0CL1K1T2T,amzn.gr.ENC5521_AMD-0N-uPzL11VB7n612g-LN,,1,Active
1,B0D6KSHMXF,amzn.gr.LSDM220SN2PK_RPR44WH2P-4RPUiw-LN,,1,Active
1,B0CZXL6ZYG,TK-RY7H-9131,,1,BUYABLE
2,267408816295,ENC4853,,0,
2,267408816295,ENC4852,,0,
2,267408816295,ENC4871,,0,
2,267408816295,ENC4870,,0,
2,267408816295,ENC4873,,0,
2,267408816295,ENC4872,,0,
2,267408816295,ENC4855,,0,
2,267408816295,ENC4854,,0,
2,267408816295,ENC4841,,0,
2,267408816295,ENC4840,,0,
2,267408816295,ENC4838,,0,
2,267408816295,ENC4839,,0,
2,267408816295,ENC4869,,0,
2,267408816295,ENC4868,,0,
2,267408816295,ENC4851,,0,
2,267408816295,ENC4850,,0,
2,267408816295,ENC4875,,0,
2,267408816295,ENC4874,,0,
2,267408816295,ENC4861,,0,
2,267408816295,ENC4860,,0,
2,267408816295,ENC4865,,0,
2,267408816295,ENC4864,,0,
2,267408816295,ENC4857,,0,
2,267408816295,ENC4856,,0,
2,267408816295,ENC4867,,0,
2,267408816295,ENC4866,,0,
2,267408816295,ENC4843,,0,
2,267408816295,ENC4842,,0,
2,267408816295,ENC4847,,0,
2,267408816295,ENC4846,,0,
2,267408816295,ENC4845,,0,
2,267408816295,ENC4844,,0,
2,267408816295,ENC4859,,0,
2,267408816295,ENC4858,,0,
2,267408816295,ENC4849,,0,
2,267408816295,ENC4848,,0,
2,267408816295,ENC4863,,0,
2,267408816295,ENC4862,,0,
2,267408816295,ENC4927,,0,
2,267408816295,ENC4926,,0,
2,267408816295,ENC4933,,0,
2,267408816295,ENC4932,,0,
2,267408816295,ENC4931,,0,
2,267408816295,ENC4930,,0,
2,267408816295,ENC4929,,0,
2,267408816295,ENC4928,,0,
1,B0DTQ47GBY,WCCYSP160GD2PK_AMD,ENC9313,0,Inactive
1,B0D7ZRWBS2,LSCY290BI2PK+RPR44WH2PK-AMN,LSCY290BI2PK+RPR44WH2PK,0,Inactive
1,B0965HZJGN,ENC686 AMZ,,1,Active
1,B07L8GPT85,CL3TGY5PK_AMD,,0,Active
1,B0CGRSQKF1,CRSF100BM+PHRYWP1RBM+ICST64E27-AMN,,1,Inactive
1,B08638WV4N,PHSF1AGTGB-AMN,PHSF1AGTGB2PK,0,Active
1,B0D7ZRWBS2,LSCY290BI2PK+RPR44WH2PK TA,LSCY290BI2PK+RPR44WH2PK,0,Active
1,B0CBCN1B9S,CRFF500BM+PHCH1BMRBM3PK+LSCY210BG3PK+IC,CRFF500BM+PHCH1BMRBM3PK+LSCY210BG3PK+ICST64E273PK,0,Inactive
1,B08LW1H15F,CRFF500BM+PHMU1PBRSN3PK+LSDM220SN3PK-AMN,,1,Inactive
1,B0CCHX3S7L,SPSDP2BM6PK-AMN,SPSDP2BM6PK,0,Active
1,B0C2VWXNZ2,CRSF100BM+WSLS155YB+SCRN70BM+LSFT220GYAM,CRSF100BM+WSLS155YB+SCRN70BM+LSFT220GY,0,Inactive
1,B0CCHXR4X2,SPSDP2WH3PK-AMN,SPSDP2WH3PK,0,Inactive
1,B0D6KSHMXF,LSDM220SN2PK+RPR44WH2PK-U,LSDM220SN2PK+RPR44WH2PK,0,Active
1,B0B9YBYDLP,CL3TBD5PK AM,CL3TBD5PK,0,DISCOVERABLE
1,B0B7SLHW8H,PHSF1GDTYB-AMN,PHSF1GDTYB,0,Inactive
1,B0CCJ2NWRP,SPSDP2BM5PK-AMN,SPSDP2BM5PK,0,Inactive
1,B0D298ZBH2,LSCY290WH2PK+RPR44WH2PK LS,LSCY290WH2PK+RPR44WH2PK,0,Active
1,B0CW5RLSQL,CRFF105GB2PK+HK10GB2PK-AMN,CRFF105GB2PK,0,Active
1,B0CW5RLSQL,CRFF105GB2PK+HK10GB2PK R,CRFF105GB2PK,0,Active
1,B0C1T71JK1,ENC338-AMN,ENC338,0,Active
1,B0CGRJ5PM4,CRSF100BM+SPSPLBM+PHRNWP2RBM-AMN,CRSF100BM+SPUPBM+PHRYWP2RBM,0,Inactive
1,B0C2VWXNZ2,CRSF100BM+WSLS155YB+SCRN70BM+LSFT220GY,WSFS1BMYB+SCRN70BM+LSFT220GY,0,Active
1,B09736Y1RB,CRSF100BM+WSLS155YB+SCRN70BM+LSFT220WH,WSFS1BMYB+SCRN70BM+LSFT220WH,0,Active
1,B0CCJ13D4W,SPSDP2WH5PK,SPSDP2WH5PK,0,DISCOVERABLE
1,B0CCHXR4X2,SPSDP2WH3PK,SPSDP2WH3PK,0,Active
1,B09736Y1RB,CRSF100BM+WSLS155YB+SCRN70BM+LSFT220WHF,CRSF100BM+WSLS155YB+SCRN70BM+LSFT220WH,0,Inactive
1,B0C2CXYHRL,ENC1917 AM,,1,Inactive
1,B09KNVBJZW,CRSF2003BM+PHRB1PBR40BM3PK+LSBS160GR3PKA,CRSF2003BM+PHRB1PBR40BM3PK+LSBS160GR3PK,0,Inactive
1,B079Z8W7FF,CL2TGDAPK D,CL2TGDAPK,0,Active
1,B0BB32F8JN,CL2RHE5PK,CL2RHE5PK,0,Active
1,B0CHW3Q9VG,CRSF100YB+PHCHPCRYB+LSCY290YB C,CRSF100YB+PHCHPCRYB+LSCY290YB,0,Active
1,B08S44XNJF,CRSF100BC+LHNSE27YB+SCRN70BC+LSWD360BC-A,CRSF100BC+LHNSE27YB+SCRN70BC+LSWD360BC,0,Active
1,B0CGZQV9Y7,LSMCSPFLMC+RPR44WH,LSMCSPFLMC+RPM40WH,0,Active
1,B09B3VTSQG,CRFF500BM+PHMU1PBRYB3PK+LSDM220YB3PK-AM,CRFF500BM+PHMU1PBRYB3PK+LSDM220YB3PK,0,Active
1,B0CH16WGCH,LSBF3BWG C,LSBF3BWG,0,Active
1,B0CGRSQKF1,CRSF100BM+PHRYWP1RBM+ICST64E27,CRSF100BM+PHRNWP1RBM+ICST64E27,0,Active
1,B0CGRJ5PM4,CRSF100BM+SPSPLBM+PHRNWP2RBM,CRSF100BM+SPUPBM+PHRYWP2RBM,0,Active
1,B08LW1H15F,CRFF500BM+PHMU1PBRSN3PK+LSDM220SN3PK R,CRFF500BM+PHMU1PBRSN3PK+LSDM220SN3PK,0,Inactive
1,B0CFVCM4Z5,PSOS4BMTHE+ICST64E27,,0,Inactive
1,B0CCL729S8,ENC1313,ENC1313,0,Active
1,B0CCJ2NWRP,SPSDP2BM5PK,SPSDP2BM5PK,0,Active
1,B0CCHX3S7L,SPSDP2BM6PK,SPSDP2BM6PK,0,Active
1,B0CCDKF18M,WCB3B+RPR44WH,WCB3BM+RPR44WH,0,Active
1,B0CCD4KL94,ENC5267,ENC5267,0,Inactive
1,B0CC1RD8S9,WLHSBMCY18,,0,Inactive
1,B0CBCN1B9S,CRFF500BM+PHCH1BMRBM3PK+LSCY210BG3PK-Yes,CRFF500BM+PHCH1BMRBM3PK+LSCY210BG3PK+ICST64E273PK,0,Active
1,B08S44XNJF,CRSF100BC+LHNSE27YB+SCRN70BC+LSWD360BC T,CRSF100BC+LHNSE27YB+SCRN70BC+LSWD360BC,0,Active
1,B0868DXK1B,CCBKNWE48,CCBKNWE48,0,Inactive
1,B093Y224LS,CRSF100BM+PHHT1PBRBM+LSHM400HE-AM,CRSF100BM+PHHT1PBRBM+LSHM400HE,0,BUYABLE
1,B07CQ1JXSP,dc12IP6760,,1,Active
1,B07CQ25M4K,12IP67150 DDD,12IP67150,0,Active
1,B0BB371NGW,CL2RBM5PK AM,CL2RBM5PK,0,DISCOVERABLE
1,B095Z3GZFK,CRFF500BM+PHRI1PBRYB3PK+LSFT220BM3PK A,CRFF500BM+PHRI1PBRYB3PK+LSFT220BM3PK,0,DISCOVERABLE
1,B0C3ZT3VR1,LSCY290BD+RPR44WH,LSCY290CB+RPR44WH,0,Active
1,B0C2CXYHRL,ENC1917,ENC1917,0,Active
1,B0C1T71JK1,ENC338,WSFS1BMYB+PSDS2BPB+SCRN70BM+LSFT220BM,0,Active
1,B07CQ1JXSP,12IP6760 D,12IP6760,0,Active
1,B07CPWC9PP,12IP6780 DD,12IP6780,0,Active
1,B07KW7TW1C,2CRBKNWEpck5 D,CL2RBWAPK,0,Active
1,B079Z8W7FF,2 Core Twised Gold 10 Meters D,CL2TGDAPK,0,Active
1,B0B9Y9F73N,CL3TIV5PK AM,CL3TIV5PK,0,Active
1,B09479HV6W,LDMG95E2783PK A,LDMG95E2783PK,0,Inactive
1,B09JM3PLLH,LDSG125LOE274 AMZ,LDSG125LOE274,0,Active
1,B09HS9YS4G,CL2TBW5PK AMZ,,1,Active
1,B0BLP1JSRK,LDMST64E2786PK,,0,Active
1,B0BBS118NM,CL3TBKAPK,CL3TBKAPK,0,Active
1,B0BBS3NXFM,CL3TBRAPK,CL3TBRAPK,0,Active
1,B0BBS81CB8,CL3TGYAPK,CL3TGYAPK,0,Active
1,B0BBS2CKY5,CL3TLGAPK,CL3TLGAPK,0,Inactive
1,B0BBB3V9M6,CL3RBW5PK,CL3RBW5PK,0,Active
1,B0BBB4H59J,CL3RGY5PK,CL3RGY5PK,0,Active
1,B0BBB5C64C,CL3RWH5PK,CL3RWH5PK,0,Active
1,B0BB371NGW,CL2RBM5PK,CL2RBM5PK,0,Active
1,B0B9Y9F73N,CL3TIV5PK,CL3TIV5PK,0,Active
1,B0B9YBYDLP,CL3TBD5PK,CL3TBD5PK,0,Active
1,B0B8VWLDFP,LDSG125MUE2742PK AM,LDSG125MUE2742PK,0,Active
1,B0B8VVQDZR,LDSG125LOE2742PK,,0,Active
1,B0B8VWLDFP,LDSG125MUE2742PK,,0,Active
1,B0B7SLHYYK,PHSF1ROTRO AM,PHSF1ROTRO,0,Active
1,B0B4K4LN25,PSDS4BMRBL,,0,Active
1,B0B7SLHW8H,PHSF1GDTYB,PHSF1GDTYB,0,Active
1,B0B7SLHYYK,PHSF1ROTRO,,0,Active
1,B0B4K4VWDZ,PSDS4BMRGD AM,PSDS4BMRGD,0,Active
1,B0B4K6KG4F,PSDS4BMRBR,,0,Active
1,B0B4K4MVSK,PSDS4BMRBU,,0,Active
1,B0B4K4VWDZ,PSDS4BMRGD,,0,Active
1,B0B4K5THS1,PSDS4BMRRO,,0,Active
1,B09WJC8S2P,CRFF140YB+WSNW170YB+LSOL220YB+ICST64E27,CRFF140YB+WSNW170YB+LSFT220YB+ICST64E27,1,Active
1,B094DN1XL1,PLADBC AM,PLADBC,0,BUYABLE
1,B09KNVBJZW,CRSF2003BM+PHRB1PBR40BM3PK+LSBS160GR3PK,CRSF2003BM+PHRB1PBR40BM3PK+LSBS160GR3PK,0,Active
1,B09JM3PLLH,G125RDS4WLOVEAMBERE27,LDSG125LOE274,0,Active
1,B0963P71QD,CRFF500BM+PHRI1PBRCO3PK+LSOL220CO3PK A,CRFF500BM+PHRI1PBRCO3PK+LSOL220CO3PK,0,DISCOVERABLE
1,B09HS9YS4G,CL2TBW5PK,,0,Active
1,B08LW1H15F,CRFF500BM+PHMU1PBRSN3PK+LSDM220SN3PK O,CRFF500BM+PHRI1PCRSN3PK+LSDM220SN3PK,0,Active
1,B09B3VTSQG,CRFF500BM+PHMU1PBRYB3PK+LSDM220YB3PK,CRFF500BM+PHCN1PBRYB3PK+LSDM220YB3PK,0,Inactive
1,B099FFBHBR,CRSF100YB+LHNSE27YB+SCRN70YB+LSOL220YB,CRSF100YB+LHNSE27YB+SCRN70YB+LSOL220YB,0,Active
1,B0963P71QD,CRFF500BM+PHRI1PBRCO3PK+LSOL220CO3PK,CRFF500BM+PHCHPBRCO3PK+LSOL220CO3PK,0,Inactive
1,B095Z3GZFK,CRFF500BM+PHRI1PBRYB3PK+LSFT220BM3PK,CRFF500BM+PHRI1PBRYB3PK+LSFT220BM3PK,0,Active
1,B09479HV6W,LDMG95E2783PK,LDMG95E2783PK,0,DISCOVERABLE
1,B093Y7ZZQF,ENC1312,ENC1312,0,Active
1,B093Y224LS,CRSF100BM+PHHT1PBRBM+LSHM400HE P,LSF1HT400HE,0,Active
1,B0929BBD84,PLWEBC,PLWEFBC,0,Active
1,B07KW7TW1C,2CRBKNWEpck5,CL2RBW5PK,0,DISCOVERABLE
1,B08638WV4N,CS-SHHRGBST+SFCRGBS pck2,PHSF1AGTGB2PK,0,Active
1,B07CPWC9PP,dc12IP6780,12IP6780,0,DISCOVERABLE
1,B083TNFR73,LDMST64E278pck3 K,LDMST64E2783PK,0,Active
1,B07CQ25M4K,dc12IP67150,12IP67150,0,BUYABLE
1,B0CC8Q45BL,CRSF100BM+WSSS70BM+LSSS300BM+ICST64E27-A,,1,Active
1,B0D4YPCPPS,LDMG80E2746Pk,LDMG80E2746PK,0,Active
1,B0D4YPCPPS,LDMG80E2746PK-AMD,,1,Inactive
1,B0CZNJPQMW,LSSS300BL2PK+RPR44WH2PK-AMD,,1,Active
1,B0D53FZ8GS,WCB2WH2PK+RPR44WH2PK-AMD,,1,Active
1,B0D6VLZXY4,ENC7392,ENC7392,0,Active
1,B08X4J9CQ1,CRSF100BM+LHNSE27CO+SCRN70CO+LSFT220ORAM,,1,Active
1,B0BNXHF2BR,CRSF100CO+PHSH1PBRCO+LSDO300CO-AMD,,1,Inactive
1,B0D53FZ8GS,WCB2WH2PK+RPR44WH2PK,,0,Active
1,B0D453YVGN,PHSF2BMTBM+ICST64E27,,0,Active
1,B0D44XWSWS,PHSF2GDTFG+ICST64E27,,0,Active
1,B0CS9PSKG3,LSTF40BG2PK+RPR44WH2PK-AMD,,1,Active
1,B09643CJ5N,CRFF500BM+PHCH1BMRBM3PK+LSDO210BG3PK-AMD,,1,Active
1,B0CZNJPQMW,LSSS300BL2PK+RPR44WH2PK BB,LSSS300BL2PK+RPR44WH2PK,0,Active
1,B0CYZVX28V,LSCY290CO2PK+RPR44WH2PK-AMD,LSCY290CO2PK+RPR44WH2PK,0,Inactive
1,B0CYZVX28V,LSCY290CO2PK+RPR44WH2PK R,LSCY290CO2PK+RPR44WH2PK,0,Inactive
1,B0CXSXN4KX,LSMS320BI2PK+RPR44WH2PK-AMD,,1,Active
1,B0CTC7XPNX,CRSF100BM+LHNSE27YB+SCRN70BM+LSFT220BG,,0,Active
1,B0CXSXN4KX,LSMS320BI2PK+RPR44WH2PK R,LSMS320BI2PK+RPR44WH2PK,0,Active
1,B0CXSS7XYX,LSCY290WH2PK+RPR44WH2PK-AMD,,1,Inactive
1,B0CXSQZ68C,LSCY290BD2PK+RPR44WH2PK R,LSCY290CB2PK+RPR44WH2PK,0,Active
1,B0CXSS7XYX,LSCY290WH2PK+RPR44WH2PK R,LSCY290WH2PK+RPR44WH2PK,0,Active
1,B08S44XNJF,PO-YWMU-C2VQ,CRSF120BC+LHNSE27YB+SCRN70BC+LSWD360BC,0,Active
1,B0CSPDC2PX,ENC6087,ENC6087,0,Active
1,B0CS9PS8J3,LSCY210BG3PK,LSCY210BG3PK+RPR44WH3PK,0,Active
1,B0CS9Q78XH,LSCY210BG2PK,LSCY210BG2PK+RPR44WH2PK,0,Active
1,B0CS9PSKG3,LSTF40BG2PK,,0,Active
1,B086385W3W,CS-SHHRCRT+SFCRCR pck2,PHSF1BRTCO2PK,0,Active
1,B0BNXHF2BR,CRSF100CO+PHSH1PBRCO+LSDO300COX,CRSF100CO+PHSH1PBRCO+LSDO300CO,0,Inactive
1,B0BWJWGXD4,LSCY210BG+RPR44WH X,LSCY210BG+RPR44WH,0,Active
1,B0C9TSHB33,LSCY210BM+RPR44WH G,LSCY210BM+RPR44WH,0,Active
1,B0C7BZ5756,LSCY290GC+RPR44WH W,LSCY290GC+RPR44WH,0,Active
1,B08VGMKHT7,LSCY290BM+RPR44WH W,LSCY290BM+RPR44WH,0,Active
1,B0CL1K1T2T,ENC5521 T,ENC5521,0,Active
1,B08VGMNGYN,LSCY290YB+RPR44WH W,LSCY290YB+RPR44WH,0,Active
1,B07ZFWL5T1,FFCRGBS+STHRGBS,CRSF100GB+LHNSE27GB,0,Active
1,B0DFHMDZYQ,LSCY290NB+RPR44WH-AC,LSCY290NB+RPR44WH,0,Active
1,B07RWJR1D2,WPWS-PNBS,PLPYBC,0,Active
1,B0915XVRMG,CRSF100BM+LHNSE27CO+SCRN70CO+LSFT220YB M,CRSF100BM+LHNSE27CO+SCRN70CO+LSFT220YB,0,Active
1,B09643CJ5N,CRFF500BM+PHCH1BMRBM3PK+LSDO210BG3PK T,CRFF500BM+PHCH1BMRBM3PK+LSDO210BG3PK,0,Active
1,B0DFHMC949,LSCY290BI+RPR44WH-AC,LSCY290BI+RPR44WH,0,Active
1,B096FPKPNQ,ENC685 K,ENC685,0,Active
1,B0DBLB6ZSH,LSDO210GR2PK+RPR44WH2PK C,LSDO210GR2PK+RPR44WH2PK,0,Active
1,B0DMDV1BF9,WCCYSP160BM2PK,ENC10225,0,Inactive
1,B07L8GPT85,3CTGY 5m,CL3TGY5PK,0,Active
1,B0DMDWM25D,WCCYSP160WH2PK,ENC9314,0,Active
1,B094DN1XL1,PLADBC M,PLADBC,0,Active
1,B0DTQ47GBY,WCCYSP160GD2PK_AA,ENC9313,0,Inactive
1,B0DFHMDZYQ,LSCY290NB+RPR44WH -AMD,,1,Active
1,B0C7BZ5756,LSCY290GC+RPR44WH AMD,,1,Inactive
1,B0CS9PS8J3,LSCY210BG3PK+RPR44WH3PK-WW,,1,Active
1,B0CS9Q78XH,LSCY210BG2PK+RPR44WH2PK-AMBG,LSCY210BG2PK+RPR44WH2PK,0,Active
1,B0DFHMC949,LSCY290BI+RPR44WH-,,1,Active
1,B0DFHMC949,LSCY290BI+RPR44WH-ABI,LSCY290BI+RPR44WH,0,Active
1,B07CSVGZMV,CL3TBUAPK-DC,CL3TBUAPK,0,Active
1,B0C9TSHB33,LSCY210BM+RPR44WH-AMX,LSCY210BM+RPR44WH,0,Active
1,B07CWFSGB3,12IP20360 - BP,,1,Inactive
1,B0CXSQZ68C,LSCY290BD2PK+RPR44WH2PK-AMD,,1,Active
1,B0CNGGP2YF,TPHTTN2PBRBM,,0,Active
1,B08TMKPGZL,ENC772 AM,ENC9688,0,Active
1,B096FPKPNQ,ENC685 AM,ENC685,0,Active
1,B08X4KB22H,CRSF100BM+LHNSE27CO+SCRN70CO+LSFT220BC A,ENC9698,0,Active
1,B08WX46R2X,ENC905 AM,,1,Inactive
1,B0CJ4Q2DF3,LSMCSPFLMC,LSMCSPFLMC+RPM40WH,0,Active
1,B0CJ4QZ15C,LSMCSPSQMC,LSMCSPSQMC+RPM40WH,0,Active
1,B0965HZJGN,ENC686,,0,Active
1,B08Z7RZC6W,CRSF100BM+PHUH1HETBM+LSHM400HE FBA,PHUH1HETBM+LSHM400HE,0,Active
1,B0CC8Q45BL,CRSF100BM+WSSS70BM+LSSS300BM+ICST64E27,,0,Active
1,B07CWFSGB3,IP20 12V 360W,,1,Inactive
1,B0CB7WP6YJ,SPSDP2BM6PK D,SPSDP2BM6PK,0,Active
1,B08TMBY3QM,ENC771 FBA,ENC771,0,Active
1,B08TLSNGD7,ENC775 AM,,1,Active
1,B0915XVRMG,CRSF100BM+LHNSE27CO+SCRN70CO+LSFT220YB A,CRSF100BM+LHNSE27CO+SCRN70CO+LSFT220YB,0,Active
1,B09K7GSHQ9,ENC2016Z,,1,DISCOVERABLE
1,B07CWFSGB3,IP20 12V 360W X,,1,Inactive
1,B08Z7RZC6W,CRSF100BM+PHUH1HETBM+LSHM400HE AM,LSF1HU400HE,0,Active
1,B09K7GSHQ9,ENC2016,,0,Active
1,B09BV65JL2,PSDS2BMRBW.1,PSDS2BMRBW,0,Active
1,B095PQ4R9M,LSCG185AR+SCRN70FG,,0,Active
1,B095PVFF8B,LSGG200AR+SCRN70FG,,0,Active
1,B08Z7W3SYL,CRSF100BM+PHUH1HETBM+LSHM300HE,PHUH1HETBM+LSHM300HE,0,Active
1,B08XBHQ8JJ,PSDS2BMRGR,,0,Active
1,B08X9Z14CG,PSDS4BMRGY,,0,Active
1,B08X4KB22H,CRSF100BM+LHNSE27CO+SCRN70CO+LSFT220BC,ENC9698,0,Active
1,B08X4J9CQ1,CRSF100BM+LHNSE27CO+SCRN70CO+LSFT220OR,,0,Active
1,B08WX46R2X,ENC905,,0,Active
1,B08WJHR3FD,CRSF100YB+LHNSE27YB+LSRP260YB,,0,Active
1,B08V8Y2TT3,CRSF100WH+LHNSE27WH+LSMS320BD,CRSF100WH+LHNSE27WH+LSMS320CB,0,Active
1,B08TMBY3QM,ENC771,,0,Active
1,B08TMKPGZL,ENC772,ENC9688,0,Active
1,B08TLSNGD7,ENC775,,0,Active
1,B07CSVGZMV,3CTBD10M,CL3TBUAPK,0,Inactive
1,B0D298ZBH2,LSCY290WH2PK+RPR44WH2PK -AMN,LSCY290WH2PK+RPR44WH2PK,0,Inactive
1,B0BBB5C64C,CL3RWH5PK FBA,,1,Inactive
1,B0CCD4KL94,ENC5267 FBA,,1,Inactive
1,B0868DXK1B,CCBKNWE48 FBA,,1,Inactive
1,B0CH16WGCH,amzn.gr.LSBF3BWG-AM-zkASe-V25Gr2dv_vB-LN,LSBF3BWG,0,Active
1,B0CGRSQKF1,amzn.gr.CRSF100BM_PHRYWP1RBM_I-REwWPM-LN,,1,Active
1,B0C3ZTBRHZ,LSCY290BM+RPR44WH FBM,LSCY290BM+RPR44WH,0,Inactive
1,B0D7ZTRLBH,LSCY290BM2PK+RPR44WH2PK FBA,LSCY290BM2PK+RPR44WH2PK,0,Active
1,B0CCJ13D4W,SPSDP2WH5PK FBA,SPSDP2WH5PK,0,Inactive
1,B0B8VVQDZR,LDSG125LOE2742PK AM,LDSG125LOE2742PK,0,Active
1,B0DD3C2Z39,LSDO210BS2PK+RPR44WH2PK,LSDO210BS2PK+RPR44WH2PK,0,Active
1,B0BB32F8JN,CL2RHE5PK AM,,1,Active
1,B0CC1RD8S9,WLHSBMCY18-AMN,,1,Inactive
1,B0D97RKT3N,ENC7486,,0,Active
1,B0D963FBMS,ENC7481,,0,Active
1,B099FFBHBR,CRSF100YB+LHNSE27YB+SCRN70YB+LSOL220YB-A,CRSF100YB+LHNSE27YB+SCRN70YB+LSOL220YB,0,Inactive
1,B0D93LH1YN,ENC7472,ENC7472,0,Active
1,B0CZXL6ZYG,TPOSBDBM,TPOSBDBM,0,Active
1,B086385W3W,PHSF1BRTCO2PK AM,PHSF1BRTCO2PK,0,Active
1,B0CBMQZ8P6,PHSF2BMRBM+SPSDP2BM-AM,PHSF2BMRBM+SPSDP2BM,0,Active
1,B0BB371NGW,CL2RBM5PK-AM,,1,Inactive
1,B079Z8W7FF,2 Core Twised Gold 10 Meters,,1,Inactive
1,B0DXQB7T3C,LSCY290GY2PK+RPR44WH2PK-U,LSCY290GY2PK+RPR44WH2PK,0,Active
1,B0D7ZTRLBH,LSCY290BM2PK+RPR44WH2PK- TA,LSCY290BM2PK+RPR44WH2PK,0,Active
1,B0D7ZRWBS2,LSCY290BI2PK+RPR44WH2PK -TA,LSCY290BI2PK+RPR44WH2PK,0,Active
1,B0DXQB65RY,LSCY290AA2PK+RPR44WH2PK-U,LSCY290AA2PK+RPR44WH2PK,0,Inactive
1,B0DXQ7YWGJ,LSCY290YB2PK+RPR44WH2PK-U,LSCY290YB2PK+RPR44WH2PK,0,Active
1,B0DXQ8YFC6,LSCY290RO2PK+RPR44WH2PK-U,LSCY290RO2PK+RPR44WH2PK,0,Active
1,B0DZ1VPNYY,RWWPSY1080YE2PK-U,RWWPSY1080YE2PK,0,Active
1,B0CGZQV9Y7,LSMCSPFLMC+RPR44WH_AMD,LSMCSPFLMC+RPM40WH,0,Inactive
1,B0DXQB65RY,LSCY290AA2PK+RPR44WH2PK AMN,LSCY290AA2PK+RPR44WH2PK,0,Inactive
