order_item_info,order_id,source_name,asin,item_id,sku,quantity,order_total,item_price,order_date,ss_name,fba_sales
1155762,bq-0095_1063252731-A,B&Q,,,PSDS4BMRGD,1,13.07,13.07,2026-05-01 00:30:12,bq_ledsone,false
1155822,bq-0095_1063254518-B,B&Q,,,TSTS50WH,1,9.00,9.00,2026-05-01 07:05:36,bq_ledsone,false
1155878,bq-0095_1063258575-B,B&Q,,,PHSF2AGRGB,3,35.97,11.99,2026-05-01 09:10:18,bq_ledsone,false
1155892,bq-0095_1063260118-A,B&Q,,,PHSF2BMTBM,2,22.78,11.39,2026-05-01 09:42:19,bq_ledsone,false
1155994,bq-0095_1063268393-C,B&Q,,,WCFRO3DCPBBM,1,45.03,45.03,2026-05-01 11:57:37,bq_ledsone,false
1155995,bq-0095_1063268439-B,B&Q,,,LDCWGU1076PK,1,14.29,14.29,2026-05-01 11:58:15,bq_ledsone,false
1156017,bq-0095_1063269494-A,B&Q,,,STFG4845WH,1,9.00,9.00,2026-05-01 12:13:32,bq_ledsone,false
1156080,bq-0095_1063277239-B,B&Q,,,LDMST64B228,2,18.00,9.00,2026-05-01 14:19:15,bq_ledsone,false
1156088,bq-0095_1063277802-A,B&Q,,,CRSF100CO+PHMU1PBRCO+LSDO210BC,1,19.87,19.87,2026-05-01 14:27:40,bq_ledsone,false
1156089,bq-0095_1063278856-A,B&Q,,,LSFT220OR+RPR44WH,3,34.68,11.56,2026-05-01 14:44:39,bq_ledsone,false
1156157,bq-0095_1063285827-A,B&Q,,,CRFF105WH,1,9.00,9.00,2026-05-01 16:43:15,bq_ledsone,false
1156158,bq-0095_1063285965-A,B&Q,,,STFG4845WH,1,9.00,9.00,2026-05-01 16:44:57,bq_ledsone,false
1156169,bq-0095_1063287312-A,B&Q,,,LSTF400YE2PK+RPR44WH2PK,1,30.68,30.68,2026-05-01 17:07:39,bq_ledsone,false
1156242,bq-0095_1063293817-A,B&Q,,,LSGLFP245GR+SCRN70BM,1,17.89,17.89,2026-05-01 19:17:37,bq_ledsone,false
1156258,bq-0095_1063294673-A,B&Q,,,LDMG95E2782PK,1,10.35,10.35,2026-05-01 19:36:37,bq_ledsone,false
1156333,bq-0095_1063299071-A,B&Q,,,TSLTRE,1,9.00,9.00,2026-05-01 21:28:18,bq_ledsone,false
1156334,bq-0095_1063299843-A,B&Q,,,LDMG95E2743PK,1,9.00,9.00,2026-05-01 21:49:57,bq_ledsone,false
1156353,bq-0095_1063300901-A,B&Q,,,LDCWA60HB227,1,7.89,7.89,2026-05-01 22:22:55,bq_ledsone,false
1156402,bq-0095_1063303369-A,B&Q,,,LDMG95B2246PK,1,13.51,13.51,2026-05-02 01:17:33,bq_ledsone,false
1156435,bq-0095_1063304998-A,B&Q,,,LDCWGU1056PK,1,13.49,13.49,2026-05-02 07:30:32,bq_ledsone,false
1156461,bq-0095_1063307705-A,B&Q,,,CRSF100BM2PK+PHRYWP1RBM2PK,3,68.37,22.79,2026-05-02 08:51:20,bq_ledsone,false
1156462,bq-0095_1063307959-A,B&Q,,,CSBEB9AG+CSBEB9BM,1,10.89,10.89,2026-05-02 08:57:58,bq_ledsone,false
1156466,bq-0095_1063308656-A,B&Q,,,CL2RBW5PK,1,12.08,12.08,2026-05-02 09:11:38,bq_ledsone,false
1156495,bq-0095_1063311474-A,B&Q,,,CRSF100BM+PHTT1PBR1BM,1,11.56,11.56,2026-05-02 10:03:55,bq_ledsone,false
1156496,bq-0095_1063312128-C,B&Q,,,LSCY290YB+RPR44WH,2,31.18,15.59,2026-05-02 10:13:16,bq_ledsone,false
1156545,bq-0095_1063318387-A,B&Q,,,CSBEB9GY+CSBEB9BM,1,10.89,10.89,2026-05-02 11:44:40,bq_ledsone,false
1156600,bq-0095_1063325145-B,B&Q,,,STFG4845WH,1,9.00,9.00,2026-05-02 13:14:21,bq_ledsone,false
1156618,bq-0095_1063326578-A,B&Q,,,CSBEB6OR+CSBEB6WH,1,20.40,20.40,2026-05-02 13:31:56,bq_ledsone,false
1156619,bq-0095_1063326605-C,B&Q,,,CRFF105GB,1,9.00,9.00,2026-05-02 13:32:17,bq_ledsone,false
1156644,bq-0095_1063329444-A,B&Q,,,RWT570YE,1,9.00,9.00,2026-05-02 14:09:16,bq_ledsone,false
1156645,bq-0095_1063330574-A,B&Q,,,RWT6150YE,1,15.89,15.89,2026-05-02 14:24:01,bq_ledsone,false
1156664,bq-0095_1063331944-A,B&Q,,,STFG4845WH,1,9.00,9.00,2026-05-02 14:41:38,bq_ledsone,false
1156685,bq-0095_1063334332-A,B&Q,,,RWWPSYBF25GY,1,9.00,9.00,2026-05-02 15:15:36,bq_ledsone,false
1156701,bq-0095_1063336314-C,B&Q,,,CRSF100BM+LHNSE27YB+SCRN70YB+LSFT220BI,1,18.32,18.32,2026-05-02 15:42:13,bq_ledsone,false
1156707,bq-0095_1063337243-A,B&Q,,,LDCWGU1076PK,1,14.29,14.29,2026-05-02 15:54:41,bq_ledsone,false
1156722,bq-0095_1063339154-A,B&Q,,,LHPVE27BM5PK,1,9.00,9.00,2026-05-02 16:21:06,bq_ledsone,false
1156761,bq-0095_1063342277-B,B&Q,,,LDMG95E2743PK,2,18.00,9.00,2026-05-02 17:07:39,bq_ledsone,false
1156825,bq-0095_1063346530-A,B&Q,,,WCB1BM+RPR44WH,1,9.00,9.00,2026-05-02 18:26:35,bq_ledsone,false
1156847,bq-0095_1063348785-A,B&Q,,,PSHYOS4BRBM,1,15.07,15.07,2026-05-02 19:13:16,bq_ledsone,false
1156894,bq-0095_1063352630-A,B&Q,,,CSBEB1BM2PK,1,10.00,10.00,2026-05-02 20:43:18,bq_ledsone,false
1156912,bq-0095_1063354207-A,B&Q,,,LDMST64B228,1,9.00,9.00,2026-05-02 21:22:40,bq_ledsone,false
1156934,bq-0095_1063354521-A,B&Q,,,CRSF100BM+PHTT1PBR1BM,1,11.56,11.56,2026-05-02 21:31:13,bq_ledsone,false
1156948,bq-0095_1063355886-A,B&Q,,,PHSF1GDRYB,1,10.28,10.28,2026-05-02 22:14:17,bq_ledsone,false
1156967,bq-0095_1063356159-B,B&Q,,,PHHCF1BMRBM,2,45.78,22.89,2026-05-02 22:24:18,bq_ledsone,false
1156968,bq-0095_1063356304-A,B&Q,,,PHSF1BRTCO,2,36.12,18.06,2026-05-02 22:28:34,bq_ledsone,false
1156969,bq-0095_1063356648-A,B&Q,,,LDCWGU1076PK,1,14.29,14.29,2026-05-02 22:41:19,bq_ledsone,false
1156970,bq-0095_1063356832-A,B&Q,,,LDMST64B228,2,18.00,9.00,2026-05-02 22:49:00,bq_ledsone,false
1156974,bq-0095_1063356958-A,B&Q,,,CRSF100BC+LHNSE27YB+SCRN70BC+LSWD360BC+ICST64E27,2,67.32,33.66,2026-05-02 22:53:54,bq_ledsone,false
1156984,bq-0095_1063357145-C,B&Q,,,RWWPSY12GY2PK,1,9.00,9.00,2026-05-02 23:01:33,bq_ledsone,false
1156992,bq-0095_1063357680-A,B&Q,,,TSST349133WO4PK,1,20.49,20.49,2026-05-02 23:31:21,bq_ledsone,false
1157083,bq-0095_1063360978-A,B&Q,,,CRSF100BM+PHSW1PBRBM+LSFT220SN,3,55.74,18.58,2026-05-03 08:31:03,bq_ledsone,false
1157102,bq-0095_1063362265-D,B&Q,,,STMT4845WH5PK,1,12.56,12.56,2026-05-03 09:07:20,bq_ledsone,false
1157158,bq-0095_1063369417-B,B&Q,,,CRFF105WH,4,36.00,9.00,2026-05-03 11:10:23,bq_ledsone,false
1157159,bq-0095_1063369417-B,B&Q,,,CRFF105CH,1,9.00,9.00,2026-05-03 11:10:23,bq_ledsone,false
1157160,bq-0095_1063369417-B,B&Q,,,LHSHE27CH,1,9.00,9.00,2026-05-03 11:10:23,bq_ledsone,false
1157161,bq-0095_1063370305-A,B&Q,,,CRFF105SN,1,9.00,9.00,2026-05-03 11:23:18,bq_ledsone,false
1157175,bq-0095_1063370586-A,B&Q,,,CL3THE5PK,2,24.94,12.47,2026-05-03 11:26:58,bq_ledsone,false
1157176,bq-0095_1063370978-A,B&Q,,,LSGL14023SG+RPM40WH,1,14.89,14.89,2026-05-03 11:32:57,bq_ledsone,false
1157177,bq-0095_1063371720-B,B&Q,,,PHSF2BMTBM,1,11.39,11.39,2026-05-03 11:43:16,bq_ledsone,false
1157195,bq-0095_1063373033-A,B&Q,,,CRSF100BM+PHTT1PBR1BM,1,11.56,11.56,2026-05-03 12:01:19,bq_ledsone,false
1157196,bq-0095_1063374530-A,B&Q,,,PLWEFBC+LDMST64E274,2,51.98,25.99,2026-05-03 12:21:24,bq_ledsone,false
1157254,bq-0095_1063379145-A,B&Q,,,SPSDP2YB,2,18.00,9.00,2026-05-03 13:27:16,bq_ledsone,false
1157255,bq-0095_1063379748-A,B&Q,,,LDMG125E2783PK,1,19.44,19.44,2026-05-03 13:35:58,bq_ledsone,false
1157256,bq-0095_1063380393-A,B&Q,,,CRSF1204BM+PHRY2PCRBM4PK,1,39.49,39.49,2026-05-03 13:44:38,bq_ledsone,false
1157265,bq-0095_1063380968-A,B&Q,,,LSCY290DYE+RPR44WH,2,33.78,16.89,2026-05-03 13:52:39,bq_ledsone,false
1157395,bq-0095_1063391757-C,B&Q,,,STFG4845WH,1,9.00,9.00,2026-05-03 16:32:00,bq_ledsone,false
1157396,bq-0095_1063392592-A,B&Q,,,STMT4845WH,1,9.85,9.85,2026-05-03 16:46:05,bq_ledsone,false
1157402,bq-0095_1063393299-A,B&Q,,,LSGL14023SG3PK+RPM40WH3PK,1,36.69,36.69,2026-05-03 16:58:42,bq_ledsone,false
1157419,bq-0095_1063394432-B,B&Q,,,STMT4845WH,1,9.85,9.85,2026-05-03 17:19:19,bq_ledsone,false
1157447,bq-0095_1063395134-B,B&Q,,,CRSF100BM2PK+LHNSE27BM2PK+LSTF400BM2PK,1,27.29,27.29,2026-05-03 17:32:58,bq_ledsone,false
1157489,bq-0095_1063398166-A,B&Q,,,CRSF2003BM+LHLAE2710BBM+LHLAE2715BBM+LHLAE275BBM+LDMA60E274WW3PK,2,54.52,27.26,2026-05-03 18:32:58,bq_ledsone,false
1157516,bq-0095_1063399576-B,B&Q,,,CRFF100GB+LHNSE27GB,2,27.52,13.76,2026-05-03 19:02:40,bq_ledsone,false
1157517,bq-0095_1063399775-C,B&Q,,,PSDS2BMRBW,1,13.19,13.19,2026-05-03 19:07:38,bq_ledsone,false
1157542,bq-0095_1063401511-A,B&Q,,,LSGLULAR+RPM40WH,2,27.78,13.89,2026-05-03 19:44:40,bq_ledsone,false
1157583,bq-0095_1063404717-A,B&Q,,,12IP6715,1,9.00,9.00,2026-05-03 20:56:02,bq_ledsone,false
1157620,bq-0095_1063406742-A,B&Q,,,STFG4845WH,1,9.00,9.00,2026-05-03 21:42:58,bq_ledsone,false
1157621,bq-0095_1063406994-A,B&Q,,,TSST349135WO6PK,1,44.89,44.89,2026-05-03 21:48:20,bq_ledsone,false
1157640,bq-0095_1063408203-D,B&Q,,,CRFF100BM+LHNSE27BM+ICST64E27,1,16.82,16.82,2026-05-03 22:22:37,bq_ledsone,false
1157649,bq-0095_1063408982-B,B&Q,,,CRSF100BM+LHNSE27YB+LSHH240BM,1,16.63,16.63,2026-05-03 22:45:39,bq_ledsone,false
1157876,bq-0095_1063426294-B,B&Q,,,RWT480YE,1,9.00,9.00,2026-05-04 11:41:17,bq_ledsone,false
1157877,bq-0095_1063427211-A,B&Q,,,LSGLFP245BL,2,35.78,17.89,2026-05-04 11:49:54,bq_ledsone,false
1157892,bq-0095_1063427396-B,B&Q,,,LDCWT75B22122PK,1,16.50,16.50,2026-05-04 11:52:12,bq_ledsone,false
1157942,bq-0095_1063431784-A,B&Q,,,LSGL14010CL3PK+RPM40WH3PK,1,23.89,23.89,2026-05-04 12:46:03,bq_ledsone,false
1157943,bq-0095_1063432062-A,B&Q,,,LDMT185E2742PK,1,14.18,14.18,2026-05-04 12:48:22,bq_ledsone,false
1157952,bq-0095_1063432812-A,B&Q,,,CRSF100WH,2,18.00,9.00,2026-05-04 12:56:43,bq_ledsone,false
1157960,bq-0095_1063434770-B,B&Q,,,RWWPSY1050YE2PK,1,9.00,9.00,2026-05-04 13:20:26,bq_ledsone,false
1158020,bq-0095_1063439168-D,B&Q,,,RWT570YE,1,9.00,9.00,2026-05-04 14:16:03,bq_ledsone,false
1158077,bq-0095_1063445052-A,B&Q,,,STFG4845WH,1,9.00,9.00,2026-05-04 15:27:59,bq_ledsone,false
1158078,bq-0095_1063446751-A,B&Q,,,CRSF100GY,2,18.00,9.00,2026-05-04 15:49:22,bq_ledsone,false
1158088,bq-0095_1063447017-A,B&Q,,,LDMG95E2743PK,1,9.00,9.00,2026-05-04 15:52:40,bq_ledsone,false
1158139,bq-0095_1063450261-A,B&Q,,,RWWPSY1060YE,1,9.00,9.00,2026-05-04 16:37:18,bq_ledsone,false
1158147,bq-0095_1063451838-A,B&Q,,,TSTS40WH,1,9.00,9.00,2026-05-04 17:00:26,bq_ledsone,false
1158194,bq-0095_1063454815-A,B&Q,,,LHPVHRE27WH6PK,1,18.79,18.79,2026-05-04 17:42:40,bq_ledsone,false
1158198,bq-0095_1063455980-E,B&Q,,,LHXCCE27WH3PK,1,10.29,10.29,2026-05-04 17:59:22,bq_ledsone,false
1158215,bq-0095_1063456239-A,B&Q,,,PLHNBS+ICST64E27,1,9.86,9.86,2026-05-04 18:02:58,bq_ledsone,false
1158238,bq-0095_1063457804-C,B&Q,,,12IP6736,1,9.23,9.23,2026-05-04 18:27:44,bq_ledsone,false
1158239,bq-0095_1063458612-B,B&Q,,,COWP4W3CBM,1,9.00,9.00,2026-05-04 18:41:19,bq_ledsone,false
1158240,bq-0095_1063458720-C,B&Q,,,CRSF100BM+PHCH2BMRBM+SPWRBM+SPUWBM+LSSS300BM,1,25.68,25.68,2026-05-04 18:41:57,bq_ledsone,false
1158264,bq-0095_1063460716-A,B&Q,,,TSTS50WH,1,9.00,9.00,2026-05-04 19:14:43,bq_ledsone,false
1158295,bq-0095_1063461969-A,B&Q,,,CSBEB9NB+CSBEB9BM,1,10.89,10.89,2026-05-04 19:36:38,bq_ledsone,false
1158313,bq-0095_1063464208-A,B&Q,,,PHSF2BWRWH,1,9.00,9.00,2026-05-04 20:10:48,bq_ledsone,false
1158341,bq-0095_1063465416-B,B&Q,,,CRSF100BM2PK+PHRYWP1RBM2PK,1,22.79,22.79,2026-05-04 20:30:04,bq_ledsone,false
1158342,bq-0095_1063466752-A,B&Q,,,WCCYSQGD2PK,2,83.36,41.68,2026-05-04 20:50:36,bq_ledsone,false
1158351,bq-0095_1063467269-B,B&Q,,,PSOS4BMTHE+ICST64E27,1,15.89,15.89,2026-05-04 20:59:01,bq_ledsone,false
1158404,bq-0095_1063470747-A,B&Q,,,WCB5BM+RPR44WH,1,9.00,9.00,2026-05-04 21:56:39,bq_ledsone,false
1158417,bq-0095_1063471319-B,B&Q,,,CRFF100FG,1,9.00,9.00,2026-05-04 22:07:41,bq_ledsone,false
1158418,bq-0095_1063471996-D,B&Q,,,LDMG125E2782PK,1,12.04,12.04,2026-05-04 22:23:40,bq_ledsone,false
1158442,bq-0095_1063473422-A,B&Q,,,TSST349135WOHPK,2,219.78,109.89,2026-05-04 23:00:38,bq_ledsone,false
1158463,bq-0095_1063474560-B,B&Q,,,CRFF140GL+LHNSE27YB+SCRN70BM+LSDO210GR+CBFF140BM,1,15.74,15.74,2026-05-04 23:41:37,bq_ledsone,false
1158464,bq-0095_1063474561-B,B&Q,,,WSNWBS+LSHQ180BS+ICST64E27,2,67.36,33.68,2026-05-04 23:41:38,bq_ledsone,false
1158621,bq-0095_1063478211-B,B&Q,,,LSCP150WH+RPR44WH,1,9.00,9.00,2026-05-05 08:32:02,bq_ledsone,false
1158624,bq-0095_1063479095-A,B&Q,,,HRE2738WHCPK,1,10.29,10.29,2026-05-05 09:00:22,bq_ledsone,false
1158661,bq-0095_1063481913-C,B&Q,,,RWT560YE,1,9.00,9.00,2026-05-05 10:08:19,bq_ledsone,false
1158662,bq-0095_1063482285-A,B&Q,,,WCB6BC2PK+RPR44WH2PK,6,104.88,17.48,2026-05-05 10:17:23,bq_ledsone,false
1158677,bq-0095_1063483416-A,B&Q,,,PHSF2BWTSN,3,37.41,12.47,2026-05-05 10:40:39,bq_ledsone,false
1158716,bq-0095_1063486624-B,B&Q,,,LSDO210BG+RPR44WH,1,11.56,11.56,2026-05-05 11:41:17,bq_ledsone,false
1158750,bq-0095_1063488350-B,B&Q,,,CENU36300BM,1,7.49,7.49,2026-05-05 12:11:01,bq_ledsone,false
1158791,bq-0095_1063491925-A,B&Q,,,CL2TWH5PK,1,10.49,10.49,2026-05-05 13:17:25,bq_ledsone,false
1158867,bq-0095_1063497329-A,B&Q,,,CL2TBW5PK,1,11.95,11.95,2026-05-05 14:58:01,bq_ledsone,false
1158868,bq-0095_1063497377-A,B&Q,,,CRSF2003SN+PHMU1PBRSN3PK+LSDM220SN3PK,1,47.18,47.18,2026-05-05 14:58:04,bq_ledsone,false
1158883,bq-0095_1063498018-A,B&Q,,,CRSF100BM2PK+LHNSE27BM2PK+LSTF400OR2PK,2,57.78,28.89,2026-05-05 15:10:48,bq_ledsone,false
1158929,bq-0095_1063501332-A,B&Q,,,CRFF105GB,1,9.00,9.00,2026-05-05 16:14:46,bq_ledsone,false
1158930,bq-0095_1063501830-A,B&Q,,,STFG4845WH,1,9.00,9.00,2026-05-05 16:24:31,bq_ledsone,false
1158989,bq-0095_1063505221-B,B&Q,,,AFWHTBYB3PK,1,19.69,19.69,2026-05-05 17:31:06,bq_ledsone,false
1159040,bq-0095_1063507598-A,B&Q,,,CRSF100CO3PK+PHMU1PBRCO3PK+LSDO210BC3PK,1,57.30,57.30,2026-05-05 18:24:06,bq_ledsone,false
1159041,bq-0095_1063507936-A,B&Q,,,CCBKNWE3,1,9.00,9.00,2026-05-05 18:30:20,bq_ledsone,false
1159042,bq-0095_1063507942-A,B&Q,,,CERU36200GR,1,9.00,9.00,2026-05-05 18:30:21,bq_ledsone,false
1159043,bq-0095_1063508028-B,B&Q,,,CRSF100BM+PHSW1PBRBM+LSFT220YB,1,18.58,18.58,2026-05-05 18:33:22,bq_ledsone,false
1159044,bq-0095_1063508658-A,B&Q,,,LHSHE27GB,1,9.00,9.00,2026-05-05 18:46:44,bq_ledsone,false
1159079,bq-0095_1063511680-A,B&Q,,,LSGL14010CL3PK+RPM40WH3PK,1,23.89,23.89,2026-05-05 19:58:57,bq_ledsone,false
1159126,bq-0095_1063513016-A,B&Q,,,LDCWGU1036PK,1,12.29,12.29,2026-05-05 20:29:01,bq_ledsone,false
1159127,bq-0095_1063513454-A,B&Q,,,CL2TGD5PK,1,11.95,11.95,2026-05-05 20:37:00,bq_ledsone,false
1159135,bq-0095_1063514440-A,B&Q,,,12UK3P10A,1,17.15,17.15,2026-05-05 20:57:21,bq_ledsone,false
1159136,bq-0095_1063514520-A,B&Q,,,PHSF2BRRCO,1,14.55,14.55,2026-05-05 20:58:43,bq_ledsone,false
1159172,bq-0095_1063516565-B,B&Q,,,CRSF100WH+LHNSE27WH+LSMS320YE,1,20.49,20.49,2026-05-05 21:43:01,bq_ledsone,false
1159173,bq-0095_1063516565-B,B&Q,,,CRSF100WH+LHNSE27WH+LSMS320RE,1,20.49,20.49,2026-05-05 21:43:01,bq_ledsone,false
1159174,bq-0095_1063516589-A,B&Q,,,CRSF100CO+WSNW170CO+SCRN70CO+LSTF40CO,2,39.40,19.70,2026-05-05 21:44:01,bq_ledsone,false
1159186,bq-0095_1063517024-A,B&Q,,,LSTM320GR+RPR44WH,2,32.58,16.29,2026-05-05 21:56:09,bq_ledsone,false
1159221,bq-0095_1063518475-A,B&Q,,,CRSF100BM+SPWRBM+SCRN70BM+LSMS320YE+PHFMSH2BRYB,1,32.88,32.88,2026-05-05 22:35:58,bq_ledsone,false
1159236,bq-0095_1063519148-A,B&Q,,,SPSDP2WH,1,9.00,9.00,2026-05-05 23:02:21,bq_ledsone,false
1159248,bq-0095_1063519914-A,B&Q,,,WCCYROGD2PK,2,72.52,36.26,2026-05-05 23:48:19,bq_ledsone,false
1159264,bq-0095_1063520258-B,B&Q,,,CRSF100BM+WSHR135BM+LSFT220YB+ICST64E27,2,43.74,21.87,2026-05-06 00:26:22,bq_ledsone,false
1159382,bq-0095_1063523853-A,B&Q,,,WLWOFTBM2PK,1,14.35,14.35,2026-05-06 08:46:19,bq_ledsone,false
1159493,bq-0095_1063533926-A,B&Q,,,LDCWGU1056PK,1,13.49,13.49,2026-05-06 12:21:21,bq_ledsone,false
1159513,bq-0095_1063534735-A,B&Q,,,CRSF2003BM+SCRN70BM3PK+SPWRBM3PK+LSFT220OR3PK+ICST64E273PK+PHFMSH2BRYB3PK,2,158.86,79.43,2026-05-06 12:36:45,bq_ledsone,false
1159514,bq-0095_1063535408-B,B&Q,,,CSBEB1BM2PK,1,10.00,10.00,2026-05-06 12:50:05,bq_ledsone,false
1159527,bq-0095_1063535868-A,B&Q,,,LDMG95E2742PK,1,10.35,10.35,2026-05-06 13:04:35,bq_ledsone,false
1159546,bq-0095_1063537975-A,B&Q,,,CRSF1202WH,1,9.00,9.00,2026-05-06 13:40:04,bq_ledsone,false
1159550,bq-0095_1063538960-C,B&Q,,,LDWWE27152PK,1,13.74,13.74,2026-05-06 13:57:39,bq_ledsone,false
1159586,bq-0095_1063540330-A,B&Q,,,PHSG1PBRYB+SCRN70BM+LSGG200AR,1,34.96,34.96,2026-05-06 14:26:19,bq_ledsone,false
1159587,bq-0095_1063540374-A,B&Q,,,CRFF500BM+PHNW1RBS3PK+ICST64E273PK,1,27.49,27.49,2026-05-06 14:27:03,bq_ledsone,false
1159588,bq-0095_1063541028-A,B&Q,,,12IP20150,4,70.68,17.67,2026-05-06 14:42:43,bq_ledsone,false
1159592,bq-0095_1063541597-A,B&Q,,,LDMST64E2783PK,1,12.47,12.47,2026-05-06 14:51:22,bq_ledsone,false
1159633,bq-0095_1063544412-B,B&Q,,,CRFF500BM+PHNW1RRR3PK+ICST64E273PK,1,27.49,27.49,2026-05-06 15:47:22,bq_ledsone,false
1159634,bq-0095_1063544412-B,B&Q,,,CRFF140BM+LHNSE27YB+SCRN70BM+LSTF40BG+ICST64E27,1,23.89,23.89,2026-05-06 15:47:22,bq_ledsone,false
1159677,bq-0095_1063546283-B,B&Q,,,CCBKNWE72PK,2,19.98,9.99,2026-05-06 16:25:24,bq_ledsone,false
1159779,bq-0095_1063553578-A,B&Q,,,LDCWGU1036PK,1,12.29,12.29,2026-05-06 19:04:42,bq_ledsone,false
1159810,bq-0095_1063555459-A,B&Q,,,CRFF2005BM+PHHR2HETHE5PK+SPHEBM5PK+ICST64E275PK+CBFF200BM+CBFA200BM5PK,1,55.89,55.89,2026-05-06 19:47:01,bq_ledsone,false
1159831,bq-0095_1063556680-B,B&Q,,,STFG4845WH,1,9.00,9.00,2026-05-06 20:14:40,bq_ledsone,false
1159856,bq-0095_1063558021-A,B&Q,,,CSBEB9NB+CSBEB9BM,1,10.89,10.89,2026-05-06 20:43:40,bq_ledsone,false
1159892,bq-0095_1063558995-A,B&Q,,,LDCWA60HB229,1,9.00,9.00,2026-05-06 21:05:39,bq_ledsone,false
1159913,bq-0095_1063560529-B,B&Q,,,12BO48,1,10.94,10.94,2026-05-06 21:41:04,bq_ledsone,false
1160113,bq-0095_1063570030-B,B&Q,,,TSTS50WH,1,9.00,9.00,2026-05-07 09:38:59,bq_ledsone,false
1160114,bq-0095_1063570214-B,B&Q,,,LLROWB9W,1,9.29,9.29,2026-05-07 09:41:40,bq_ledsone,false
1160132,bq-0095_1063571203-A,B&Q,,,CRSF100CO2PK+LHNSE27CO2PK+SCRN70CO2PK+LSTF40CO2PK,1,29.89,29.89,2026-05-07 10:03:46,bq_ledsone,false
1160198,bq-0095_1063576095-A,B&Q,,,TSLCQA15WH3PK+TSWGQBRE2PK,1,19.99,19.99,2026-05-07 11:44:00,bq_ledsone,false
1160255,bq-0095_1063580098-A,B&Q,,,PSHNOS2BRBM,1,10.40,10.40,2026-05-07 13:03:45,bq_ledsone,false
1160303,bq-0095_1063583361-A,B&Q,,,CRSF100BM+WSNW170BM+SCRN70BA+LSTF40BM+ICST64E27,1,20.39,20.39,2026-05-07 14:10:01,bq_ledsone,false
1160304,bq-0095_1063584450-A,B&Q,,,CRSF100YB+LHNSE27YB+SCRN70YB+LSTF40YB,2,34.22,17.11,2026-05-07 14:30:20,bq_ledsone,false
1160323,bq-0095_1063584450-A,B&Q,,,CRFF100CO+LHNSE27CO,1,13.76,13.76,2026-05-07 14:30:20,bq_ledsone,false
1160324,bq-0095_1063585011-A,B&Q,,,PSDS2BMRBM,1,13.19,13.19,2026-05-07 14:42:05,bq_ledsone,false
1160331,bq-0095_1063585631-A,B&Q,,,PSOS4BMTHE+ICST64E27,1,15.89,15.89,2026-05-07 14:55:05,bq_ledsone,false
1160357,bq-0095_1063587376-A,B&Q,,,12BO18,1,9.00,9.00,2026-05-07 15:32:42,bq_ledsone,false
1160358,bq-0095_1063587476-A,B&Q,,,CRSF100BM+PHTT1PBR1BM,1,11.56,11.56,2026-05-07 15:35:21,bq_ledsone,false
1160359,bq-0095_1063587476-A,B&Q,,,CRSF100WH+PHTT1PWR1WH,1,14.18,14.18,2026-05-07 15:35:21,bq_ledsone,false
1160360,bq-0095_1063587610-C,B&Q,,,RWT480YE,1,9.00,9.00,2026-05-07 15:38:08,bq_ledsone,false
1160361,bq-0095_1063587819-A,B&Q,,,LSFT220BC+RPR44WH,2,23.12,11.56,2026-05-07 15:43:10,bq_ledsone,false
1160413,bq-0095_1063591035-A,B&Q,,,CRFF105BA,1,9.00,9.00,2026-05-07 16:56:30,bq_ledsone,false
1160423,bq-0095_1063591803-A,B&Q,,,RWWPSY1080YE,1,9.00,9.00,2026-05-07 17:08:50,bq_ledsone,false
1160448,bq-0095_1063593085-B,B&Q,,,CRSF100BM2PK+LHNSE27CO2PK+SCRN70CO2PK+LSFT220BI2PK+ICST64E272PK,1,29.00,29.00,2026-05-07 17:39:07,bq_ledsone,false
1160473,bq-0095_1063594059-A,B&Q,,,CSBET1XLBR,1,10.00,10.00,2026-05-07 18:02:24,bq_ledsone,false
1160603,bq-0095_1063601537-A,B&Q,,,CRSF100BM+PHCH2BMRBM+SPWRBM+SPUPBM+LSCY290BB,1,35.75,35.75,2026-05-07 21:10:53,bq_ledsone,false
1160604,bq-0095_1063601537-A,B&Q,,,CRSF1202BM+SPWRBM2PK+SCRN70BM2PK+LSCY290BC2PK+ICST64E272PK+PHFMSH2BRYB2PK,1,47.49,47.49,2026-05-07 21:10:53,bq_ledsone,false
1160631,bq-0095_1063602697-A,B&Q,,,LSMS320OR2PK+RPR44WH2PK,1,23.39,23.39,2026-05-07 21:39:44,bq_ledsone,false
1160672,bq-0095_1063605293-B,B&Q,,,TSST349135WO6PK,4,179.56,44.89,2026-05-07 23:27:05,bq_ledsone,false
1160820,bq-0095_1063611320-B,B&Q,,,LDMG95E2743PK,2,18.00,9.00,2026-05-08 09:48:08,bq_ledsone,false
1160834,bq-0095_1063612351-A,B&Q,,,TSST349131GR4PK,1,32.89,32.89,2026-05-08 10:02:03,bq_ledsone,false
1160835,bq-0095_1063613001-A,B&Q,,,12MIP2060,1,9.00,9.00,2026-05-08 10:17:46,bq_ledsone,false
1160853,bq-0095_1063614013-A,B&Q,,,RWWPSY1050YE2PK,1,9.00,9.00,2026-05-08 10:38:46,bq_ledsone,false
1160873,bq-0095_1063615297-A,B&Q,,,LDMG95E2743PK,1,9.00,9.00,2026-05-08 11:03:02,bq_ledsone,false
1160874,bq-0095_1063615297-A,B&Q,,,LDMG125E2782PK,1,12.04,12.04,2026-05-08 11:03:02,bq_ledsone,false
1160904,bq-0095_1063616678-A,B&Q,,,PSHYOS4BRBM+CBMP140BM,1,17.49,17.49,2026-05-08 11:31:05,bq_ledsone,false
1160924,bq-0095_1063618849-A,B&Q,,,LDCWGU1076PK,1,14.29,14.29,2026-05-08 12:15:51,bq_ledsone,false
1161017,bq-0095_1063626121-A,B&Q,,,LSGLBC160AR2PK+RPM40WH2PK,1,26.89,26.89,2026-05-08 14:39:04,bq_ledsone,false
1161018,bq-0095_1063626469-A,B&Q,,,RWWPSY1080YE,1,9.00,9.00,2026-05-08 14:46:15,bq_ledsone,false
1161042,bq-0095_1063627312-A,B&Q,,,CRFF105YB,1,9.00,9.00,2026-05-08 15:03:07,bq_ledsone,false
1161056,bq-0095_1063629153-B,B&Q,,,TSLCQB25WH,3,27.00,9.00,2026-05-08 15:43:41,bq_ledsone,false
1161063,bq-0095_1063629545-A,B&Q,,,LDMG125B2282PK,1,13.74,13.74,2026-05-08 15:50:45,bq_ledsone,false
1161064,bq-0095_1063629666-A,B&Q,,,LDMG125E2782PK,1,12.04,12.04,2026-05-08 15:53:11,bq_ledsone,false
1161120,bq-0095_1063633195-B,B&Q,,,LDMG95E2745PK,1,18.92,18.92,2026-05-08 17:09:46,bq_ledsone,false
1161132,bq-0095_1063634483-A,B&Q,,,CRSF100BM2PK+LHNSE27YB2PK+SCRN70BM2PK+LSFT220GB2PK+ICST64E272PK,1,29.00,29.00,2026-05-08 17:40:06,bq_ledsone,false
1161133,bq-0095_1063634483-A,B&Q,,,CRFF100BM+LHNSE27BM,1,10.29,10.29,2026-05-08 17:40:06,bq_ledsone,false
1161134,bq-0095_1063634483-A,B&Q,,,LDMG95E2743PK,1,9.00,9.00,2026-05-08 17:40:06,bq_ledsone,false
1161145,bq-0095_1063635835-A,B&Q,,,SPSDP2BM3PK,1,15.79,15.79,2026-05-08 18:11:21,bq_ledsone,false
1161203,bq-0095_1063639199-B,B&Q,,,LSGLBC160AR2PK+RPM40WH2PK,1,26.89,26.89,2026-05-08 19:38:02,bq_ledsone,false
1161218,bq-0095_1063640139-A,B&Q,,,TSTS50WH,1,9.00,9.00,2026-05-08 20:05:39,bq_ledsone,false
1161219,bq-0095_1063640191-A,B&Q,,,LSLT360GY+RPR44WH,2,24.08,12.04,2026-05-08 20:10:01,bq_ledsone,false
1161233,bq-0095_1063641134-A,B&Q,,,WCFL180BM2PK,1,18.14,18.14,2026-05-08 20:37:22,bq_ledsone,false
1161258,bq-0095_1063642125-A,B&Q,,,CRFF105YB,1,9.00,9.00,2026-05-08 21:06:02,bq_ledsone,false
1161275,bq-0095_1063642843-A,B&Q,,,CRSF2003BM+LHLAE2715BBM+LHLAE2710BBM+LHLAE275BBM+LDMA60E2743PK,2,60.58,30.29,2026-05-08 21:29:45,bq_ledsone,false
1161312,bq-0095_1063645222-B,B&Q,,,LDMG95E2743PK,3,27.00,9.00,2026-05-08 23:07:01,bq_ledsone,false
1161340,bq-0095_1063645859-A,B&Q,,,LDMG125E2783PK,1,19.44,19.44,2026-05-09 03:55:18,bq_ledsone,false
1161390,bq-0095_1063646126-B,B&Q,,,CRSF100BC+LHSHE27BC+SCRN70BC+LSUL220BC,3,53.16,17.72,2026-05-09 08:27:23,bq_ledsone,false
1161391,bq-0095_1063649168-A,B&Q,,,CL3RBMAPK,1,22.99,22.99,2026-05-09 08:30:21,bq_ledsone,false
1161408,bq-0095_1063651010-C,B&Q,,,RWWPSY1050YE,1,9.00,9.00,2026-05-09 09:21:07,bq_ledsone,false
1161431,bq-0095_1063652517-A,B&Q,,,CRSF1202BM+SCRN70BM2PK+LSFT220RE2PK+PHFMSH2BRYB2PK,1,34.44,34.44,2026-05-09 09:54:51,bq_ledsone,false
1161471,bq-0095_1063657095-A,B&Q,,,CRSF2003BM+LHLAE2710BBM+LHLAE2715BBM+LHLAE275BBM,1,19.70,19.70,2026-05-09 11:20:44,bq_ledsone,false
1161488,bq-0095_1063657760-A,B&Q,,,CRFF105YB,1,9.00,9.00,2026-05-09 11:31:28,bq_ledsone,false
1161510,bq-0095_1063660296-A,B&Q,,,CRSF100BM+LHNSE27BM+LSTF400GR+ICST64E27,1,21.89,21.89,2026-05-09 12:13:23,bq_ledsone,false
1161511,bq-0095_1063660859-A,B&Q,,,RWWPSY0640YE2PK,1,10.99,10.99,2026-05-09 12:22:22,bq_ledsone,false
1161533,bq-0095_1063662667-C,B&Q,,,SCRN70BM+LSDO210BG+ICST64E27+PHSG1PBRYB,1,20.40,20.40,2026-05-09 12:50:43,bq_ledsone,false
1161551,bq-0095_1063663495-C,B&Q,,,LDMG95E2745PK,1,18.92,18.92,2026-05-09 13:03:45,bq_ledsone,false
1161600,bq-0095_1063669150-A,B&Q,,,LSCY290GC+RPR44WH,1,14.68,14.68,2026-05-09 14:39:04,bq_ledsone,false
1161641,bq-0095_1063671815-A,B&Q,,,WLWOFTBM,3,27.00,9.00,2026-05-09 15:24:24,bq_ledsone,false
1161642,bq-0095_1063673127-A,B&Q,,,LDMG95E2745PK,1,18.92,18.92,2026-05-09 15:48:08,bq_ledsone,false
1161688,bq-0095_1063675839-B,B&Q,,,STKP48EBR5PK,1,13.27,13.27,2026-05-09 16:32:31,bq_ledsone,false
1161726,bq-0095_1063679871-A,B&Q,,,CRSF100SN2PK+LHNSE27SN2PK+SCRN70BM2PK+LSTF40SN2PK,1,25.09,25.09,2026-05-09 17:52:05,bq_ledsone,false
1161734,bq-0095_1063680208-A,B&Q,,,LSCY290OR+RPR44WH,1,16.71,16.71,2026-05-09 17:58:26,bq_ledsone,false
1161761,bq-0095_1063682464-A,B&Q,,,CRSF120CH,4,36.00,9.00,2026-05-09 18:50:41,bq_ledsone,false
1161785,bq-0095_1063683276-A,B&Q,,,WCB5BM+RPR44WH,1,9.00,9.00,2026-05-09 19:11:03,bq_ledsone,false
1161806,bq-0095_1063684246-A,B&Q,,,LSLG190BG,1,27.29,27.29,2026-05-09 19:37:21,bq_ledsone,false
1161807,bq-0095_1063684658-A,B&Q,,,LDCWA55B225,1,9.00,9.00,2026-05-09 19:49:21,bq_ledsone,false
1161818,bq-0095_1063685007-A,B&Q,,,RWWPSYBF50GY,1,9.00,9.00,2026-05-09 20:00:24,bq_ledsone,false
1161853,bq-0095_1063686058-A,B&Q,,,STFG4845WH,1,9.00,9.00,2026-05-09 20:33:05,bq_ledsone,false
1161869,bq-0095_1063687460-A,B&Q,,,LSCY290CO2PK+RPR44WH2PK,1,33.89,33.89,2026-05-09 21:17:03,bq_ledsone,false
1161870,bq-0095_1063687460-A,B&Q,,,PHSHF1PBRCO2PK+LDA60B228CW2PK,1,23.97,23.97,2026-05-09 21:17:03,bq_ledsone,false
1161871,bq-0095_1063687611-A,B&Q,,,LDMG95E2745PK,2,37.84,18.92,2026-05-09 21:21:08,bq_ledsone,false
1161872,bq-0095_1063687611-A,B&Q,,,CRFF140GB+WSFSGB+ICST64E27+CBFF140BM,2,28.58,14.29,2026-05-09 21:21:08,bq_ledsone,false
1161915,bq-0095_1063689402-A,B&Q,,,CRSF100BS+PHHF1PBRBS+LSWD360BS+ICST64E27,1,24.89,24.89,2026-05-09 22:25:00,bq_ledsone,false
1161938,bq-0095_1063691275-A,B&Q,,,TSTLRUSRB,1,10.35,10.35,2026-05-10 00:28:21,bq_ledsone,false
1161955,bq-0095_1063691687-A,B&Q,,,STFG4845WH,1,9.00,9.00,2026-05-10 02:13:46,bq_ledsone,false
1161958,bq-0095_1063691817-A,B&Q,,,LHSHE27WH,1,9.00,9.00,2026-05-10 03:47:04,bq_ledsone,false
1162106,bq-0095_1063698121-A,B&Q,,,PHSF1BWRSN,1,10.27,10.27,2026-05-10 10:24:06,bq_ledsone,false
1162107,bq-0095_1063699148-A,B&Q,,,ENC3538,1,36.99,36.99,2026-05-10 10:44:24,bq_ledsone,false
1162136,bq-0095_1063702125-A,B&Q,,,12UK3P2A,1,9.49,9.49,2026-05-10 11:36:26,bq_ledsone,false
1162144,bq-0095_1063703088-A,B&Q,,,24IP6730,1,14.83,14.83,2026-05-10 11:54:12,bq_ledsone,false
1162145,bq-0095_1063703483-A,B&Q,,,LSGL9015CL2PK+RPM40WH2PK,1,13.89,13.89,2026-05-10 11:59:26,bq_ledsone,false
1162159,bq-0095_1063703727-B,B&Q,,,LDMST64E278,1,9.00,9.00,2026-05-10 12:03:12,bq_ledsone,false
1162193,bq-0095_1063706764-A,B&Q,,,CRSF100BM+WSWR2HTBLBM+WCWODSBM+ICST64E27+RD20+WR+NT5,2,45.78,22.89,2026-05-10 12:53:07,bq_ledsone,false
1162194,bq-0095_1063707350-A,B&Q,,,CERU36200GR,1,9.00,9.00,2026-05-10 13:01:14,bq_ledsone,false
1162224,bq-0095_1063710162-B,B&Q,,,CRFF500BM+PHNW1RBC3PK,1,26.49,26.49,2026-05-10 13:48:25,bq_ledsone,false
1162239,bq-0095_1063711376-A,B&Q,,,CRSF100YB+WSNW170YB+SCRN70YB+LSFT220YB,2,41.32,20.66,2026-05-10 14:07:11,bq_ledsone,false
1162240,bq-0095_1063712023-A,B&Q,,,LSGLBC160AR3PK+RPM40WH3PK,1,43.89,43.89,2026-05-10 14:17:22,bq_ledsone,false
1162264,bq-0095_1063712622-A,B&Q,,,CRSF100BM+PHRYWP2RBM,1,13.19,13.19,2026-05-10 14:27:07,bq_ledsone,false
1162269,bq-0095_1063714122-A,B&Q,,,LDMG95E2745PK,1,18.92,18.92,2026-05-10 14:52:25,bq_ledsone,false
1162270,bq-0095_1063714154-A,B&Q,,,CSBEB9GY+CSBEB9NB,1,10.89,10.89,2026-05-10 14:53:23,bq_ledsone,false
1162284,bq-0095_1063715410-A,B&Q,,,PSDS2BMRRO,1,13.19,13.19,2026-05-10 15:11:45,bq_ledsone,false
1162285,bq-0095_1063715672-D,B&Q,,,LSEL400GY+RPR44WH,1,14.94,14.94,2026-05-10 15:18:03,bq_ledsone,false
1162354,bq-0095_1063719628-B,B&Q,,,LSLT360BM+RPR44WH,1,12.04,12.04,2026-05-10 16:30:08,bq_ledsone,false
1162355,bq-0095_1063719706-A,B&Q,,,COWP4W3CBM,2,18.00,9.00,2026-05-10 16:31:08,bq_ledsone,false
1162356,bq-0095_1063720394-A,B&Q,,,RWWPSY1060YE,1,9.00,9.00,2026-05-10 16:44:47,bq_ledsone,false
1162386,bq-0095_1063722301-C,B&Q,,,STFG4845WH,1,9.00,9.00,2026-05-10 17:21:05,bq_ledsone,false
1162427,bq-0095_1063722721-B,B&Q,,,LSFT220BI+RPR44WH,1,11.56,11.56,2026-05-10 17:29:45,bq_ledsone,false
1162428,bq-0095_1063723644-A,B&Q,,,PHSF1GYRCH,2,20.54,10.27,2026-05-10 17:50:21,bq_ledsone,false
1162429,bq-0095_1063723721-B,B&Q,,,LSGL7512CL3PK+RPM40WH3PK,1,22.89,22.89,2026-05-10 17:51:45,bq_ledsone,false
1162484,bq-0095_1063726628-B,B&Q,,,CRSF100BM2PK+LHNSE27YB2PK+SCRN70BM2PK+LSTF40BG2PK+ICST64E272PK,1,31.78,31.78,2026-05-10 18:57:46,bq_ledsone,false
1162503,bq-0095_1063727433-A,B&Q,,,CL3RRE5PK,1,12.86,12.86,2026-05-10 19:16:28,bq_ledsone,false
1162530,bq-0095_1063728165-A,B&Q,,,PHBR1BMRBM,1,19.99,19.99,2026-05-10 19:33:26,bq_ledsone,false
1162531,bq-0095_1063728165-A,B&Q,,,PHHT1FBRBM,6,81.60,13.60,2026-05-10 19:33:26,bq_ledsone,false
1162603,bq-0095_1063732934-A,B&Q,,,PHSF1GYRWH,1,12.87,12.87,2026-05-10 21:20:06,bq_ledsone,false
1162629,bq-0095_1063733987-B,B&Q,,,CRFF100BM2PK+LHNSE27BM2PK+ICST64E272PK,1,29.42,29.42,2026-05-10 21:44:07,bq_ledsone,false
1162669,bq-0095_1063736036-A,B&Q,,,LHC5E27WH,1,10.35,10.35,2026-05-10 22:40:07,bq_ledsone,false
1162676,bq-0095_1063736532-A,B&Q,,,LDCWA95B2222,1,8.89,8.89,2026-05-10 22:59:45,bq_ledsone,false
1162684,bq-0095_1063737030-A,B&Q,,,WSFH1BMYB2PK+PSDS2BPB2PK+SCRN70BM2PK+LSFT220BL2PK+ICST64E272PK,1,31.90,31.90,2026-05-10 23:22:24,bq_ledsone,false
1162866,bq-0095_1063740873-A,B&Q,,,PHSF1BMTYB,2,20.54,10.27,2026-05-11 08:42:05,bq_ledsone,false
1162918,bq-0095_1063744114-B,B&Q,,,STBFT50M48EWH2PK,1,9.00,9.00,2026-05-11 10:07:53,bq_ledsone,false
1162945,bq-0095_1063745343-D,B&Q,,,12UK3P1A,1,9.00,9.00,2026-05-11 10:33:32,bq_ledsone,false
1162946,bq-0095_1063745887-A,B&Q,,,CRFF105BA,1,9.00,9.00,2026-05-11 10:44:04,bq_ledsone,false
1162957,bq-0095_1063746401-B,B&Q,,,LSMS320GR+RPR44WH,1,14.29,14.29,2026-05-11 10:53:32,bq_ledsone,false
1162958,bq-0095_1063746476-A,B&Q,,,CRFF500BM+PHNW1RBM3PK,1,26.49,26.49,2026-05-11 10:56:10,bq_ledsone,false
1163015,bq-0095_1063748929-A,B&Q,,,CRFF105BA,1,9.00,9.00,2026-05-11 11:41:32,bq_ledsone,false
1163022,bq-0095_1063749844-A,B&Q,,,LSSC315GR+SPCC320BM+RPR44WH,6,155.34,25.89,2026-05-11 11:57:25,bq_ledsone,false
1163033,bq-0095_1063750015-A,B&Q,,,TSWGQBRE+TSLCQA10WH3PK+TSLTRE,1,22.89,22.89,2026-05-11 12:02:11,bq_ledsone,false
1163034,bq-0095_1063750904-A,B&Q,,,CL2RAG5PK,1,9.00,9.00,2026-05-11 12:16:33,bq_ledsone,false
1163102,bq-0095_1063754215-A,B&Q,,,CRSF100BC+PHHT1PBRBC+WCSRBC+ICT45E2760,2,52.56,26.28,2026-05-11 13:19:18,bq_ledsone,false
1163135,bq-0095_1063756415-A,B&Q,,,LSGLFP245BL,12,214.68,17.89,2026-05-11 13:58:23,bq_ledsone,false
1163149,bq-0095_1063756740-A,B&Q,,,LSCY290OR+RPR44WH,2,33.42,16.71,2026-05-11 14:04:10,bq_ledsone,false
1163191,bq-0095_1063760538-B,B&Q,,,RWT5100YE,1,9.85,9.85,2026-05-11 15:16:31,bq_ledsone,false
1163192,bq-0095_1063760538-B,B&Q,,,RWT570YE,2,18.00,9.00,2026-05-11 15:16:31,bq_ledsone,false
1163233,bq-0095_1063763730-B,B&Q,,,LDMG95E2743PK,1,9.00,9.00,2026-05-11 16:17:28,bq_ledsone,false
1163257,bq-0095_1063765619-A,B&Q,,,LSTM320BW+RPR44WH,1,16.29,16.29,2026-05-11 16:53:48,bq_ledsone,false
1163258,bq-0095_1063765735-A,B&Q,,,PSDS4BMRBM+ICST64E27,1,18.84,18.84,2026-05-11 16:56:29,bq_ledsone,false
1163269,bq-0095_1063766446-C,B&Q,,,TSWGQBRE+TSLCQA25WH3PK+TSLTRE,1,25.00,25.00,2026-05-11 17:12:08,bq_ledsone,false
1163300,bq-0095_1063768322-A,B&Q,,,PHSF1GDRYB,1,10.28,10.28,2026-05-11 17:51:12,bq_ledsone,false
1163323,bq-0095_1063769614-A,B&Q,,,LSGL7512CL3PK+RPM40WH3PK,1,22.89,22.89,2026-05-11 18:18:09,bq_ledsone,false
1163341,bq-0095_1063770806-A,B&Q,,,LHSWPBB22GD,1,9.18,9.18,2026-05-11 18:42:26,bq_ledsone,false
1163342,bq-0095_1063770944-A,B&Q,,,WLWOCPBM,3,42.87,14.29,2026-05-11 18:46:45,bq_ledsone,false
1163399,bq-0095_1063771991-A,B&Q,,,PL4HBM+ICST64E27,1,45.89,45.89,2026-05-11 19:09:24,bq_ledsone,false
1163400,bq-0095_1063772225-C,B&Q,,,LDMG95E2745PK,1,18.92,18.92,2026-05-11 19:13:27,bq_ledsone,false
1163401,bq-0095_1063773527-A,B&Q,,,LSFT220BC+RPR44WH,2,23.12,11.56,2026-05-11 19:40:27,bq_ledsone,false
1163419,bq-0095_1063775171-C,B&Q,,,RWWPSY1050YE,1,9.00,9.00,2026-05-11 20:16:25,bq_ledsone,false
1163420,bq-0095_1063775171-C,B&Q,,,RWWPSY0840YE,1,9.00,9.00,2026-05-11 20:16:25,bq_ledsone,false
1163442,bq-0095_1063775531-A,B&Q,,,CRFF140BM+PHHC1BMRYB+LSTF40BM,1,20.89,20.89,2026-05-11 20:24:09,bq_ledsone,false
1163443,bq-0095_1063776172-B,B&Q,,,LDCWA60HB2272PK,1,11.84,11.84,2026-05-11 20:40:12,bq_ledsone,false
1163444,bq-0095_1063776408-A,B&Q,,,TSLCQA25WH,3,12.00,4.00,2026-05-11 20:43:28,bq_ledsone,false
1163466,bq-0095_1063777417-A,B&Q,,,LDMG95E2743PK,2,18.00,9.00,2026-05-11 21:04:41,bq_ledsone,false
1163467,bq-0095_1063778067-A,B&Q,,,LDMG95B224,1,9.00,9.00,2026-05-11 21:18:29,bq_ledsone,false
1163486,bq-0095_1063778450-A,B&Q,,,CRSF100GB+LHNSE27GB+LSDO210BB,1,20.79,20.79,2026-05-11 21:30:08,bq_ledsone,false
1163488,bq-0095_1063779201-A,B&Q,,,24IP67120,1,21.09,21.09,2026-05-11 21:47:42,bq_ledsone,false
1163512,bq-0095_1063780064-A,B&Q,,,WLWOFTBM,2,18.00,9.00,2026-05-11 22:09:07,bq_ledsone,false
1163513,bq-0095_1063780083-E,B&Q,,,CRSF2003BM+LHTMGU10BM3PK+LDGU10CW53PK,1,21.50,21.50,2026-05-11 22:09:11,bq_ledsone,false
1163532,bq-0095_1063780620-A,B&Q,,,CRSF2003CH+LHTMGU10CH3PK+LDGU10CW53PK,1,23.89,23.89,2026-05-11 22:26:01,bq_ledsone,false
1163533,bq-0095_1063781042-A,B&Q,,,LDCWA60HB2296PK,1,14.28,14.28,2026-05-11 22:39:44,bq_ledsone,false
1163675,bq-0095_1063785387-C,B&Q,,,CRFF140BM+LHNSE27YB+SCRN70BM+LSTF40BM,1,20.79,20.79,2026-05-12 08:21:07,bq_ledsone,false
1163712,bq-0095_1063786574-A,B&Q,,,WSFH1BMYB2PK+PSDS2BPB2PK+SCRN70BM2PK+LSFT220BL2PK+ICST64E272PK,1,31.90,31.90,2026-05-12 09:01:24,bq_ledsone,false
1163713,bq-0095_1063787196-A,B&Q,,,CRSF100YB+PHSQ1PBRYB+SCRN70YB+LSFT220YB,4,93.56,23.39,2026-05-12 09:18:24,bq_ledsone,false
1163730,bq-0095_1063787454-B,B&Q,,,PSHNOS2WRWH,1,10.40,10.40,2026-05-12 09:25:28,bq_ledsone,false
1163731,bq-0095_1063788374-A,B&Q,,,LSSC315GY+RPR44WH,1,20.89,20.89,2026-05-12 09:49:29,bq_ledsone,false
1163751,bq-0095_1063788957-A,B&Q,,,PHUH2HETBM,1,17.89,17.89,2026-05-12 10:01:23,bq_ledsone,false
1163810,bq-0095_1063794534-A,B&Q,,,RWWPSY1080YE2PK,1,16.89,16.89,2026-05-12 11:55:11,bq_ledsone,false
1163815,bq-0095_1063795703-B,B&Q,,,LSFT220BC+RPR44WH,1,11.56,11.56,2026-05-12 12:17:30,bq_ledsone,false
1163834,bq-0095_1063797026-A,B&Q,,,LDCWGU1056PK,1,13.49,13.49,2026-05-12 12:44:09,bq_ledsone,false
1163876,bq-0095_1063800426-A,B&Q,,,LSFT220GB+RPR44WH,1,10.26,10.26,2026-05-12 13:50:08,bq_ledsone,false
1163925,bq-0095_1063802427-A,B&Q,,,CRSF100BM2PK+PHRYWP1RBM2PK,1,22.79,22.79,2026-05-12 14:31:10,bq_ledsone,false
1163926,bq-0095_1063802895-A,B&Q,,,PHUH1HETBM+LSHM300HE+ICST64E27,3,110.67,36.89,2026-05-12 14:40:27,bq_ledsone,false
1163934,bq-0095_1063803543-B,B&Q,,,RWWPSY1080YE2PK,1,16.89,16.89,2026-05-12 14:55:28,bq_ledsone,false
1163966,bq-0095_1063805429-B,B&Q,,,TSTS50WH,1,9.00,9.00,2026-05-12 15:34:06,bq_ledsone,false
1163967,bq-0095_1063806105-D,B&Q,,,LDCWA95B2222,2,17.78,8.89,2026-05-12 15:50:14,bq_ledsone,false
1164015,bq-0095_1063809849-B,B&Q,,,CRSF100HSN+WSNW170SN+RWSN+PSDS2RGY+SCRN70SN+LSOL220SN,2,48.50,24.25,2026-05-12 17:06:25,bq_ledsone,false
1164050,bq-0095_1063811888-A,B&Q,,,WSFH1BMYB2PK+PSDS2BPB2PK+SCRN70BM2PK+LSFT220GY2PK+ICST64E272PK,1,31.90,31.90,2026-05-12 17:52:49,bq_ledsone,false
1164236,bq-0095_1063821522-B,B&Q,,,LDCWGU1056PK,2,26.98,13.49,2026-05-12 21:31:47,bq_ledsone,false
1164258,bq-0095_1063823083-C,B&Q,,,LDMG95E2743PK,1,9.00,9.00,2026-05-12 22:12:06,bq_ledsone,false
1164300,bq-0095_1063824768-A,B&Q,,,PLHNBC+ICST64E27,3,29.58,9.86,2026-05-12 23:11:11,bq_ledsone,false
1164308,bq-0095_1063825180-A,B&Q,,,12UK3P10A,1,17.15,17.15,2026-05-12 23:29:03,bq_ledsone,false
1164331,bq-0095_1063826375-A,B&Q,,,12IP6724,2,18.00,9.00,2026-05-13 02:46:25,bq_ledsone,false
1164388,bq-0095_1063827003-A,B&Q,,,LHSWPBB22SN,1,9.18,9.18,2026-05-13 06:51:47,bq_ledsone,false
1164418,bq-0095_1063828411-A,B&Q,,,CCBKNWE72PK,1,9.99,9.99,2026-05-13 08:11:52,bq_ledsone,false
1164523,bq-0095_1063834732-A,B&Q,,,12UK3P10A,1,17.15,17.15,2026-05-13 11:07:50,bq_ledsone,false
1164547,bq-0095_1063836649-A,B&Q,,,LDMG95E2743PK,1,9.00,9.00,2026-05-13 11:40:07,bq_ledsone,false
1164565,bq-0095_1063838484-E,B&Q,,,PSOS4BMTHE+ICST64E27,3,47.67,15.89,2026-05-13 12:16:51,bq_ledsone,false
1164593,bq-0095_1063840393-B,B&Q,,,RWWPSY1050YE,1,9.00,9.00,2026-05-13 12:57:26,bq_ledsone,false
1164635,bq-0095_1063841908-A,B&Q,,,CRFF100FG,1,9.00,9.00,2026-05-13 13:30:45,bq_ledsone,false
1164636,bq-0095_1063841914-B,B&Q,,,WCCY1SQGD,1,25.21,25.21,2026-05-13 13:31:06,bq_ledsone,false
1164678,bq-0095_1063844902-B,B&Q,,,HRE1428WHCPK,1,10.29,10.29,2026-05-13 14:34:10,bq_ledsone,false
1164694,bq-0095_1063846394-A,B&Q,,,CERU80400MC,1,10.35,10.35,2026-05-13 15:06:28,bq_ledsone,false
1164695,bq-0095_1063846659-A,B&Q,,,LSHQ150GY+RPR44WH,4,46.28,11.57,2026-05-13 15:12:45,bq_ledsone,false
1164739,bq-0095_1063849720-A,B&Q,,,PHSF2GDRFG,2,25.72,12.86,2026-05-13 16:17:47,bq_ledsone,false
1164788,bq-0095_1063852360-A,B&Q,,,LDMG95E2743PK,5,45.00,9.00,2026-05-13 17:19:25,bq_ledsone,false
1164899,bq-0095_1063857951-A,B&Q,,,LDMG95B228,1,9.00,9.00,2026-05-13 19:36:27,bq_ledsone,false
1164900,bq-0095_1063858052-A,B&Q,,,CRSF2003SN+PHMU1PBRSN3PK+LSDM220SN3PK,1,47.18,47.18,2026-05-13 19:38:33,bq_ledsone,false
1164919,bq-0095_1063859127-A,B&Q,,,TSST349133WO9PK,1,39.89,39.89,2026-05-13 20:06:45,bq_ledsone,false
1164945,bq-0095_1063859905-A,B&Q,,,CRFF140GB+CBFF140BM,5,45.00,9.00,2026-05-13 20:27:08,bq_ledsone,false
1164974,bq-0095_1063861607-A,B&Q,,,CRSF100YB,3,27.00,9.00,2026-05-13 21:12:10,bq_ledsone,false
1164989,bq-0095_1063862065-A,B&Q,,,CRSF100CO2PK+PHMU1PBRCO2PK+LSDO210BC2PK,1,39.26,39.26,2026-05-13 21:25:08,bq_ledsone,false
1164990,bq-0095_1063862289-A,B&Q,,,WCLNBM2PK+PHHT1FBRBM2PK,1,38.69,38.69,2026-05-13 21:31:09,bq_ledsone,false
1165036,bq-0095_1063865101-A,B&Q,,,STFG4845WH,1,9.00,9.00,2026-05-13 23:06:27,bq_ledsone,false
1165044,bq-0095_1063865409-A,B&Q,,,TPHTTN2PBRBM+LSGL12010AR+LDMA60E274WW,1,24.74,24.74,2026-05-13 23:26:23,bq_ledsone,false
1165172,bq-0095_1063869699-A,B&Q,,,WLWOFTBM2PK,1,14.35,14.35,2026-05-14 08:54:28,bq_ledsone,false
1165182,bq-0095_1063870293-B,B&Q,,,CERU48250WH,1,9.00,9.00,2026-05-14 09:14:11,bq_ledsone,false
1165211,bq-0095_1063871979-A,B&Q,,,PHSF1GDTYB2PK,1,18.58,18.58,2026-05-14 09:58:08,bq_ledsone,false
1165234,bq-0095_1063873816-B,B&Q,,,LSEL400GY+RPR44WH,1,14.94,14.94,2026-05-14 10:39:49,bq_ledsone,false
1165235,bq-0095_1063874273-A,B&Q,,,PHSF1BMRBY,2,19.78,9.89,2026-05-14 10:49:29,bq_ledsone,false
1165236,bq-0095_1063874273-A,B&Q,,,PHSF1GYRWH,1,12.87,12.87,2026-05-14 10:49:29,bq_ledsone,false
1165275,bq-0095_1063876487-B,B&Q,,,CRSF100GB+LHNSE27GB+LSRP260GB,1,31.78,31.78,2026-05-14 11:36:46,bq_ledsone,false
1165309,bq-0095_1063878665-A,B&Q,,,CERU72350GR,1,9.00,9.00,2026-05-14 12:20:08,bq_ledsone,false
1165333,bq-0095_1063879160-A,B&Q,,,CRFF140FG+WSFSFG+ICST64E27+CBFF140BM,2,23.02,11.51,2026-05-14 12:31:10,bq_ledsone,false
1165390,bq-0095_1063881685-B,B&Q,,,LSFT220CO+RPR44WH,1,10.26,10.26,2026-05-14 13:25:54,bq_ledsone,false
1165491,bq-0095_1063889004-A,B&Q,,,RWWPSY1050YE,1,9.00,9.00,2026-05-14 16:05:24,bq_ledsone,false
1165492,bq-0095_1063889160-A,B&Q,,,CRSF100SN+LHNSE27SN+SCRN70BM+LSTF40SN+ICST64E27,1,23.59,23.59,2026-05-14 16:08:13,bq_ledsone,false
1165511,bq-0095_1063890032-A,B&Q,,,LDMG95E2743PK,2,18.00,9.00,2026-05-14 16:29:07,bq_ledsone,false
1165564,bq-0095_1063893927-B,B&Q,,,LDWWE27152PK,1,13.74,13.74,2026-05-14 18:05:26,bq_ledsone,false
1165565,bq-0095_1063893967-A,B&Q,,,CRSF100BM+LHNSE27YB+SCRN70BS+LSWD360BS+ICST64E27,1,19.36,19.36,2026-05-14 18:06:33,bq_ledsone,false
1165566,bq-0095_1063894092-B,B&Q,,,LDMG95B228,1,9.00,9.00,2026-05-14 18:10:11,bq_ledsone,false
1165625,bq-0095_1063897830-A,B&Q,,,CL3TGD5PK,1,12.47,12.47,2026-05-14 19:48:52,bq_ledsone,false
1165626,bq-0095_1063897860-A,B&Q,,,WCVCBC+RPR44WH,2,18.00,9.00,2026-05-14 19:49:47,bq_ledsone,false
1165638,bq-0095_1063897961-A,B&Q,,,LSFT220FG2PK+RPR44WH2PK,1,20.89,20.89,2026-05-14 19:52:09,bq_ledsone,false
1165662,bq-0095_1063898372-B,B&Q,,,PHHT1FBRBM,2,28.56,14.28,2026-05-14 20:04:44,bq_ledsone,false
1165663,bq-0095_1063898846-B,B&Q,,,LDCWGU1036PK,1,12.29,12.29,2026-05-14 20:16:28,bq_ledsone,false
1165680,bq-0095_1063899475-B,B&Q,,,LSHQ150CB+RPR44WH,1,11.57,11.57,2026-05-14 20:33:51,bq_ledsone,false
1165705,bq-0095_1063900597-A,B&Q,,,LSGL9015CL3PK+RPM40WH3PK,1,22.89,22.89,2026-05-14 21:06:49,bq_ledsone,false
1165731,bq-0095_1063902464-A,B&Q,,,CRSF100BM+PHHF1PBRBM+LSWD360BM+ICST64E27,1,24.89,24.89,2026-05-14 21:59:46,bq_ledsone,false
1165991,bq-0095_1063912538-A,B&Q,,,RWT6150YE,1,15.89,15.89,2026-05-15 10:36:05,bq_ledsone,false
1166075,bq-0095_1063918942-B,B&Q,,,STMT4845WHAPK,1,15.11,15.11,2026-05-15 12:49:30,bq_ledsone,false
1166111,bq-0095_1063921089-A,B&Q,,,PSOS4BMTHE+ICST64E27,1,15.89,15.89,2026-05-15 13:34:29,bq_ledsone,false
1166130,bq-0095_1063922675-C,B&Q,,,12IP6720,1,9.00,9.00,2026-05-15 14:06:49,bq_ledsone,false
1166151,bq-0095_1063924145-A,B&Q,,,WCB4BS+RPR44WH,2,18.00,9.00,2026-05-15 14:38:29,bq_ledsone,false
1166157,bq-0095_1063925225-A,B&Q,,,LDCWGU1076PK,1,14.29,14.29,2026-05-15 15:00:20,bq_ledsone,false
1166186,bq-0095_1063926680-A,B&Q,,,RWT6100YE,1,12.59,12.59,2026-05-15 15:31:43,bq_ledsone,false
1166261,bq-0095_1063931606-A,B&Q,,,PSDS2RBW+SCRN70BM+LSFT220BI+WSFH1BMYB,2,45.96,22.98,2026-05-15 17:24:19,bq_ledsone,false
1166262,bq-0095_1063931601-A,B&Q,,,CRSF100YB+WSNW170YB+SCRN70YB+LSTF40YB+ICST64E27,1,20.39,20.39,2026-05-15 17:24:50,bq_ledsone,false
1166279,bq-0095_1063933492-B,B&Q,,,LSGLFP245PU,1,17.89,17.89,2026-05-15 18:11:29,bq_ledsone,false
1166335,bq-0095_1063937857-A,B&Q,,,CRFF5004BM+LHTTAGU10BM4PK+LDGU10WD54PK+CL3B30BM,1,38.85,38.85,2026-05-15 20:14:48,bq_ledsone,false
1166346,bq-0095_1063938507-A,B&Q,,,LDMG95B224,2,18.00,9.00,2026-05-15 20:32:42,bq_ledsone,false
1166347,bq-0095_1063938654-B,B&Q,,,PHSF1BMTYB,1,10.27,10.27,2026-05-15 20:40:21,bq_ledsone,false
1166379,bq-0095_1063940344-A,B&Q,,,TPFC300BG+RPR44WH,2,32.78,16.39,2026-05-15 21:33:21,bq_ledsone,false
1166380,bq-0095_1063940510-A,B&Q,,,RWT6150YE,1,15.89,15.89,2026-05-15 21:39:22,bq_ledsone,false
1166436,bq-0095_1063943844-A,B&Q,,,LSGL1275CL2PK+RPM40WH2PK,1,13.89,13.89,2026-05-16 05:32:26,bq_ledsone,false
1166454,bq-0095_1063945774-A,B&Q,,,LDWWE27153PK,1,20.56,20.56,2026-05-16 08:17:02,bq_ledsone,false
1166482,bq-0095_1063947897-A,B&Q,,,LSSS300BC2PK+RPR44WH2PK,1,27.89,27.89,2026-05-16 09:21:28,bq_ledsone,false
1166538,bq-0095_1063952398-B,B&Q,,,CRSF2003BM+LHTMGU10BM3PK+LDGU10CW53PK,2,43.00,21.50,2026-05-16 10:58:23,bq_ledsone,false
1166559,bq-0095_1063953636-A,B&Q,,,CRSF2003BM+PHSH2PBRYB3PK+SCRN70BM3PK+SPUWBM3PK+SPWRBM3PK+LSFT220BG3PK+RWWP2PK3PK+RWWD2PK3PK,1,54.52,54.52,2026-05-16 11:20:50,bq_ledsone,false
1166575,bq-0095_1063954274-A,B&Q,,,12UK3P2A,1,9.49,9.49,2026-05-16 11:33:10,bq_ledsone,false
1166581,bq-0095_1063955800-A,B&Q,,,PHSF1AGRGB,2,24.98,12.49,2026-05-16 12:00:38,bq_ledsone,false
1166621,bq-0095_1063958912-A,B&Q,,,STFG4845WH,1,9.00,9.00,2026-05-16 12:58:29,bq_ledsone,false
1166663,bq-0095_1063962120-A,B&Q,,,WLGLCPSC+LDST45E274,4,139.84,34.96,2026-05-16 13:55:39,bq_ledsone,false
1166707,bq-0095_1063965625-A,B&Q,,,CCBKNWE402PK,1,18.91,18.91,2026-05-16 15:02:21,bq_ledsone,false
1166720,bq-0095_1063967845-A,B&Q,,,PHSF1GDRYB,5,51.40,10.28,2026-05-16 15:45:12,bq_ledsone,false
1166721,bq-0095_1063967749-D,B&Q,,,CRSF100BM2PK+PHRYWP1RBM2PK,2,45.58,22.79,2026-05-16 15:45:21,bq_ledsone,false
1166752,bq-0095_1063970460-B,B&Q,,,PHSF1BMTYB,1,10.27,10.27,2026-05-16 16:35:20,bq_ledsone,false
1166772,bq-0095_1063971880-A,B&Q,,,12UK3P1A,1,9.00,9.00,2026-05-16 17:04:05,bq_ledsone,false
1166794,bq-0095_1063973328-A,B&Q,,,CCBKNWE3,1,9.00,9.00,2026-05-16 17:35:52,bq_ledsone,false
1166812,bq-0095_1063975029-A,B&Q,,,PHSF1GDTYB2PK,2,37.16,18.58,2026-05-16 18:15:21,bq_ledsone,false
1166834,bq-0095_1063975697-A,B&Q,,,WCDCBM2PK+RPR44WH2PK,1,19.35,19.35,2026-05-16 18:30:44,bq_ledsone,false
1166853,bq-0095_1063977659-A,B&Q,,,CRSF100CO2PK+PHMU1PBRCO2PK+LSDO210BC2PK,1,39.26,39.26,2026-05-16 19:23:59,bq_ledsone,false
1166915,bq-0095_1063979822-A,B&Q,,,PSHYOS4WRWH,1,15.07,15.07,2026-05-16 20:32:23,bq_ledsone,false
1166932,bq-0095_1063980696-A,B&Q,,,LDMG95E274,1,9.00,9.00,2026-05-16 21:02:29,bq_ledsone,false
1166989,bq-0095_1063983494-A,B&Q,,,WCFL180RO2PK+RPR44WH2PK,2,36.28,18.14,2026-05-16 23:02:38,bq_ledsone,false
1167107,bq-0095_1063985464-A,B&Q,,,CERU72450BL,1,9.00,9.00,2026-05-17 07:19:09,bq_ledsone,false
1167108,bq-0095_1063985464-A,B&Q,,,CERU72350RE,1,9.00,9.00,2026-05-17 07:19:09,bq_ledsone,false
1167259,bq-0095_1063995311-A,B&Q,,,LDCWGU1076PK,1,14.29,14.29,2026-05-17 11:50:10,bq_ledsone,false
1167279,bq-0095_1063996514-C,B&Q,,,LSGL14023SG2PK+RPM40WH2PK,1,21.89,21.89,2026-05-17 12:09:51,bq_ledsone,false
1167280,bq-0095_1063996851-A,B&Q,,,WCB1BM+RPR44WH,1,9.00,9.00,2026-05-17 12:15:11,bq_ledsone,false
1167300,bq-0095_1063998359-A,B&Q,,,STFG4845WH3PK,1,12.99,12.99,2026-05-17 12:43:09,bq_ledsone,false
1167301,bq-0095_1063998640-A,B&Q,,,PSDS2BMRBL,1,13.19,13.19,2026-05-17 12:47:51,bq_ledsone,false
1167310,bq-0095_1063999323-B,B&Q,,,LSFT220OR+RPR44WH,2,23.12,11.56,2026-05-17 12:59:34,bq_ledsone,false
1167339,bq-0095_1064001117-A,B&Q,,,CRFF108BY2PK+LHNSE27BY2PK+LSDO300GY2PK+LDMST64E2742PK,1,43.79,43.79,2026-05-17 13:32:22,bq_ledsone,false
1167340,bq-0095_1064001444-A,B&Q,,,LSCY290BU+RPR44WH,1,12.99,12.99,2026-05-17 13:36:57,bq_ledsone,false
1167387,bq-0095_1064005220-A,B&Q,,,STIX245GR2PK,1,9.75,9.75,2026-05-17 14:44:19,bq_ledsone,false
1167448,bq-0095_1064009761-A,B&Q,,,TSLCQA10WH3PK+TSWGQBRE2PK,1,19.99,19.99,2026-05-17 16:06:13,bq_ledsone,false
1167449,bq-0095_1064009860-A,B&Q,,,LDMG95B228,2,18.00,9.00,2026-05-17 16:09:30,bq_ledsone,false
1167450,bq-0095_1064009860-A,B&Q,,,LDMST64B2286PK,1,21.00,21.00,2026-05-17 16:09:30,bq_ledsone,false
1167478,bq-0095_1064011301-A,B&Q,,,CKKLBY,1,10.49,10.49,2026-05-17 16:36:00,bq_ledsone,false
1167486,bq-0095_1064012239-A,B&Q,,,WLWOFTBM,2,18.00,9.00,2026-05-17 16:53:52,bq_ledsone,false
1167487,bq-0095_1064012687-A,B&Q,,,12IP6730,1,9.61,9.61,2026-05-17 17:03:12,bq_ledsone,false
1167532,bq-0095_1064013918-A,B&Q,,,LDCWGU1076PK,1,14.29,14.29,2026-05-17 17:29:11,bq_ledsone,false
1167533,bq-0095_1064014437-A,B&Q,,,12UK3P1A,1,9.00,9.00,2026-05-17 17:40:31,bq_ledsone,false
1167541,bq-0095_1064015015-B,B&Q,,,LDMG95E2743PK,1,9.00,9.00,2026-05-17 17:53:18,bq_ledsone,false
1167554,bq-0095_1064015658-A,B&Q,,,CRFF140GB+WSFSGB+ICST64E27+CBFF140BM,2,28.58,14.29,2026-05-17 18:07:16,bq_ledsone,false
1167630,bq-0095_1064020588-B,B&Q,,,WCCYROGD2PK,2,72.52,36.26,2026-05-17 19:58:57,bq_ledsone,false
1167631,bq-0095_1064020627-A,B&Q,,,WLHSBMRE12,1,24.08,24.08,2026-05-17 19:58:57,bq_ledsone,false
1167667,bq-0095_1064022178-A,B&Q,,,CRFF105WH,1,9.00,9.00,2026-05-17 20:31:18,bq_ledsone,false
1167668,bq-0095_1064022682-A,B&Q,,,LDMG95E2743PK,1,9.00,9.00,2026-05-17 20:42:54,bq_ledsone,false
1167669,bq-0095_1064022776-A,B&Q,,,LDCWGU1056PK,1,13.49,13.49,2026-05-17 20:44:29,bq_ledsone,false
1167670,bq-0095_1064022799-C,B&Q,,,LDMT185E2742PK,1,14.18,14.18,2026-05-17 20:45:13,bq_ledsone,false
1167671,bq-0095_1064022834-B,B&Q,,,LDWWE27152PK,1,13.74,13.74,2026-05-17 20:45:40,bq_ledsone,false
1167682,bq-0095_1064023251-A,B&Q,,,CL3RHE,1,9.00,9.00,2026-05-17 20:54:35,bq_ledsone,false
1167720,bq-0095_1064024798-A,B&Q,,,CRFF108BY+LHNSE27BY+LSDO300GY,2,41.38,20.69,2026-05-17 21:30:17,bq_ledsone,false
1167721,bq-0095_1064024816-A,B&Q,,,CRSF100BM2PK+LHNSE27YB2PK+SCRN70BM2PK+LSTF40BG2PK+ICST64E272PK,1,31.78,31.78,2026-05-17 21:30:51,bq_ledsone,false
1167722,bq-0095_1064025320-A,B&Q,,,CL3TBK5PK,1,12.47,12.47,2026-05-17 21:44:03,bq_ledsone,false
1167754,bq-0095_1064026922-A,B&Q,,,PSDS2RGR2PK+SCRN70BM2PK+LSFT220GR2PK+ICST64E272PK+WSFH1BMYB2PK,1,31.90,31.90,2026-05-17 22:30:30,bq_ledsone,false
1167765,bq-0095_1064027710-B,B&Q,,,RWWPSY10GY2PK,1,9.00,9.00,2026-05-17 23:03:20,bq_ledsone,false
1167773,bq-0095_1064028334-A,B&Q,,,LDMG95E2743PK,1,9.00,9.00,2026-05-17 23:41:13,bq_ledsone,false
1167852,bq-0095_1064030328-A,B&Q,,,LDMG95E2743PK,1,9.00,9.00,2026-05-18 07:26:31,bq_ledsone,false
1167878,bq-0095_1064031779-A,B&Q,,,RWWPSY0640YE,1,9.00,9.00,2026-05-18 08:34:50,bq_ledsone,false
1167879,bq-0095_1064032090-B,B&Q,,,LDCWGU1076PK,1,14.29,14.29,2026-05-18 08:44:54,bq_ledsone,false
1167880,bq-0095_1064032090-B,B&Q,,,LDCWA60HB2296PK,1,14.28,14.28,2026-05-18 08:44:54,bq_ledsone,false
1167898,bq-0095_1064032991-A,B&Q,,,CRSF2003SN+PHMU1PBRSN3PK+LSDM220SN3PK,1,59.27,59.27,2026-05-18 09:12:16,bq_ledsone,false
1167983,bq-0095_1064037391-A,B&Q,,,LDMT185E2746PK,1,15.89,15.89,2026-05-18 10:50:33,bq_ledsone,false
1168045,bq-0095_1064040777-A,B&Q,,,CRSF100BM+LHNSE27CH+SCRN70BM+LSFT220BM,9,177.21,19.69,2026-05-18 11:53:33,bq_ledsone,false
1168046,bq-0095_1064040777-A,B&Q,,,CRFF108BY+LHNSE27BY+LSDO300WH,2,42.10,21.05,2026-05-18 11:53:33,bq_ledsone,false
1168143,bq-0095_1064048347-A,B&Q,,,LSGLFP245BL,1,17.89,17.89,2026-05-18 14:18:32,bq_ledsone,false
1168144,bq-0095_1064048347-A,B&Q,,,LSGLBH300WS+RPM40WH,3,47.67,15.89,2026-05-18 14:18:32,bq_ledsone,false
1168180,bq-0095_1064050603-A,B&Q,,,LDCWGU1056PK,2,26.98,13.49,2026-05-18 15:00:32,bq_ledsone,false
1168236,bq-0095_1064053146-A,B&Q,,,LDMST64E2783PK,1,12.47,12.47,2026-05-18 15:52:38,bq_ledsone,false
1168269,bq-0095_1064055671-B,B&Q,,,WLGLCPSC,4,89.96,22.49,2026-05-18 16:44:54,bq_ledsone,false
1168289,bq-0095_1064056337-A,B&Q,,,LDCWGU1076PK,4,57.16,14.29,2026-05-18 16:56:56,bq_ledsone,false
1168299,bq-0095_1064057116-A,B&Q,,,CRFF140BY+CBFF140BM,1,9.00,9.00,2026-05-18 17:14:32,bq_ledsone,false
1168300,bq-0095_1064057116-A,B&Q,,,CRSF108BM,1,9.00,9.00,2026-05-18 17:14:32,bq_ledsone,false
1168301,bq-0095_1064057116-A,B&Q,,,CRFF140WH+CBFF140WH,2,18.00,9.00,2026-05-18 17:14:32,bq_ledsone,false
1168302,bq-0095_1064057116-A,B&Q,,,CRFF140WH+WSFSWH+ICST64E27+CBFF140WH,1,11.56,11.56,2026-05-18 17:14:32,bq_ledsone,false
1168316,bq-0095_1064058212-A,B&Q,,,WCCYROGD2PK,1,36.26,36.26,2026-05-18 17:35:53,bq_ledsone,false
1168323,bq-0095_1064059184-A,B&Q,,,CRSF120WH,1,9.00,9.00,2026-05-18 17:56:39,bq_ledsone,false
1168409,bq-0095_1064063960-E,B&Q,,,STMT4845WH5PK,1,12.56,12.56,2026-05-18 19:43:57,bq_ledsone,false
1168421,bq-0095_1064064410-A,B&Q,,,LHTRE27CO,4,36.00,9.00,2026-05-18 19:53:59,bq_ledsone,false
1168422,bq-0095_1064064410-A,B&Q,,,CRSF120BC,4,36.00,9.00,2026-05-18 19:53:59,bq_ledsone,false
1168423,bq-0095_1064064410-A,B&Q,,,CL3RHE5PK,1,12.86,12.86,2026-05-18 19:53:59,bq_ledsone,false
1168467,bq-0095_1064065907-A,B&Q,,,LDCWGU1056PK,1,13.49,13.49,2026-05-18 20:26:41,bq_ledsone,false
1168468,bq-0095_1064066637-A,B&Q,,,LDMG95E2745PK,1,18.92,18.92,2026-05-18 20:41:49,bq_ledsone,false
1168491,bq-0095_1064067598-A,B&Q,,,CRFF500BM+PHNW1RBC3PK+ICST64E273PK,1,26.49,26.49,2026-05-18 21:04:50,bq_ledsone,false
1168492,bq-0095_1064067598-A,B&Q,,,CNT900BM+LSHM300HE+PHHT1FBRBM,1,39.42,39.42,2026-05-18 21:04:50,bq_ledsone,false
1168517,bq-0095_1064068510-A,B&Q,,,WCCYROGD2PK,1,36.26,36.26,2026-05-18 21:24:12,bq_ledsone,false
1168518,bq-0095_1064068566-B,B&Q,,,RWWPSY1050YE2PK,1,9.00,9.00,2026-05-18 21:25:15,bq_ledsone,false
1168519,bq-0095_1064069406-A,B&Q,,,WCCYROGD2PK,1,36.26,36.26,2026-05-18 21:43:57,bq_ledsone,false
1168525,bq-0095_1064070126-A,B&Q,,,PHSF1GDRYB,6,61.68,10.28,2026-05-18 22:01:18,bq_ledsone,false
1168543,bq-0095_1064070810-A,B&Q,,,PSHYOS4BRBM,2,25.58,12.79,2026-05-18 22:22:09,bq_ledsone,false
1168561,bq-0095_1064071467-A,B&Q,,,RWT6150YE,1,15.89,15.89,2026-05-18 22:43:14,bq_ledsone,false
1168562,bq-0095_1064071593-A,B&Q,,,LDCWGU1076PK,2,28.58,14.29,2026-05-18 22:46:38,bq_ledsone,false
1168567,bq-0095_1064071759-A,B&Q,,,CRSF100WH+PHRY2PCRRE,1,12.47,12.47,2026-05-18 22:53:14,bq_ledsone,false
1168568,bq-0095_1064071783-A,B&Q,,,CRSF108WH,2,18.00,9.00,2026-05-18 22:54:18,bq_ledsone,false
1168577,bq-0095_1064072271-B,B&Q,,,SPSDP2SN,1,9.00,9.00,2026-05-18 23:15:13,bq_ledsone,false
1168677,bq-0095_1064075499-A,B&Q,,,LSGLBC160AR3PK+RPM40WH3PK,1,43.89,43.89,2026-05-19 08:00:14,bq_ledsone,false
1168706,bq-0095_1064076180-A,B&Q,,,WCCYSP180GD2PK+RPR44WH2PK,1,24.07,24.07,2026-05-19 08:28:52,bq_ledsone,false
1168735,bq-0095_1064078108-A,B&Q,,,WCCYROCH2PK+LDMA60E278WW2PK,1,53.78,53.78,2026-05-19 09:31:19,bq_ledsone,false
1168736,bq-0095_1064078669-B,B&Q,,,LDMG95E2745PK,1,18.92,18.92,2026-05-19 09:45:33,bq_ledsone,false
1168770,bq-0095_1064080949-C,B&Q,,,LSFT220OR+RPR44WH,1,11.56,11.56,2026-05-19 10:35:58,bq_ledsone,false
1168834,bq-0095_1064086257-A,B&Q,,,CRFF140SN+WSFSSN+ICST64E27+CBFF140BM,2,23.02,11.51,2026-05-19 12:22:34,bq_ledsone,false
1168868,bq-0095_1064089063-A,B&Q,,,WLHSBMRE12,2,48.16,24.08,2026-05-19 13:19:55,bq_ledsone,false
1168896,bq-0095_1064090945-B,B&Q,,,CRFF140BM+WSFSBA+ICST64E27,2,27.04,13.52,2026-05-19 13:54:16,bq_ledsone,false
1168936,bq-0095_1064092801-A,B&Q,,,CL3TBK5PK,1,12.47,12.47,2026-05-19 14:29:22,bq_ledsone,false
1168937,bq-0095_1064093534-A,B&Q,,,CRSF100BM+PHTT1PBR1BM,2,23.12,11.56,2026-05-19 14:43:54,bq_ledsone,false
1168981,bq-0095_1064096352-A,B&Q,,,CRSF100BM+PHRYWP2RBM,1,13.19,13.19,2026-05-19 15:34:45,bq_ledsone,false
1168982,bq-0095_1064096752-A,B&Q,,,RWT6100YE,1,12.59,12.59,2026-05-19 15:43:23,bq_ledsone,false
1169192,bq-0095_1064109318-A,B&Q,,,LDMG95B2246PK,1,13.51,13.51,2026-05-19 20:11:44,bq_ledsone,false
1169223,bq-0095_1064110793-B,B&Q,,,WSMLYB+LDST45E274,1,13.07,13.07,2026-05-19 20:42:54,bq_ledsone,false
1169224,bq-0095_1064111244-A,B&Q,,,CRSF100BM+LHNSE27YB+SCRN70BM+LSFT220OR+ICST64E27,2,37.16,18.58,2026-05-19 20:50:33,bq_ledsone,false
1169228,bq-0095_1064111759-A,B&Q,,,LSCY290BG+RPR44WH,1,14.95,14.95,2026-05-19 21:00:20,bq_ledsone,false
1169241,bq-0095_1064112294-A,B&Q,,,TSLCQB20WH,1,9.00,9.00,2026-05-19 21:12:33,bq_ledsone,false
1169242,bq-0095_1064112294-A,B&Q,,,TSWGQBAYE2PK,1,15.00,15.00,2026-05-19 21:12:33,bq_ledsone,false
1169261,bq-0095_1064113748-A,B&Q,,,CRSF100BM2PK+LHNSE27YB2PK+SCRN70BM2PK+LSFT220BC2PK+ICST64E272PK,1,29.11,29.11,2026-05-19 21:46:21,bq_ledsone,false
1169268,bq-0095_1064114294-A,B&Q,,,TSWGQBRE+TSLCQA10WH3PK+TSLTRE,1,22.89,22.89,2026-05-19 21:58:39,bq_ledsone,false
1169320,bq-0095_1064115537-B,B&Q,,,PSDS4BMRGD,2,26.14,13.07,2026-05-19 22:27:36,bq_ledsone,false
1169338,bq-0095_1064117207-B,B&Q,,,CRSF2003GB+LHTKE27GB3PK+ICST64E273PK,1,24.65,24.65,2026-05-19 23:15:15,bq_ledsone,false
1169363,bq-0095_1064118885-B,B&Q,,,RWWPSY1080YE2PK,1,16.89,16.89,2026-05-20 01:21:46,bq_ledsone,false
1169367,bq-0095_1064119632-B,B&Q,,,CRFF140BM+LHNSE27YB+SCRN70BM+LSTF40BG+ICST64E27,1,23.89,23.89,2026-05-20 02:39:55,bq_ledsone,false
1169407,bq-0095_1064120185-A,B&Q,,,PHHR3DSTHE+LDSG125LOE2742PK,1,23.89,23.89,2026-05-20 06:38:58,bq_ledsone,false
1169458,bq-0095_1064123888-A,B&Q,,,CRSF100CH+LHNSE27CH+LSDM220CH,2,39.76,19.88,2026-05-20 09:18:18,bq_ledsone,false
1169470,bq-0095_1064125102-A,B&Q,,,CRSF100BM+LHNSE27BM+SCRN70BA+LSTF40BM+ICST64E2740,1,18.49,18.49,2026-05-20 09:47:32,bq_ledsone,false
1169510,bq-0095_1064127078-D,B&Q,,,TSLTRE,1,9.00,9.00,2026-05-20 10:31:37,bq_ledsone,false
1169511,bq-0095_1064127569-A,B&Q,,,STMT18FWH2PK,1,9.85,9.85,2026-05-20 10:43:57,bq_ledsone,false
1169539,bq-0095_1064129483-A,B&Q,,,RWT6150YE,1,15.89,15.89,2026-05-20 11:17:20,bq_ledsone,false
1169556,bq-0095_1064130688-A,B&Q,,,LSWD360BC+RPR44WH,8,150.72,18.84,2026-05-20 11:40:21,bq_ledsone,false
1169597,bq-0095_1064132986-A,B&Q,,,HRE1428WHCPK,1,10.29,10.29,2026-05-20 12:27:54,bq_ledsone,false
1169598,bq-0095_1064133415-A,B&Q,,,12UK3P8A,1,16.37,16.37,2026-05-20 12:38:35,bq_ledsone,false
1169617,bq-0095_1064135130-B,B&Q,,,RWWPSY1050YE,1,9.00,9.00,2026-05-20 13:13:18,bq_ledsone,false
1169665,bq-0095_1064137696-A,B&Q,,,CRSF100BM+LHNSE27YB+SCRN70BM+LSFT220OR+ICST64E27,1,18.58,18.58,2026-05-20 14:03:54,bq_ledsone,false
1169685,bq-0095_1064139127-C,B&Q,,,CSBEB7GC,1,9.00,9.00,2026-05-20 14:32:18,bq_ledsone,false
1169720,bq-0095_1064142293-A,B&Q,,,RWT6100YE,1,12.59,12.59,2026-05-20 15:36:16,bq_ledsone,false
1169741,bq-0095_1064144505-B,B&Q,,,CRFF100YB+LHNSE27YB,1,15.29,15.29,2026-05-20 16:20:19,bq_ledsone,false
1169765,bq-0095_1064144825-A,B&Q,,,PHSF2BMRBM,2,31.18,15.59,2026-05-20 16:27:33,bq_ledsone,false
1169783,bq-0095_1064147263-A,B&Q,,,CRSF2003CH+LHTMGU10CH3PK+LDGU10CW53PK,1,23.89,23.89,2026-05-20 17:18:52,bq_ledsone,false
1169841,bq-0095_1064150844-A,B&Q,,,LSMS320BT+RPR44WH,2,25.98,12.99,2026-05-20 18:35:20,bq_ledsone,false
1169842,bq-0095_1064151247-B,B&Q,,,STFG4845WH,1,9.00,9.00,2026-05-20 18:43:17,bq_ledsone,false
1169843,bq-0095_1064151492-D,B&Q,,,WCB6BM2PK+RPR44WH2PK,1,17.48,17.48,2026-05-20 18:50:40,bq_ledsone,false
1169857,bq-0095_1064152597-A,B&Q,,,RWWPSY0680YE2PK,1,9.00,9.00,2026-05-20 19:13:14,bq_ledsone,false
1169893,bq-0095_1064155422-A,B&Q,,,LDCWA55B2252PK,2,22.60,11.30,2026-05-20 20:13:00,bq_ledsone,false
1169909,bq-0095_1064156664-A,B&Q,,,LHPVE27BM3PK,1,9.00,9.00,2026-05-20 20:40:00,bq_ledsone,false
1169910,bq-0095_1064156664-A,B&Q,,,LHPVE27BM,2,18.00,9.00,2026-05-20 20:40:00,bq_ledsone,false
1169911,bq-0095_1064156684-A,B&Q,,,STFG4845WH3PK,1,12.99,12.99,2026-05-20 20:41:32,bq_ledsone,false
1169912,bq-0095_1064156684-A,B&Q,,,RWWPSY10GY2PK,1,9.00,9.00,2026-05-20 20:41:32,bq_ledsone,false
1169974,bq-0095_1064159294-B,B&Q,,,CRSF1203BM+PHUH2HETBM3PK+SPHEBM3PK+WCSPROBM3PK,1,45.99,45.99,2026-05-20 21:38:32,bq_ledsone,false
1169975,bq-0095_1064159718-A,B&Q,,,PSDS2BMRRE,1,13.19,13.19,2026-05-20 21:46:57,bq_ledsone,false
1169979,bq-0095_1064159961-A,B&Q,,,CRSF100BM+LHNSE27YB+SCRN70BM+LSFT220BG,1,18.45,18.45,2026-05-20 21:53:56,bq_ledsone,false
1170004,bq-0095_1064161610-A,B&Q,,,STKP48EBRAPK,1,16.76,16.76,2026-05-20 22:36:51,bq_ledsone,false
1170014,bq-0095_1064162625-A,B&Q,,,SPSDP2BMY,1,9.00,9.00,2026-05-20 23:14:52,bq_ledsone,false
1170015,bq-0095_1064162742-A,B&Q,,,WCCYROGD2PK,1,36.26,36.26,2026-05-20 23:20:19,bq_ledsone,false
1170016,bq-0095_1064162774-B,B&Q,,,PHSF1GDTYB,3,32.97,10.99,2026-05-20 23:21:53,bq_ledsone,false
1170110,bq-0095_1064166627-A,B&Q,,,TSST349131GR4PK,1,32.89,32.89,2026-05-21 08:13:26,bq_ledsone,false
1170121,bq-0095_1064167427-A,B&Q,,,LSGL1275CL2PK+RPM40WH2PK,1,13.89,13.89,2026-05-21 08:40:09,bq_ledsone,false
1170138,bq-0095_1064168745-A,B&Q,,,CRSF100BM+LHNSE27YB+SCRN70BM+LSFT220CH+ICST64E27,1,18.58,18.58,2026-05-21 09:16:27,bq_ledsone,false
1170165,bq-0095_1064170711-C,B&Q,,,WCB7WH+RPR44WH,1,9.00,9.00,2026-05-21 10:00:13,bq_ledsone,false
1170198,bq-0095_1064172880-A,B&Q,,,CRFF108BY+LHNSE27BY+LSDO300YE+ICST64E27,1,24.09,24.09,2026-05-21 10:44:26,bq_ledsone,false
1170212,bq-0095_1064174175-A,B&Q,,,WLWOFTBM2PK,1,14.35,14.35,2026-05-21 11:09:47,bq_ledsone,false
1170229,bq-0095_1064175858-B,B&Q,,,STFG4845WH,1,9.00,9.00,2026-05-21 11:41:10,bq_ledsone,false
1170248,bq-0095_1064177423-B,B&Q,,,PHSF2GDTYB,2,27.78,13.89,2026-05-21 12:09:49,bq_ledsone,false
1170269,bq-0095_1064179558-B,B&Q,,,AFWHTBYB3PK,1,19.69,19.69,2026-05-21 12:51:09,bq_ledsone,false
1170280,bq-0095_1064180169-A,B&Q,,,STAS505YE,1,10.35,10.35,2026-05-21 13:03:44,bq_ledsone,false
1170374,bq-0095_1064187688-A,B&Q,,,CL3TBK,3,27.00,9.00,2026-05-21 15:30:34,bq_ledsone,false
1170390,bq-0095_1064189303-A,B&Q,,,RWT590YE,1,9.00,9.00,2026-05-21 16:01:27,bq_ledsone,false
1170391,bq-0095_1064189372-A,B&Q,,,CRSF1202BM+SCRN70BM2PK+LSFT220SN2PK+PHFMSH2BRYB2PK,1,34.45,34.45,2026-05-21 16:01:49,bq_ledsone,false
1170458,bq-0095_1064197706-C,B&Q,,,CRSF100BM+PHHA1PBRYB+ICST64E27,1,15.89,15.89,2026-05-21 18:56:29,bq_ledsone,false
1170468,bq-0095_1064198821-A,B&Q,,,CRSF100BM+LHNSE27YB+SCRN70BS+LSWD360BS+ICST64E27,2,38.72,19.36,2026-05-21 19:20:07,bq_ledsone,false
1170483,bq-0095_1064199153-B,B&Q,,,RPM40WHAPK,1,14.19,14.19,2026-05-21 19:27:46,bq_ledsone,false
1170497,bq-0095_1064200839-A,B&Q,,,TSWGQBRE2PK,1,15.89,15.89,2026-05-21 20:04:07,bq_ledsone,false
1170498,bq-0095_1064200986-A,B&Q,,,LSHM300HE+PHHT1FBRBM,1,35.89,35.89,2026-05-21 20:07:48,bq_ledsone,false
1170499,bq-0095_1064201167-A,B&Q,,,CRSF120OSBM+WSLS155YB+LSGLBP120BM,1,16.12,16.12,2026-05-21 20:11:06,bq_ledsone,false
1170525,bq-0095_1064202190-A,B&Q,,,PSDS2RBW2PK+SCRN70BM2PK+LSFT220BI2PK+ICST64E272PK+WSFH1BMYB2PK,1,39.89,39.89,2026-05-21 20:35:08,bq_ledsone,false
1170554,bq-0095_1064205572-B,B&Q,,,CERU48250WH,1,9.00,9.00,2026-05-21 21:49:47,bq_ledsone,false
1170576,bq-0095_1064206536-B,B&Q,,,ICST64E272PK+PHHT1FBRBM2PK,1,34.42,34.42,2026-05-21 22:13:10,bq_ledsone,false
1170597,bq-0095_1064207925-A,B&Q,,,WSFTWH,2,19.40,9.70,2026-05-21 22:51:26,bq_ledsone,false
1170632,bq-0095_1064210097-B,B&Q,,,WCCYROBM2PK+LDMA60E278WW2PK,1,53.78,53.78,2026-05-22 01:03:44,bq_ledsone,false
1170718,bq-0095_1064215443-A,B&Q,,,STFG4845WH,1,9.00,9.00,2026-05-22 08:52:04,bq_ledsone,false
1170729,bq-0095_1064216929-A,B&Q,,,CRFF140BM+WSWH135BM+LSDO210BC+ICST64E27,4,89.28,22.32,2026-05-22 09:22:46,bq_ledsone,false
1170747,bq-0095_1064217376-A,B&Q,,,CRSF100YB+LHNSE27YB+SCRN70YB+LSOL220YB,2,38.72,19.36,2026-05-22 09:30:26,bq_ledsone,false
1170752,bq-0095_1064218819-B,B&Q,,,LSGL1275CL3PK+RPM40WH3PK,1,22.89,22.89,2026-05-22 09:56:28,bq_ledsone,false
1170776,bq-0095_1064221103-A,B&Q,,,LDMG95E2743PK,20,180.00,9.00,2026-05-22 10:34:13,bq_ledsone,false
1170777,bq-0095_1064222053-B,B&Q,,,RWWPSY0680YE2PK,1,9.00,9.00,2026-05-22 10:50:29,bq_ledsone,false
1170802,bq-0095_1064223057-A,B&Q,,,12IP6780,4,70.68,17.67,2026-05-22 11:06:09,bq_ledsone,false
1170932,bq-0095_1064241568-A,B&Q,,,STIX245GR5PK,1,11.45,11.45,2026-05-22 15:59:28,bq_ledsone,false
1170956,bq-0095_1064244633-B,B&Q,,,HRE2738BMCPK,1,10.29,10.29,2026-05-22 16:46:11,bq_ledsone,false
1170962,bq-0095_1064245155-A,B&Q,,,CRFF75YB,1,9.00,9.00,2026-05-22 16:54:48,bq_ledsone,false
1171030,bq-0095_1064253017-A,B&Q,,,CRFF100SN2PK+LHNSE27SN2PK,1,24.65,24.65,2026-05-22 19:16:49,bq_ledsone,false
1171059,bq-0095_1064256111-A,B&Q,,,CRSF100BM+LHNSE27YB+SCRN70BM+LSFT220YE+ICST64E27,1,18.58,18.58,2026-05-22 20:23:05,bq_ledsone,false
1171082,bq-0095_1064256656-C,B&Q,,,STFG4845WH,1,9.00,9.00,2026-05-22 20:37:49,bq_ledsone,false
1171083,bq-0095_1064256984-A,B&Q,,,CRSF2003BM+LHLAE2710BBM+LHLAE2715BBM+LHLAE275BBM,2,39.40,19.70,2026-05-22 20:43:28,bq_ledsone,false
1171084,bq-0095_1064257052-D,B&Q,,,CSBEB1BM2PK,1,10.00,10.00,2026-05-22 20:44:08,bq_ledsone,false
1171085,bq-0095_1064257291-B,B&Q,,,LDCWGU1076PK,2,28.58,14.29,2026-05-22 20:49:47,bq_ledsone,false
1171129,bq-0095_1064260960-D,B&Q,,,LDCWGU1076PK,1,14.29,14.29,2026-05-22 22:22:31,bq_ledsone,false
1171150,bq-0095_1064262245-B,B&Q,,,WCCYROGD2PK+LDST45E2742PK,1,57.49,57.49,2026-05-22 23:07:24,bq_ledsone,false
1171159,bq-0095_1064263288-A,B&Q,,,CRSF100BM2PK+LHNSE27BM2PK+LSTF400BM2PK+ICST64E272PK,1,29.19,29.19,2026-05-22 23:54:27,bq_ledsone,false
1171160,bq-0095_1064263325-A,B&Q,,,LDCWA60HB2296PK,1,14.28,14.28,2026-05-22 23:57:25,bq_ledsone,false
1171163,bq-0095_1064263532-A,B&Q,,,LDMG95E2745PK,1,18.92,18.92,2026-05-23 00:10:48,bq_ledsone,false
1171232,bq-0095_1064270599-B,B&Q,,,CRSF100BM+LHNSE27YB+SCRN70BM+LSFT220BM+ICST64E27,1,22.97,22.97,2026-05-23 09:21:31,bq_ledsone,false
1171246,bq-0095_1064270940-B,B&Q,,,LSRP260SN+RPR44WH,1,16.50,16.50,2026-05-23 09:27:13,bq_ledsone,false
1171257,bq-0095_1064273329-C,B&Q,,,STFG4845WH,1,9.00,9.00,2026-05-23 10:04:18,bq_ledsone,false
1171265,bq-0095_1064276610-B,B&Q,,,LDCWGU1056PK,1,13.49,13.49,2026-05-23 10:50:45,bq_ledsone,false
1171276,bq-0095_1064277611-B,B&Q,,,CERU36200RE,1,9.00,9.00,2026-05-23 11:03:45,bq_ledsone,false
1171294,bq-0095_1064280536-A,B&Q,,,STFG4845WH,1,9.00,9.00,2026-05-23 11:39:48,bq_ledsone,false
1171319,bq-0095_1064284607-C,B&Q,,,LDCWGU1076PK,1,14.29,14.29,2026-05-23 12:27:57,bq_ledsone,false
1171325,bq-0095_1064286928-A,B&Q,,,CRFF100BM+LHLFE275BM+WCDCBM+ICST64E27,1,19.89,19.89,2026-05-23 12:53:23,bq_ledsone,false
1171365,bq-0095_1064293142-A,B&Q,,,TSST349134GYHPK,1,75.89,75.89,2026-05-23 14:06:29,bq_ledsone,false
1171366,bq-0095_1064293142-A,B&Q,,,TSST349134GY9PK,1,45.89,45.89,2026-05-23 14:06:29,bq_ledsone,false
1171389,bq-0095_1064295354-A,B&Q,,,CERU36150GR,1,9.00,9.00,2026-05-23 14:31:31,bq_ledsone,false
1171390,bq-0095_1064295486-A,B&Q,,,CRSF2003BM+LHLAE2710BBM+LHLAE2715BBM+LHLAE275BBM,1,19.70,19.70,2026-05-23 14:33:50,bq_ledsone,false
1171415,bq-0095_1064299367-A,B&Q,,,LDCWGU1076PK,1,14.29,14.29,2026-05-23 15:17:10,bq_ledsone,false
1171424,bq-0095_1064300249-A,B&Q,,,PHSF1BMTBM,3,29.79,9.93,2026-05-23 15:29:05,bq_ledsone,false
1171425,bq-0095_1064301466-A,B&Q,,,12UK3P5A,1,15.49,15.49,2026-05-23 15:43:36,bq_ledsone,false
1171426,bq-0095_1064301802-A,B&Q,,,WSFH1BMYB2PK+PSDS2BPB2PK+SCRN70BM2PK+LSFT220BC2PK+ICST64E272PK,1,31.90,31.90,2026-05-23 15:47:50,bq_ledsone,false
1171459,bq-0095_1064306645-A,B&Q,,,PHSF2BMTBY,2,30.14,15.07,2026-05-23 16:49:29,bq_ledsone,false
1171467,bq-0095_1064307345-A,B&Q,,,LDCWA60HB2273PK,1,14.61,14.61,2026-05-23 16:59:15,bq_ledsone,false
1171480,bq-0095_1064307652-A,B&Q,,,PHSF2BWRSN,1,12.47,12.47,2026-05-23 17:04:38,bq_ledsone,false
1171548,bq-0095_1064314184-A,B&Q,,,RWT3550YE,1,9.00,9.00,2026-05-23 18:54:12,bq_ledsone,false
1171576,bq-0095_1064317115-A,B&Q,,,RWWPSYBF25GY,1,9.00,9.00,2026-05-23 19:57:30,bq_ledsone,false
1171584,bq-0095_1064317700-A,B&Q,,,PHSF1GDRYB,1,10.28,10.28,2026-05-23 20:11:07,bq_ledsone,false
1171611,bq-0095_1064321130-A,B&Q,,,WSFH1BMYB2PK+PSDS2BPB2PK+SCRN70BM2PK+LSFT220BC2PK+ICST64E272PK,1,31.90,31.90,2026-05-23 21:35:06,bq_ledsone,false
1171760,bq-0095_1064333108-A,B&Q,,,LSGL9015CL2PK+RPM40WH2PK,1,13.89,13.89,2026-05-24 09:34:52,bq_ledsone,false
1171761,bq-0095_1064333713-A,B&Q,,,CL2RAG5PK,1,13.89,13.89,2026-05-24 09:43:27,bq_ledsone,false
1171782,bq-0095_1064339647-A,B&Q,,,TSWGQBRE+TSLCQA10WH3PK+TSLTRE,1,22.89,22.89,2026-05-24 10:57:11,bq_ledsone,false
1171813,bq-0095_1064343904-C,B&Q,,,CRFF500BM+PHNW1RRR3PK,1,26.49,26.49,2026-05-24 11:40:50,bq_ledsone,false
1171814,bq-0095_1064344820-A,B&Q,,,PHSF1GDTFG3PK,1,35.08,35.08,2026-05-24 11:50:33,bq_ledsone,false
1171815,bq-0095_1064345314-A,B&Q,,,LDCWA55B2255PK,1,15.59,15.59,2026-05-24 11:53:47,bq_ledsone,false
1171837,bq-0095_1064346741-A,B&Q,,,CRFF100CO+LHNSE27CO,5,68.80,13.76,2026-05-24 12:08:07,bq_ledsone,false
1171860,bq-0095_1064351679-A,B&Q,,,PLHNBM+LSGLBT200PU+LDMST64E274,2,49.78,24.89,2026-05-24 12:58:32,bq_ledsone,false
1171871,bq-0095_1064352159-B,B&Q,,,LDMG95E2745PK,1,18.92,18.92,2026-05-24 13:03:35,bq_ledsone,false
1171872,bq-0095_1064353980-B,B&Q,,,TSLCQB10WH,1,9.00,9.00,2026-05-24 13:22:31,bq_ledsone,false
1171896,bq-0095_1064358759-B,B&Q,,,STFG4845WH,1,9.00,9.00,2026-05-24 14:16:11,bq_ledsone,false
1171897,bq-0095_1064359306-C,B&Q,,,RWWPSY1050YE,1,9.00,9.00,2026-05-24 14:18:34,bq_ledsone,false
1171946,bq-0095_1064365313-B,B&Q,,,CRSF2003SN+LHTMGU10SN3PK+LDGU10CW53PK,1,23.89,23.89,2026-05-24 15:25:30,bq_ledsone,false
1171947,bq-0095_1064366852-C,B&Q,,,CERU36150GR,1,9.00,9.00,2026-05-24 15:45:26,bq_ledsone,false
1171954,bq-0095_1064367605-B,B&Q,,,LDMG95E2742PK,1,10.35,10.35,2026-05-24 15:54:49,bq_ledsone,false
1171982,bq-0095_1064371024-B,B&Q,,,TSST349135WO9PK,2,128.98,64.49,2026-05-24 16:47:28,bq_ledsone,false
1172030,bq-0095_1064375836-A,B&Q,,,MBEX5570BMDPK,1,8.29,8.29,2026-05-24 18:07:30,bq_ledsone,false
1172031,bq-0095_1064376249-B,B&Q,,,WCCYSQCH,1,19.85,19.85,2026-05-24 18:16:07,bq_ledsone,false
1172049,bq-0095_1064377374-A,B&Q,,,LDMST64E278,1,9.00,9.00,2026-05-24 18:39:07,bq_ledsone,false
1172050,bq-0095_1064377610-A,B&Q,,,LSSS300GR+RPR44WH,1,16.89,16.89,2026-05-24 18:43:51,bq_ledsone,false
1172051,bq-0095_1064377610-A,B&Q,,,LSFT220BC+RPR44WH,1,11.56,11.56,2026-05-24 18:43:51,bq_ledsone,false
1172066,bq-0095_1064378481-A,B&Q,,,CSBEB1BM3PK,1,13.79,13.79,2026-05-24 19:01:33,bq_ledsone,false
1172074,bq-0095_1064379744-A,B&Q,,,LSMS320OR2PK+RPR44WH2PK,1,23.39,23.39,2026-05-24 19:27:11,bq_ledsone,false
1172076,bq-0095_1064380923-A,B&Q,,,LHXWPE27PPWH,1,5.19,5.19,2026-05-24 19:51:05,bq_ledsone,false
1172085,bq-0095_1064381715-B,B&Q,,,CENU70450WH,1,9.00,9.00,2026-05-24 20:10:37,bq_ledsone,false
1172132,bq-0095_1064386047-B,B&Q,,,LDMG95E2745PK,1,18.92,18.92,2026-05-24 21:37:26,bq_ledsone,false
1172137,bq-0095_1064387156-A,B&Q,,,PHSF1BMTYB,4,41.08,10.27,2026-05-24 21:56:14,bq_ledsone,false
1172147,bq-0095_1064387569-A,B&Q,,,LLSQ24W,1,9.00,9.00,2026-05-24 22:02:50,bq_ledsone,false
1172148,bq-0095_1064388141-A,B&Q,,,PHSF1BWRSN,2,20.54,10.27,2026-05-24 22:15:29,bq_ledsone,false
1172176,bq-0095_1064391191-A,B&Q,,,CRSF100BM+WSHC100TBM+LSCY290BM+LDMST64E274,2,43.78,21.89,2026-05-24 23:45:06,bq_ledsone,false
1172178,bq-0095_1064391353-A,B&Q,,,LDSG125LOE274,1,9.30,9.30,2026-05-24 23:53:10,bq_ledsone,false
1172182,bq-0095_1064391660-A,B&Q,,,TPHTTN2PBRBM+LSGLBC160AR+LDMST64E274,2,49.48,24.74,2026-05-25 00:08:09,bq_ledsone,false
1172193,bq-0095_1064392506-A,B&Q,,,MBEX5570BMDPK,1,8.29,8.29,2026-05-25 01:48:49,bq_ledsone,false
1172291,bq-0095_1064402524-B,B&Q,,,RWWPSY12GY2PK,1,9.00,9.00,2026-05-25 09:54:39,bq_ledsone,false
1172345,bq-0095_1064412727-A,B&Q,,,LDMG95E2743PK,1,9.00,9.00,2026-05-25 11:28:54,bq_ledsone,false
1172346,bq-0095_1064412727-A,B&Q,,,LDMST64E278,1,9.00,9.00,2026-05-25 11:28:54,bq_ledsone,false
1172412,bq-0095_1064427738-A,B&Q,,,LDCWGU1056PK,1,13.49,13.49,2026-05-25 13:39:11,bq_ledsone,false
1172433,bq-0095_1064432822-B,B&Q,,,STMT4845WHAPK,1,15.11,15.11,2026-05-25 14:23:27,bq_ledsone,false
1172450,bq-0095_1064434230-A,B&Q,,,CRSF1202CH,1,9.00,9.00,2026-05-25 14:35:56,bq_ledsone,false
1172456,bq-0095_1064436291-A,B&Q,,,RWT6150YE,1,15.89,15.89,2026-05-25 14:54:15,bq_ledsone,false
1172464,bq-0095_1064437837-C,B&Q,,,STRF50IYE,1,14.61,14.61,2026-05-25 15:08:12,bq_ledsone,false
1172476,bq-0095_1064441907-A,B&Q,,,LSGLBC160AR5PK+RPM40WH5PK,1,65.89,65.89,2026-05-25 15:45:51,bq_ledsone,false
1172486,bq-0095_1064442758-B,B&Q,,,WCCYSQGD,1,19.19,19.19,2026-05-25 15:53:36,bq_ledsone,false
1172487,bq-0095_1064443113-B,B&Q,,,PHSF2ROTRO,1,15.07,15.07,2026-05-25 15:58:15,bq_ledsone,false
1172500,bq-0095_1064444956-C,B&Q,,,RWT5100YE,1,9.85,9.85,2026-05-25 16:17:36,bq_ledsone,false
1172518,bq-0095_1064445710-A,B&Q,,,LSMS320BT+RPR44WH,3,38.97,12.99,2026-05-25 16:24:49,bq_ledsone,false
1172536,bq-0095_1064449936-B,B&Q,,,CRSF100SN+LHNSE27SN+LSDM220SN+ICST64E27,1,23.39,23.39,2026-05-25 17:10:30,bq_ledsone,false
1172537,bq-0095_1064450140-A,B&Q,,,PL4HRR+ICST64E27,1,45.89,45.89,2026-05-25 17:12:33,bq_ledsone,false
1172596,bq-0095_1064460299-B,B&Q,,,CRSF100BM+LHNSE27BM+SCRN70BM+LSTF40BM,1,19.49,19.49,2026-05-25 19:28:15,bq_ledsone,false
1172635,bq-0095_1064463928-B,B&Q,,,LHXCCE27WH3PK,1,10.29,10.29,2026-05-25 20:26:07,bq_ledsone,false
1172667,bq-0095_1064469006-B,B&Q,,,LDMG95E2742PK,1,10.35,10.35,2026-05-25 21:43:13,bq_ledsone,false
1172672,bq-0095_1064469868-A,B&Q,,,CRFF100GB+LHNSE27GB,1,13.76,13.76,2026-05-25 21:56:32,bq_ledsone,false
1172701,bq-0095_1064472575-A,B&Q,,,WCCYROGD2PK,1,36.26,36.26,2026-05-25 22:44:47,bq_ledsone,false
1172721,bq-0095_1064475472-A,B&Q,,,RWWPSN12GY,1,9.00,9.00,2026-05-26 00:01:47,bq_ledsone,false
1172796,bq-0095_1064477672-A,B&Q,,,RPM40BMAPK,1,14.19,14.19,2026-05-26 06:27:07,bq_ledsone,false
1172797,bq-0095_1064477725-A,B&Q,,,CRSF100YB+PHTT1PGRYB,2,35.18,17.59,2026-05-26 06:32:07,bq_ledsone,false
1172826,bq-0095_1064480472-B,B&Q,,,RWT3550YE,1,9.00,9.00,2026-05-26 08:14:33,bq_ledsone,false
1172834,bq-0095_1064481011-A,B&Q,,,LHXCCE27WH3PK,1,10.29,10.29,2026-05-26 08:25:34,bq_ledsone,false
1172851,bq-0095_1064485609-A,B&Q,,,PSDS2BMRRE,1,13.19,13.19,2026-05-26 09:43:36,bq_ledsone,false
1172852,bq-0095_1064485609-A,B&Q,,,PSDS4BMRRE,1,13.07,13.07,2026-05-26 09:43:36,bq_ledsone,false
1172905,bq-0095_1064491638-A,B&Q,,,CL2RHE5PK,1,12.08,12.08,2026-05-26 10:53:54,bq_ledsone,false
1172906,bq-0095_1064491638-A,B&Q,,,CRSF120WH,1,9.00,9.00,2026-05-26 10:53:54,bq_ledsone,false
1172907,bq-0095_1064491638-A,B&Q,,,LHPVHRE27WH,1,5.89,5.89,2026-05-26 10:53:54,bq_ledsone,false
1172972,bq-0095_1064498155-A,B&Q,,,RWWPSN10GY,1,9.00,9.00,2026-05-26 12:02:34,bq_ledsone,false
1172988,bq-0095_1064501695-B,B&Q,,,LHPVHRE27WH,1,5.89,5.89,2026-05-26 12:42:14,bq_ledsone,false
1173027,bq-0095_1064507296-A,B&Q,,,LSUL220BC+RPR44WH,1,12.60,12.60,2026-05-26 13:46:34,bq_ledsone,false
1173083,bq-0095_1064515399-A,B&Q,,,CRFF500BM+PHNW1RRR3PK,1,26.49,26.49,2026-05-26 15:19:38,bq_ledsone,false
1173094,bq-0095_1064517665-B,B&Q,,,RWWPSY0640YE,1,9.00,9.00,2026-05-26 15:46:33,bq_ledsone,false
1173111,bq-0095_1064520380-B,B&Q,,,LSGL9015CL5PK+RPM40WH5PK,1,42.89,42.89,2026-05-26 16:20:37,bq_ledsone,false
1173120,bq-0095_1064521500-A,B&Q,,,CKKLYB,1,11.09,11.09,2026-05-26 16:34:35,bq_ledsone,false
1173165,bq-0095_1064530816-A,B&Q,,,PHSF1BWRSN,2,20.54,10.27,2026-05-26 18:47:10,bq_ledsone,false
1173191,bq-0095_1064533827-A,B&Q,,,RWWPSY1050YE,1,9.00,9.00,2026-05-26 19:31:53,bq_ledsone,false
1173212,bq-0095_1064535700-D,B&Q,,,LHSHE27WH2PK,1,11.87,11.87,2026-05-26 20:04:10,bq_ledsone,false
1173235,bq-0095_1064538762-B,B&Q,,,CRSF100YB+PHHA1PBRYB,5,79.45,15.89,2026-05-26 20:57:51,bq_ledsone,false
1173277,bq-0095_1064540871-A,B&Q,,,PHSF1AGRGB,1,12.49,12.49,2026-05-26 21:33:37,bq_ledsone,false
1173300,bq-0095_1064545028-B,B&Q,,,TPFC300OW+RPR44WH+LDCWB2212,1,16.93,16.93,2026-05-26 22:58:49,bq_ledsone,false
1173316,bq-0095_1064546220-A,B&Q,,,CRSF100SN+LHNSE27SN+LSCY210BS,1,21.66,21.66,2026-05-26 23:34:31,bq_ledsone,false
1173317,bq-0095_1064546524-A,B&Q,,,CRSF100WH,1,9.00,9.00,2026-05-26 23:48:51,bq_ledsone,false
1173414,bq-0095_1064553665-A,B&Q,,,PHSF1AGTGB3PK,1,25.18,25.18,2026-05-27 09:12:09,bq_ledsone,false
1173448,bq-0095_1064557442-B,B&Q,,,CRFF108BM+LHTKE27BA,1,12.99,12.99,2026-05-27 10:19:55,bq_ledsone,false
1173509,bq-0095_1064564007-B,B&Q,,,CRSF1203BM+HKR10BM3PK+HK10BM3PK+SPHEBM3PK+PHHR2HETHE3PK,1,36.99,36.99,2026-05-27 11:59:22,bq_ledsone,false
1173528,bq-0095_1064566687-A,B&Q,,,PSDS2BMRBR,1,13.19,13.19,2026-05-27 12:39:59,bq_ledsone,false
1173533,bq-0095_1064567672-A,B&Q,,,LSFT220YE+RPR44WH,1,9.00,9.00,2026-05-27 12:55:52,bq_ledsone,false
1173617,bq-0095_1064576065-C,B&Q,,,STFG4845WH,1,9.00,9.00,2026-05-27 15:05:55,bq_ledsone,false
1173618,bq-0095_1064576115-A,B&Q,,,STRF50ISR,1,14.61,14.61,2026-05-27 15:06:38,bq_ledsone,false
1173619,bq-0095_1064577401-A,B&Q,,,PCFT800BA2PK,1,18.39,18.39,2026-05-27 15:28:53,bq_ledsone,false
1173620,bq-0095_1064578284-B,B&Q,,,RWWPSY1050YE,1,9.00,9.00,2026-05-27 15:42:58,bq_ledsone,false
1173623,bq-0095_1064578872-A,B&Q,,,LDCWGU1056PK,1,13.49,13.49,2026-05-27 15:51:33,bq_ledsone,false
1173624,bq-0095_1064578926-A,B&Q,,,LSCY290BC+RPR44WH,1,15.59,15.59,2026-05-27 15:52:53,bq_ledsone,false
1173625,bq-0095_1064579309-C,B&Q,,,STBFT50M48EWH,1,9.00,9.00,2026-05-27 15:58:16,bq_ledsone,false
1173639,bq-0095_1064579840-A,B&Q,,,CRSF100YB2PK+WSNW170YB2PK+SCRN70YB2PK+LSFT220YB2PK,1,37.89,37.89,2026-05-27 16:06:23,bq_ledsone,false
1173662,bq-0095_1064580970-A,B&Q,,,LDMST64E2783PK,1,12.47,12.47,2026-05-27 16:26:09,bq_ledsone,false
1173663,bq-0095_1064582511-A,B&Q,,,CRFF108WH2PK+LHTKE27WH2PK,1,20.19,20.19,2026-05-27 16:49:56,bq_ledsone,false
1173682,bq-0095_1064583542-A,B&Q,,,RWWPSY0680YE,1,9.00,9.00,2026-05-27 17:07:53,bq_ledsone,false
1173711,bq-0095_1064586599-B,B&Q,,,WSLR200BM+WCWODSBM+ICST64E27,3,77.58,25.86,2026-05-27 18:03:17,bq_ledsone,false
1173712,bq-0095_1064587508-A,B&Q,,,CRFF100SN2PK+LHNSE27SN2PK,1,24.65,24.65,2026-05-27 18:21:34,bq_ledsone,false
1173724,bq-0095_1064588363-A,B&Q,,,CL2RAG5PK,1,9.00,9.00,2026-05-27 18:38:13,bq_ledsone,false
1173742,bq-0095_1064589682-A,B&Q,,,LDMG95B2246PK,1,13.51,13.51,2026-05-27 19:04:51,bq_ledsone,false
1173758,bq-0095_1064591490-A,B&Q,,,STMT4845WH5PK,1,12.56,12.56,2026-05-27 19:43:32,bq_ledsone,false
1173778,bq-0095_1064592372-A,B&Q,,,12UK3P10A,1,17.15,17.15,2026-05-27 20:01:53,bq_ledsone,false
1173818,bq-0095_1064596218-A,B&Q,,,LHC3E27WH3PK,1,12.08,12.08,2026-05-27 21:24:49,bq_ledsone,false
1173822,bq-0095_1064597601-B,B&Q,,,CRSF100BM2PK+PHRNWP2RBM2PK,1,23.89,23.89,2026-05-27 21:57:30,bq_ledsone,false
1173854,bq-0095_1064599047-C,B&Q,,,LDCWGU1056PK,1,13.49,13.49,2026-05-27 22:35:15,bq_ledsone,false
1173855,bq-0095_1064599567-A,B&Q,,,CRSF100BM+LHHTE27BM+LSDO210BG+ICST64E27,1,22.69,22.69,2026-05-27 22:51:55,bq_ledsone,false
1173933,bq-0095_1064603019-A,B&Q,,,CRFF140FG+WSFSFG+ICST64E27+CBFF140BM,1,11.51,11.51,2026-05-28 07:13:22,bq_ledsone,false
1173973,bq-0095_1064605463-A,B&Q,,,STFG4845WH,1,9.00,9.00,2026-05-28 08:37:55,bq_ledsone,false
1174071,bq-0095_1064614445-A,B&Q,,,RPR44WHAPK,1,14.19,14.19,2026-05-28 11:32:07,bq_ledsone,false
1174072,bq-0095_1064614456-A,B&Q,,,TSTS30WH,1,9.00,9.00,2026-05-28 11:33:50,bq_ledsone,false
1174073,bq-0095_1064614497-A,B&Q,,,PHSF1AGTGB3PK,1,25.18,25.18,2026-05-28 11:34:06,bq_ledsone,false
1174099,bq-0095_1064618264-A,B&Q,,,LSCY290BC+RPR44WH,1,15.59,15.59,2026-05-28 12:33:10,bq_ledsone,false
1174100,bq-0095_1064618264-A,B&Q,,,LSFT220BC+RPR44WH,1,11.56,11.56,2026-05-28 12:33:10,bq_ledsone,false
1174106,bq-0095_1064619505-A,B&Q,,,CRSF100YB2PK+WSNW170YB2PK+SCRN70YB2PK+LSFT220YB2PK,2,75.78,37.89,2026-05-28 12:54:39,bq_ledsone,false
1174117,bq-0095_1064620445-A,B&Q,,,WCVCBS+RPR44WH,1,10.28,10.28,2026-05-28 13:13:06,bq_ledsone,false
1174138,bq-0095_1064623231-A,B&Q,,,LSSS300BC2PK+RPR44WH2PK,1,27.89,27.89,2026-05-28 14:00:21,bq_ledsone,false
1174168,bq-0095_1064626024-A,B&Q,,,LDCWA60HB2296PK,1,14.28,14.28,2026-05-28 14:49:19,bq_ledsone,false
1174193,bq-0095_1064627181-D,B&Q,,,TSST349133WOHPK,3,194.67,64.89,2026-05-28 15:10:59,bq_ledsone,false
1174194,bq-0095_1064627312-A,B&Q,,,LDMT185E2746PK,1,15.89,15.89,2026-05-28 15:13:17,bq_ledsone,false
1174205,bq-0095_1064628989-A,B&Q,,,LDCWGU1056PK,1,13.49,13.49,2026-05-28 15:42:52,bq_ledsone,false
1174237,bq-0095_1064633148-B,B&Q,,,RWWPSY0680YE,1,9.00,9.00,2026-05-28 16:57:34,bq_ledsone,false
1174313,bq-0095_1064638816-A,B&Q,,,CL3THE5PK,1,12.47,12.47,2026-05-28 18:55:12,bq_ledsone,false
1174322,bq-0095_1064639437-A,B&Q,,,LDSG1007E273PK,1,34.49,34.49,2026-05-28 19:08:31,bq_ledsone,false
1174323,bq-0095_1064640035-A,B&Q,,,CCBKNWE36,1,10.00,10.00,2026-05-28 19:21:20,bq_ledsone,false
1174344,bq-0095_1064640719-B,B&Q,,,PHSF2BRTCO,1,15.07,15.07,2026-05-28 19:36:15,bq_ledsone,false
1174380,bq-0095_1064644082-C,B&Q,,,TSLCQA20WH3PK+TSWGQBRE2PK,1,19.99,19.99,2026-05-28 20:54:35,bq_ledsone,false
1174381,bq-0095_1064644082-C,B&Q,,,TSTLRULRB2PK,1,17.49,17.49,2026-05-28 20:54:35,bq_ledsone,false
1174445,bq-0095_1064648791-A,B&Q,,,TSTLRUSRB,1,10.35,10.35,2026-05-28 22:56:28,bq_ledsone,false
1174462,bq-0095_1064649512-A,B&Q,,,PSDS4BMRGY+ICST64E27,1,18.84,18.84,2026-05-28 23:27:18,bq_ledsone,false
1174477,bq-0095_1064650476-A,B&Q,,,PHSF1GDRYB,1,10.28,10.28,2026-05-29 00:32:08,bq_ledsone,false
1174576,bq-0095_1064654776-D,B&Q,,,CRSF100WH+LHNSE27WH+LSMS320YE,1,20.49,20.49,2026-05-29 08:41:16,bq_ledsone,false
1174580,bq-0095_1064655282-A,B&Q,,,RWWPSYBF25GY,1,9.00,9.00,2026-05-29 08:55:32,bq_ledsone,false
1174605,bq-0095_1064656780-B,B&Q,,,STMT4845WH5PK,1,12.56,12.56,2026-05-29 09:30:53,bq_ledsone,false
1174606,bq-0095_1064656786-A,B&Q,,,CRSF100RE,1,9.00,9.00,2026-05-29 09:31:07,bq_ledsone,false
1174609,bq-0095_1064657920-A,B&Q,,,LSCY290DCB+RPR44WH,3,50.67,16.89,2026-05-29 09:54:52,bq_ledsone,false
1174630,bq-0095_1064659609-D,B&Q,,,RWWPSY1080YE2PK,1,16.89,16.89,2026-05-29 10:28:14,bq_ledsone,false
1174631,bq-0095_1064659977-A,B&Q,,,LDMG95E2743PK,1,9.00,9.00,2026-05-29 10:34:07,bq_ledsone,false
1174651,bq-0095_1064661948-A,B&Q,,,STRF50IRE,1,14.61,14.61,2026-05-29 11:12:14,bq_ledsone,false
1174652,bq-0095_1064661948-A,B&Q,,,STRF50IYE,1,14.61,14.61,2026-05-29 11:12:14,bq_ledsone,false
1174653,bq-0095_1064662404-A,B&Q,,,24IP20360,1,22.74,22.74,2026-05-29 11:16:54,bq_ledsone,false
1174654,bq-0095_1064662491-B,B&Q,,,LSMS320BT+RPR44WH,2,25.98,12.99,2026-05-29 11:18:23,bq_ledsone,false
1174655,bq-0095_1064662491-B,B&Q,,,PHSF2GDTFG,2,27.78,13.89,2026-05-29 11:18:23,bq_ledsone,false
1174677,bq-0095_1064664270-A,B&Q,,,CRSF100CO+PHMU1PBRCO+LSDO210BC,1,19.87,19.87,2026-05-29 11:47:50,bq_ledsone,false
1174699,bq-0095_1064667058-A,B&Q,,,CRFF500BM+PHNW1RBS3PK,1,26.49,26.49,2026-05-29 12:37:10,bq_ledsone,false
1174715,bq-0095_1064668444-B,B&Q,,,LDMG95E2745PK,1,18.92,18.92,2026-05-29 13:03:20,bq_ledsone,false
1174752,bq-0095_1064672104-A,B&Q,,,LSSS300CH+RPR44WH,1,14.29,14.29,2026-05-29 14:08:43,bq_ledsone,false
1174768,bq-0095_1064673364-A,B&Q,,,CRFF500BM+PHNW1RBC3PK,1,26.49,26.49,2026-05-29 14:31:47,bq_ledsone,false
1174827,bq-0095_1064680162-A,B&Q,,,STKP48EBR6PK,1,14.74,14.74,2026-05-29 16:24:34,bq_ledsone,false
1174828,bq-0095_1064680749-A,B&Q,,,CRSF100CH+PHCHPCRCH+LSMS320GR,1,20.93,20.93,2026-05-29 16:35:10,bq_ledsone,false
1174829,bq-0095_1064681442-A,B&Q,,,CRSF100BM+WSHC100TBM+LSCY290BM+LDMST64E274,2,43.78,21.89,2026-05-29 16:47:50,bq_ledsone,false
1174833,bq-0095_1064681813-A,B&Q,,,CRFF5004BM+WCRN3CBM4PK,1,47.89,47.89,2026-05-29 16:53:53,bq_ledsone,false
1174866,bq-0095_1064685807-A,B&Q,,,CRFF100CH,1,9.00,9.00,2026-05-29 18:12:14,bq_ledsone,false
1174896,bq-0095_1064688370-A,B&Q,,,LDMG95E2782PK,1,10.35,10.35,2026-05-29 19:09:00,bq_ledsone,false
1174933,bq-0095_1064692173-A,B&Q,,,TSLCQA15WH3PK+TSWGQBRE2PK,1,19.99,19.99,2026-05-29 20:45:10,bq_ledsone,false
1174946,bq-0095_1064692812-A,B&Q,,,RWT560YE,1,9.00,9.00,2026-05-29 21:01:52,bq_ledsone,false
1174967,bq-0095_1064694954-B,B&Q,,,LSCY290BU+RPR44WH,1,12.99,12.99,2026-05-29 22:08:12,bq_ledsone,false
1174975,bq-0095_1064695597-A,B&Q,,,LSSC315GR+RPR44WH,10,208.90,20.89,2026-05-29 22:25:51,bq_ledsone,false
1174979,bq-0095_1064696611-A,B&Q,,,LDMG95E2743PK,1,9.00,9.00,2026-05-29 22:59:40,bq_ledsone,false
1174992,bq-0095_1064697371-A,B&Q,,,CRSF100BM+LHNSE27YB+SCRN70BM+LSFT220GB+ICST64E27,1,23.97,23.97,2026-05-29 23:37:35,bq_ledsone,false
1175004,bq-0095_1064698763-C,B&Q,,,STRF50IYK,1,14.61,14.61,2026-05-30 03:12:49,bq_ledsone,false
1175021,bq-0095_1064700107-A,B&Q,,,CRFF2008BM+CO532AGY3PK+LSDO210BB4PK+LSOL180BC4PK+PHFMHT2BRBM8PK,1,85.80,85.80,2026-05-30 07:40:59,bq_ledsone,false
1175080,bq-0095_1064705554-A,B&Q,,,WLWOFTBM,2,18.00,9.00,2026-05-30 10:26:53,bq_ledsone,false
1175081,bq-0095_1064707007-B,B&Q,,,WLWOFTBM2PK,1,14.35,14.35,2026-05-30 10:48:14,bq_ledsone,false
1175118,bq-0095_1064712876-C,B&Q,,,PSHYOS4BRBM,1,15.07,15.07,2026-05-30 12:08:12,bq_ledsone,false
1175136,bq-0095_1064714671-A,B&Q,,,CRSF100BM+WSSS70BM+LSTF40BM+ICST64E27,1,24.08,24.08,2026-05-30 12:32:37,bq_ledsone,false
1175137,bq-0095_1064714864-A,B&Q,,,CRSF1202BM+SCRN70BM2PK+LSFT220RO2PK+PHFMSH2BRYB2PK,1,16.74,16.74,2026-05-30 12:35:31,bq_ledsone,false
1175138,bq-0095_1064714972-A,B&Q,,,LSFT220GR2PK+RPR44WH2PK,1,20.89,20.89,2026-05-30 12:37:03,bq_ledsone,false
1175139,bq-0095_1064714972-A,B&Q,,,LSFT220GR+RPR44WH,1,11.56,11.56,2026-05-30 12:37:03,bq_ledsone,false
1175140,bq-0095_1064714972-A,B&Q,,,LSMS320GR+RPR44WH,1,14.29,14.29,2026-05-30 12:37:03,bq_ledsone,false
1175141,bq-0095_1064715768-C,B&Q,,,LDMG95E2743PK,2,18.00,9.00,2026-05-30 12:49:04,bq_ledsone,false
1175154,bq-0095_1064717231-B,B&Q,,,LDCWGU1076PK,1,14.29,14.29,2026-05-30 13:09:38,bq_ledsone,false
1175170,bq-0095_1064720048-A,B&Q,,,LSDO210GY+RPR44WH,1,10.40,10.40,2026-05-30 13:47:33,bq_ledsone,false
1175171,bq-0095_1064720145-B,B&Q,,,STBFT50M48EWH6PK,1,9.00,9.00,2026-05-30 13:49:16,bq_ledsone,false
1175217,bq-0095_1064725665-B,B&Q,,,LHSHE27BA,2,18.00,9.00,2026-05-30 15:07:41,bq_ledsone,false
1175232,bq-0095_1064727578-A,B&Q,,,LHXCCE27WH3PK,1,10.29,10.29,2026-05-30 15:36:12,bq_ledsone,false
1175268,bq-0095_1064731633-C,B&Q,,,RWWPSY0640YE2PK,1,10.99,10.99,2026-05-30 16:36:46,bq_ledsone,false
1175307,bq-0095_1064736942-A,B&Q,,,TPFC280BT+RPR44WH+LDCWB2212,1,16.89,16.89,2026-05-30 18:17:53,bq_ledsone,false
1175324,bq-0095_1064737904-A,B&Q,,,WSNWBM+LSHQ180BM+ICST64E27,1,33.68,33.68,2026-05-30 18:38:53,bq_ledsone,false
1175330,bq-0095_1064738648-B,B&Q,,,LSFC300BG+LDCWB2212,1,18.03,18.03,2026-05-30 18:57:02,bq_ledsone,false
1175354,bq-0095_1064740649-A,B&Q,,,CRSF100CH+PHCHPCRCH+LSMS320GY,1,20.93,20.93,2026-05-30 19:50:59,bq_ledsone,false
1175363,bq-0095_1064741117-C,B&Q,,,RWWPSY10120YE,1,10.35,10.35,2026-05-30 20:05:31,bq_ledsone,false
1175410,bq-0095_1064744407-A,B&Q,,,LDMT185E2746PK,1,15.89,15.89,2026-05-30 21:47:12,bq_ledsone,false
1175420,bq-0095_1064745392-B,B&Q,,,LDMG95E2745PK,1,18.92,18.92,2026-05-30 22:17:57,bq_ledsone,false
1175463,bq-0095_1064747597-A,B&Q,,,CERU36200GR,2,18.00,9.00,2026-05-31 00:14:32,bq_ledsone,false
1175563,bq-0095_1064750774-A,B&Q,,,LDCWGU1076PK,1,14.29,14.29,2026-05-31 08:52:09,bq_ledsone,false
1175572,bq-0095_1064751143-B,B&Q,,,LDMG95B228,1,9.00,9.00,2026-05-31 09:03:40,bq_ledsone,false
1175631,bq-0095_1064755546-A,B&Q,,,CRFF75CH,1,10.35,10.35,2026-05-31 10:38:15,bq_ledsone,false
1175661,bq-0095_1064758537-A,B&Q,,,12UK3P5A,1,15.49,15.49,2026-05-31 11:27:36,bq_ledsone,false
1175662,bq-0095_1064758751-A,B&Q,,,12IP20300,1,25.99,25.99,2026-05-31 11:30:13,bq_ledsone,false
1175663,bq-0095_1064758855-B,B&Q,,,WCVCBM+RPR44WH,1,9.00,9.00,2026-05-31 11:32:53,bq_ledsone,false
1175664,bq-0095_1064758855-B,B&Q,,,WCB7BM2PK+RPR44WH2PK,1,16.61,16.61,2026-05-31 11:32:53,bq_ledsone,false
1175665,bq-0095_1064758855-B,B&Q,,,LSLC180BC+RPR44WH,2,18.00,9.00,2026-05-31 11:32:53,bq_ledsone,false
1175683,bq-0095_1064761683-A,B&Q,,,LDMG95E2743PK,1,9.00,9.00,2026-05-31 12:13:36,bq_ledsone,false
1175706,bq-0095_1064763593-B,B&Q,,,SPSDP2BMY,1,9.00,9.00,2026-05-31 12:42:22,bq_ledsone,false
1175712,bq-0095_1064764299-B,B&Q,,,SPSDP2BMY,2,18.00,9.00,2026-05-31 12:53:14,bq_ledsone,false
1175713,bq-0095_1064764764-A,B&Q,,,RWWPSY1050YE,1,9.00,9.00,2026-05-31 12:59:02,bq_ledsone,false
1175714,bq-0095_1064764822-A,B&Q,,,CRFF75WH,1,9.00,9.00,2026-05-31 12:59:54,bq_ledsone,false
1175727,bq-0095_1064765847-C,B&Q,,,LHXWPE27PPWH,1,5.19,5.19,2026-05-31 13:14:34,bq_ledsone,false
1175728,bq-0095_1064766145-A,B&Q,,,CCBKNWE18,1,9.00,9.00,2026-05-31 13:19:24,bq_ledsone,false
1175744,bq-0095_1064768146-A,B&Q,,,CRSF100BM+LHNSE27YB+SCRN70BS+LSWD360BS+ICST64E27,2,38.72,19.36,2026-05-31 13:50:35,bq_ledsone,false
1175766,bq-0095_1064769948-A,B&Q,,,RWWPSY10GY2PK,1,9.00,9.00,2026-05-31 14:17:14,bq_ledsone,false
1175795,bq-0095_1064771004-A,B&Q,,,SPSDP3YB2PK,1,9.00,9.00,2026-05-31 14:31:58,bq_ledsone,false
1175834,bq-0095_1064775375-B,B&Q,,,RWWPSY1050YE2PK,1,9.00,9.00,2026-05-31 15:41:16,bq_ledsone,false
1175894,bq-0095_1064779961-A,B&Q,,,LDMG95E2782PK,1,10.35,10.35,2026-05-31 17:02:12,bq_ledsone,false
1175916,bq-0095_1064781288-A,B&Q,,,BLGRBM280BM,2,50.94,25.47,2026-05-31 17:25:39,bq_ledsone,false
1175917,bq-0095_1064782046-B,B&Q,,,WCDTGD+RPR44WH,1,12.86,12.86,2026-05-31 17:39:02,bq_ledsone,false
1175918,bq-0095_1064782219-A,B&Q,,,12IP6780,1,17.67,17.67,2026-05-31 17:42:19,bq_ledsone,false
1175919,bq-0095_1064782219-A,B&Q,,,12IP67153PK,1,18.69,18.69,2026-05-31 17:42:19,bq_ledsone,false
1175920,bq-0095_1064782219-A,B&Q,,,12IP67202PK,1,19.57,19.57,2026-05-31 17:42:19,bq_ledsone,false
1175941,bq-0095_1064784251-A,B&Q,,,PSOS4BMTHE+ICST64E27,1,15.89,15.89,2026-05-31 18:23:31,bq_ledsone,false
1175962,bq-0095_1064784707-A,B&Q,,,CKDZH01920KS,1,16.24,16.24,2026-05-31 18:34:10,bq_ledsone,false
1175989,bq-0095_1064786276-A,B&Q,,,CRSF100BM2PK+LHNSE27BM2PK+LSTF400WH2PK+ICST64E272PK,1,29.19,29.19,2026-05-31 19:07:34,bq_ledsone,false
1175990,bq-0095_1064786291-A,B&Q,,,LSCY290RO+RPR44WH,2,32.48,16.24,2026-05-31 19:08:01,bq_ledsone,false
1176028,bq-0095_1064788045-A,B&Q,,,LDMG95E2742PK,1,10.35,10.35,2026-05-31 19:45:18,bq_ledsone,false
1176069,bq-0095_1064790862-B,B&Q,,,RPR44WHAPK,1,14.19,14.19,2026-05-31 20:42:02,bq_ledsone,false
1176078,bq-0095_1064791452-A,B&Q,,,LDMG95E2743PK,1,9.00,9.00,2026-05-31 20:54:53,bq_ledsone,false
1176116,bq-0095_1064793986-C,B&Q,,,AFWHTBYB3PK,1,19.69,19.69,2026-05-31 21:48:59,bq_ledsone,false
1176123,bq-0095_1064794447-A,B&Q,,,12BO48,3,32.82,10.94,2026-05-31 22:00:51,bq_ledsone,false
1176129,bq-0095_1064794597-A,B&Q,,,CRSF100WH+LHNSE27WH+LSMS320YE,2,40.98,20.49,2026-05-31 22:04:11,bq_ledsone,false
1176153,bq-0095_1064796527-A,B&Q,,,SPSDP2WH,1,9.00,9.00,2026-05-31 22:58:33,bq_ledsone,false
