Month,Single SKU,Product Category,Amazon Units,eBay Units,B&Q Units,Total Units,Avg Daily Units
2026-07,CRSF100BM,Ceiling Rose,691,176,118,985,31.77
2026-07,PHHT1PBRBM,Rectangle Pendant Light,59,20,23,102,3.29
2026-07,LSHM400HE,Hemp Lighting,71,2,0,73,2.35
2026-07,LSSS300OR,Lampshade,3,1,0,4,0.13
2026-07,RPR44WH,Reducer Plate,2774,496,171,3441,111.0
2026-07,SPSDP2YB,Spare Parts,61,7,2,70,2.26
2026-07,PLADBM,Pipe lighting,54,15,0,69,2.23
2026-07,ICST64E27,Bulbs,862,431,153,1446,46.65
2026-07,WCB2BM,Wire Cage,24,3,1,28,0.9
2026-07,LSCY290GY,Lampshade,56,9,5,70,2.26
2026-07,12IP20300,Transformer,2,5,0,7,0.23
2026-07,CRFF100CO,Ceiling Rose,10,30,0,40,1.29
2026-07,LHNSE27CO,Lamp Holder,83,15,13,111,3.58
2026-07,WCB4WH,Wire Cage,7,0,1,8,0.26
2026-07,CL3TGL5PK,Cable,17,0,0,17,0.55
2026-07,12UK3P10A,Transformer,15,17,10,42,1.35
2026-07,CL3TBM5PK,Cable,12,14,0,26,0.84
2026-07,LSFT220BM,Lampshade,90,36,11,137,4.42
2026-07,CRSF100HBM,Ceiling Rose,30,17,0,47,1.52
2026-07,WSLS155YB,Wall sconce,46,34,0,80,2.58
2026-07,PSDS2RBW,Plug in Pendant,21,1,0,22,0.71
2026-07,SCRN70BM,Shade Ring,455,113,70,638,20.58
2026-07,LSFT220BI,Lampshade,46,5,12,63,2.03
2026-07,PHCH1BMRBM,Rectangle Pendant Light,206,12,3,221,7.13
2026-07,LSCY290BM,Lampshade,195,11,2,208,6.71
2026-07,PSDS2BMRGR,Plug in Pendant,3,2,0,5,0.16
2026-07,PHUH1HETBM,Hemp Lighting,45,2,2,49,1.58
2026-07,LSHM300HE,Hemp Lighting,20,0,0,20,0.65
2026-07,LSCY290BI,Lampshade,37,16,1,54,1.74
2026-07,CL3TBMAPK,Cable,31,4,0,35,1.13
2026-07,WSOSBDBM,Wall sconce,15,2,0,17,0.55
2026-07,LSRP260CO,Other Shade,12,1,1,14,0.45
2026-07,LDMG95E274,Bulbs,229,43,91,363,11.71
2026-07,SCRN70CO,Shade Ring,70,11,12,93,3.0
2026-07,LSFT220BC,Lampshade,60,8,13,81,2.61
2026-07,CRFF500BM,Ceiling Rose,118,18,19,155,5.0
2026-07,LSDO210BG,Rectangle Pendant Light,110,30,4,144,4.65
2026-07,CL3RBR5PK,Cable,7,1,0,8,0.26
2026-07,LSCY290YB,Lampshade,53,1,1,55,1.77
2026-07,WCB6BC,Wire Cage,40,4,1,45,1.45
2026-07,CRFF100GB,Ceiling Rose,23,4,3,30,0.97
2026-07,LHNSE27GB,Round Ceiling Rose Without Lampshade,42,4,6,52,1.68
2026-07,LSCY290CO,Lampshade,46,2,14,62,2.0
2026-07,CL2TGDAPK,Cable,4,1,0,5,0.16
2026-07,CL3RBM5PK,Cable,26,4,0,30,0.97
2026-07,PHSF1GDRFG,Pendant Lights,9,1,1,11,0.35
2026-07,LHC6E27WH,Lamp Holder,23,1,0,24,0.77
2026-07,LSMS320CB,Lampshade,38,1,1,40,1.29
2026-07,CL3TBD5PK,Cable,2,0,0,2,0.06
2026-07,LSCY290NB,Lampshade,36,9,0,45,1.45
2026-07,PSDS4BMRBU,Plug in Pendant,13,1,0,14,0.45
2026-07,CL2RBMAPK,Cable,11,1,0,12,0.39
2026-07,PHRNWP1RBM,Pendant Lights,8,0,0,8,0.26
2026-07,CL3TGD5PK,Cable,55,4,0,59,1.9
2026-07,LHC1E27WH,Lamp Holder,5,17,0,22,0.71
2026-07,LHC4E27WH,Lamp Holder,25,1,0,26,0.84
2026-07,LSMCSPFLMC,Lampshade,35,1,0,36,1.16
2026-07,CL2RBR5PK,Cable,4,1,0,5,0.16
2026-07,PSHYOS4BRBM,Plug in Pendant,2,1,4,7,0.23
2026-07,CL3TBKAPK,Cable,7,3,0,10,0.32
2026-07,CNP1000FG,Chain,5,0,0,5,0.16
2026-07,CRSF100HYB,Wall sconce,19,0,0,19,0.61
2026-07,WSNW170YB,Wall sconce,30,0,0,30,0.97
2026-07,PSDS2RGD,Plug in Pendant,21,0,0,21,0.68
2026-07,SCRN70YB,Shade Ring,92,35,10,137,4.42
2026-07,LSOL220YB,Lampshade,42,3,0,45,1.45
2026-07,LSDM220CH,Lampshade,3,2,3,8,0.26
2026-07,PHSF2BMRBM,Pendant Lights,30,0,2,32,1.03
2026-07,SPSDP2BM,Spare Parts,122,8,2,132,4.26
2026-07,CRFF108GB,Ceiling Rose,23,9,0,32,1.03
2026-07,HK10GB,Ceiling Rose,55,9,0,64,2.06
2026-07,PSOS4BMTHE,Plug in Pendant,27,1,4,32,1.03
2026-07,CRFF108WH,Ceiling Rose,4,3,0,7,0.23
2026-07,LHTKE27WH,Round Ceiling Rose Without Lampshade,2,3,0,5,0.16
2026-07,LDSG125LOE274,Bulbs,51,1,3,55,1.77
2026-07,LSCY290GR,Lampshade,33,8,0,41,1.32
2026-07,CL3RHEAPK,Cable,1,1,0,2,0.06
2026-07,TPOSBDBM,Table Lamp,109,12,1,122,3.94
2026-07,PHSF2BMTBM,Pendant Lights,10,2,2,14,0.45
2026-07,LSSS300YE,Lampshade,4,3,0,7,0.23
2026-07,LSCYRO200BM,Lampshade,32,4,0,36,1.16
2026-07,RWWPSY1050YE,Wall plug,7,0,9,16,0.52
2026-07,12IP67300,Transformer,2,0,0,2,0.06
2026-07,CRSF100CO,Ceiling Rose,48,24,13,85,2.74
2026-07,PHSH1PBRCO,Pendant Lights,6,2,0,8,0.26
2026-07,LSDO300CO,Cage + Shade Spider Light,22,0,0,22,0.71
2026-07,LSCY210BM,Lampshade,14,0,0,14,0.45
2026-07,LHC2E27WH,Lamp Holder,36,14,0,50,1.61
2026-07,CL3THEAPK,Cable,27,3,0,30,0.97
2026-07,12UK3P2A,Transformer,24,35,5,64,2.06
2026-07,LSCY210BG,Lampshade,130,10,4,144,4.65
2026-07,PHHF1PBRBM,Herder Holder Pedant,3,0,0,3,0.1
2026-07,LSWD360BM,Ceiling light,15,0,2,17,0.55
2026-07,CL3TOR5PK,Cable,7,0,0,7,0.23
2026-07,CRSF100BC,Ceiling Rose,75,10,3,88,2.84
2026-07,PHHF1PBRBC,Herder Holder Pedant,53,0,0,53,1.71
2026-07,LSWD360BC,Ceiling light,73,3,1,77,2.48
2026-07,LSCY290AA,Lampshade,13,0,0,13,0.42
2026-07,LDMG95E278,Bulbs,233,35,16,284,9.16
2026-07,LHXSHE27BM,Lamp Holder,49,4,3,56,1.81
2026-07,LSDO210YE,Lampshade,14,1,0,15,0.48
2026-07,CRFF108BM,Ceiling Rose,47,9,11,67,2.16
2026-07,HK10BM,Ceiling Rose,51,42,6,99,3.19
2026-07,LDMST64E278,Bulbs,184,75,8,267,8.61
2026-07,LSCY290CB,Lampshade,12,2,0,14,0.45
2026-07,CL3TAG5PK,Cable,8,2,0,10,0.32
2026-07,CKA18ATC4255BM,Category Not Available,1,0,0,1,0.03
2026-07,CRFF108CH,Ceiling Rose,5,0,0,5,0.16
2026-07,HK10CH,Ceiling Rose,5,2,0,7,0.23
2026-07,LHC5E27WH,Lamp Holder,24,13,1,38,1.23
2026-07,CL3TBRAPK,Cable,27,8,0,35,1.13
2026-07,CL3TGR5PK,Cable,5,0,0,5,0.16
2026-07,CL3TGLAPK,Cable,8,1,0,9,0.29
2026-07,SPSDP2BMY,Spare Parts,21,0,0,21,0.68
2026-07,CL3TIV5PK,Cable,9,1,0,10,0.32
2026-07,CRFF100SN,Ceiling Rose,11,0,8,19,0.61
2026-07,LHNSE27SN,Flat shade Ceiling Light,22,5,10,37,1.19
2026-07,LDMG80E274,Bulbs,104,72,0,176,5.68
2026-07,LDST185B224,Bulbs,6,0,0,6,0.19
2026-07,WCB1BM,Wire Cage,22,7,1,30,0.97
2026-07,CL3TGY5PK,Cable,7,13,0,20,0.65
2026-07,12IP6720,Transformer,6,20,2,28,0.9
2026-07,PLPYBC,Pipe lighting,2,0,0,2,0.06
2026-07,CL3THE5PK,Cable,6,2,4,12,0.39
2026-07,LSCY290RO,Lampshade,43,0,0,43,1.39
2026-07,WCB7WH,Wire Cage,45,8,2,55,1.77
2026-07,WCCYSP160GD,Wire Cage,12,4,3,19,0.61
2026-07,WCB6BM,Wire Cage,58,6,0,64,2.06
2026-07,TPHTTN2PBRBM,Table Lamp,8,2,2,12,0.39
2026-07,WCWDBM,Wire Cage,25,7,2,34,1.1
2026-07,WCB6WH,Wire Cage,46,4,3,53,1.71
2026-07,LHSHE27WH,Lamp Holder,8,3,0,11,0.35
2026-07,CL3RGDAPK,Cable,2,0,0,2,0.06
2026-07,CL2TRO5PK,Cable,3,2,1,6,0.19
2026-07,LSMS320BT,Lampshade,26,0,0,26,0.84
2026-07,RWT680YE,Wall plug,6,0,3,9,0.29
2026-07,CRSF100GS,Ceiling Rose,14,2,0,16,0.52
2026-07,WSWH135BM,Wall sconce,34,10,6,50,1.61
2026-07,LSHQ150GR,Wall sconce,2,0,1,3,0.1
2026-07,LDMT185E273,Bulbs,137,0,0,137,4.42
2026-07,SPSDP2WH,Spare Parts,65,6,2,73,2.35
2026-07,CRFF105GB,Ceiling Rose,41,7,0,48,1.55
2026-07,PHSF1AGRGB,Pendant Lights,4,5,3,12,0.39
2026-07,LSMS320GY,Lampshade,69,8,0,77,2.48
2026-07,LSCY290WH,Lampshade,57,5,1,63,2.03
2026-07,CL2RBW5PK,Cable,2,1,1,4,0.13
2026-07,CL3RWHAPK,Cable,4,0,0,4,0.13
2026-07,LHNSE27YB,Lamp Holder,152,29,49,230,7.42
2026-07,LSFT220BG,Lampshade,62,4,4,70,2.26
2026-07,CRFF100BM,Ceiling Rose,40,87,13,140,4.52
2026-07,LHNSE27BM,Lamp Holder,53,59,22,134,4.32
2026-07,12IP67100,Transformer,11,6,0,17,0.55
2026-07,LSGG200AR,Lampshade,12,7,0,19,0.61
2026-07,SCRN70FG,Shade Ring,24,1,1,26,0.84
2026-07,PLADRR,Pipe lighting,6,0,0,6,0.19
2026-07,LDA60E274WW,Bulbs,6,0,0,6,0.19
2026-07,CL2RHEAPK,Cable,3,0,0,3,0.1
2026-07,LSCY290BL,Lampshade,19,7,0,26,0.84
2026-07,PHHR3DSTHE,Hemp Lighting,3,0,1,4,0.13
2026-07,LDSG1007E27,Bulbs,18,2,1,21,0.68
2026-07,CL2TGLAPK,Cable,14,1,0,15,0.48
2026-07,CL3RBW5PK,Cable,4,1,1,6,0.19
2026-07,CL2ROR5PK,Cable,1,0,0,1,0.03
2026-07,12IP6780,Transformer,9,9,1,19,0.61
2026-07,CRSF100BB,Ceiling Rose,10,1,0,11,0.35
2026-07,PHCH1PBRBB,Curvy Holder Pendant,8,1,0,9,0.29
2026-07,LSCY290BB,Lampshade,15,0,3,18,0.58
2026-07,CL3TPU5PK,Cable,1,0,0,1,0.03
2026-07,CL2RBWAPK,Cable,1,0,0,1,0.03
2026-07,LDMG95B224,Bulbs,27,11,13,51,1.65
2026-07,CL2TCRAPK,Cable,2,0,0,2,0.06
2026-07,CL3RHE5PK,Cable,12,1,3,16,0.52
2026-07,LSMS320BI,Lampshade,35,9,1,45,1.45
2026-07,12IP20120,Transformer,1,12,1,14,0.45
2026-07,LSCY290CH,Lampshade,32,4,1,37,1.19
2026-07,WCVCBC,Wire Cage,15,2,1,18,0.58
2026-07,PSDS2BMRGD,Plug in Pendant,1,2,0,3,0.1
2026-07,CRSF1203BM,Ceiling Rose,22,7,4,33,1.06
2026-07,PHFMSH2BRYB,Shade Spider Light,68,3,10,81,2.61
2026-07,LHSWPBB22GD,Lamp Holder,45,0,2,47,1.52
2026-07,LSCY290OR,Lampshade,46,4,2,52,1.68
2026-07,CL3RBD5PK,Cable,1,0,0,1,0.03
2026-07,WCB2BC,Wire Cage,4,0,0,4,0.13
2026-07,LSFT220GY,Lampshade,37,14,8,59,1.9
2026-07,LSCYRO120WH,Lampshade,24,15,0,39,1.26
2026-07,PHSF1BMTBY,Pendant Lights,1,0,1,2,0.06
2026-07,PSDS2BMRBM,Plug in Pendant,5,3,0,8,0.26
2026-07,12IP67150,Transformer,20,4,0,24,0.77
2026-07,PLTRBM,Pipe lighting,2,0,0,2,0.06
2026-07,CL3TBK5PK,Cable,9,3,0,12,0.39
2026-07,LSFT220WH,Lampshade,23,13,5,41,1.32
2026-07,CKAN1937BM,Clocks,3,0,0,3,0.1
2026-07,WCB2WH,Wire Cage,47,6,0,53,1.71
2026-07,RWWPSY1080YE,Wall plug,12,0,10,22,0.71
2026-07,CL3RGR5PK,Cable,2,1,0,3,0.1
2026-07,LSTF40CO,Lampshade,15,8,6,29,0.94
2026-07,PHSF1AGTGB,Pendant Lights,43,14,12,69,2.23
2026-07,CL3RBK5PK,Cable,4,3,0,7,0.23
2026-07,LSMS320GR,Lampshade,24,7,5,36,1.16
2026-07,CL3TRW5PK,Cable,2,0,0,2,0.06
2026-07,CL3RBMAPK,Cable,7,2,1,10,0.32
2026-07,PHSF1GDTYB,Pendant Lights,10,0,0,10,0.32
2026-07,PHRI1PBRCO,Rectangle Pendant Light,20,0,0,20,0.65
2026-07,LSOL220CO,Rectangle Pendant Light,25,0,0,25,0.81
2026-07,PHCH1PBRBC,Curvy Holder Pendant,6,2,0,8,0.26
2026-07,LSCY290BC,Lampshade,45,4,1,50,1.61
2026-07,LSFT220BL,Lampshade,17,3,2,22,0.71
2026-07,LSFT220YB,Lampshade,41,7,0,48,1.55
2026-07,PLADBC,Pipe lighting,52,3,0,55,1.77
2026-07,LSCYRO200GD,Lampshade,31,2,0,33,1.06
2026-07,CRSF100GB,Ceiling Rose,40,27,2,69,2.23
2026-07,SCRN70GB,Shade Ring,12,3,0,15,0.48
2026-07,LSTF40GB,Lampshade,17,1,0,18,0.58
2026-07,ICST64E2740,Bulbs,13,42,1,56,1.81
2026-07,PSDS2RGR,Plug in Pendant,5,3,4,12,0.39
2026-07,LSFT220GR,Lampshade,33,6,12,51,1.65
2026-07,PHMU1PBRCO,Mug Holder Pendant Light,5,0,0,5,0.16
2026-07,LSDO210BC,Lampshade,77,6,1,84,2.71
2026-07,CRSF100SN,Ceiling Rose,30,11,2,43,1.39
2026-07,LSTF40SN,Lampshade,6,3,0,9,0.29
2026-07,PSHYOS4WRWH,Plug in Pendant,8,4,0,12,0.39
2026-07,PHSF1BMTBM,Pendant Lights,13,4,13,30,0.97
2026-07,CRFF140SN,Ceiling Rose,11,0,0,11,0.35
2026-07,WSNW170SN,Wall sconce,11,0,0,11,0.35
2026-07,PSDS2BPB,Wall sconce,30,10,6,46,1.48
2026-07,WSFH1BMYB,Wall sconce,31,5,10,46,1.48
2026-07,CRFF100CH,Ceiling Rose,14,28,5,47,1.52
2026-07,LHNSE27CH,Lamp Holder,8,23,8,39,1.26
2026-07,CRSF100YB,Ceiling Rose,68,17,5,90,2.9
2026-07,LLRO18W,Spotlight and Panel light,4,0,0,4,0.13
2026-07,LSSS300GB,Lampshade,4,1,0,5,0.16
2026-07,LSSS300SN,Lampshade,9,0,0,9,0.29
2026-07,PSDS2BMRBW,Plug in Pendant,2,8,0,10,0.32
2026-07,12IP20400,Transformer,4,0,0,4,0.13
2026-07,LSMCSPSQMC,Lampshade,8,1,0,9,0.29
2026-07,RPM40WH,Reducer Plate,171,104,43,318,10.26
2026-07,PLWLBC,Pipe lighting,17,0,1,18,0.58
2026-07,12RPIP45100,Transformer,4,1,0,5,0.16
2026-07,LSMS320WH,Lampshade,14,7,1,22,0.71
2026-07,CCBKNWE48,Transformer,20,7,0,27,0.87
2026-07,CL2TBD5PK,Cable,1,0,0,1,0.03
2026-07,CL2RGY5PK,Cable,1,0,0,1,0.03
2026-07,12RPIP454002,Transformer,6,1,0,7,0.23
2026-07,CL2TYE5PK,Cable,2,0,0,2,0.06
2026-07,LSCY290BG,Lampshade,49,5,3,57,1.84
2026-07,PHCHPCRYB,Curvy Holder Pendant,20,1,1,22,0.71
2026-07,LHCCE27BM,Lamp Holder,1,5,0,6,0.19
2026-07,LSDO210GY,Lampshade,4,3,1,8,0.26
2026-07,CL2THEAPK,Cable,7,1,0,8,0.26
2026-07,SPSPLBM,Spare Parts,8,1,1,10,0.32
2026-07,PHRNWP2RBM,Pendant Lights,18,2,0,20,0.65
2026-07,LSHQ150BU,Wall sconce,2,2,1,5,0.16
2026-07,PSDS4BMRBL,Plug in Pendant,5,2,1,8,0.26
2026-07,LDCWE279,Bulbs,6,0,2,8,0.26
2026-07,LSCY290GC,Lampshade,5,0,4,9,0.29
2026-07,CL3TWH5PK,Cable,3,3,0,6,0.19
2026-07,PSDS4BMRBW,Plug in Pendant,5,5,0,10,0.32
2026-07,CL3RCR5PK,Cable,4,0,0,4,0.13
2026-07,LSOL180BS,Lampshade,6,1,0,7,0.23
2026-07,CL3TCR5PK,Cable,6,1,0,7,0.23
2026-07,CL2TWHAPK,Cable,5,0,0,5,0.16
2026-07,12IP6750,Transformer,6,13,0,19,0.61
2026-07,LDSG95DIE274,Bulbs,124,12,1,137,4.42
2026-07,CL2TBL5PK,Cable,1,0,0,1,0.03
2026-07,LSMS320RE,Lampshade,17,3,1,21,0.68
2026-07,PHUP1PCRCH,Pendant lights without shade,7,8,0,15,0.48
2026-07,CNT900CH,Chain,5,4,0,9,0.29
2026-07,LSCY290RE,Lampshade,31,6,0,37,1.19
2026-07,LHSHE27CO,Lamp Holder,17,10,0,27,0.87
2026-07,LSCY290BU,Lampshade,25,1,0,26,0.84
2026-07,LSLT360WH,Other Shade,3,2,0,5,0.16
2026-07,CL2RAG5PK,Cable,2,0,0,2,0.06
2026-07,LSCY290GB,Lampshade,23,5,2,30,0.97
2026-07,LSHQ180BG,Lampshade,6,0,0,6,0.19
2026-07,CL3RGY5PK,Cable,2,2,0,4,0.13
2026-07,WCWODSBM,Hemp Lighting,5,2,2,9,0.29
2026-07,LDMT185E274,Bulbs,29,34,28,91,2.94
2026-07,PHSH2PBRYB,Shade Spider Light,86,18,4,108,3.48
2026-07,SPUPBM,Spare Parts,225,43,2,270,8.71
2026-07,LSMS320BU,Lampshade,8,1,0,9,0.29
2026-07,PLTYRR,Pipe lighting,10,0,0,10,0.32
2026-07,LSDO210GR,Lampshade,18,3,0,21,0.68
2026-07,CCGNNWE48,Transformer,8,0,0,8,0.26
2026-07,WCB1BB,Wire Cage,2,3,0,5,0.16
2026-07,CRSF100HFG,Wall sconce,2,1,0,3,0.1
2026-07,WSLS155FG,Wall sconce,2,1,0,3,0.1
2026-07,PSDS4.5RGD,Wall sconce,2,0,0,2,0.06
2026-07,LSMCSQWYBL,Lampshade,15,4,0,19,0.61
2026-07,LSDO210BM,Lampshade,13,16,6,35,1.13
2026-07,CNP1000CH,Chain,6,0,0,6,0.19
2026-07,PLTYBS,Pipe lighting,9,0,0,9,0.29
2026-07,CL3TWHAPK,Cable,5,1,0,6,0.19
2026-07,LSTF40BM,Lampshade,19,5,4,28,0.9
2026-07,CL3TGDAPK,Cable,3,5,0,8,0.26
2026-07,CL3RSI5PK,Cable,1,0,0,1,0.03
2026-07,CL2TROAPK,Cable,2,0,0,2,0.06
2026-07,LSSS300BM,Lampshade,6,18,1,25,0.81
2026-07,PHSH1PBRYB,Rectangle Pendant Light,130,50,6,186,6.0
2026-07,12IP20720,Transformer,1,0,0,1,0.03
2026-07,CL2TGY5PK,Cable,2,1,0,3,0.1
2026-07,SPSDP2SN,Spare Parts,17,0,1,18,0.58
2026-07,CNP1000BM,Chain,8,2,0,10,0.32
2026-07,WCB7BM,Wire Cage,13,2,1,16,0.52
2026-07,CL2RBM5PK,Cable,4,1,1,6,0.19
2026-07,LHSWPBB22CH,Lamp Holder,14,0,0,14,0.45
2026-07,LHCCE27WH,Lamp Holder,17,11,4,32,1.03
2026-07,PHSH1PBRBM,Pendant Lights,24,3,0,27,0.87
2026-07,CL2TORAPK,Cable,4,0,0,4,0.13
2026-07,12IP67250,Transformer,5,2,0,7,0.23
2026-07,CL2THE5PK,Cable,7,0,0,7,0.23
2026-07,LDMG125E278,Bulbs,176,20,6,202,6.52
2026-07,CL3RYEAPK,Cable,2,0,0,2,0.06
2026-07,CRFF140YB,Ceiling Rose,8,1,0,9,0.29
2026-07,LSCY290CY,Lampshade,4,0,0,4,0.13
2026-07,CL2TBKAPK,Cable,7,0,0,7,0.23
2026-07,PHSF2GDTFG,Pendant Lights,5,2,3,10,0.32
2026-07,SCRN70BC,Shade Ring,12,8,1,21,0.68
2026-07,PSDS2RBR,Plug in Pendant,4,21,0,25,0.81
2026-07,LSFT220OR,Wall sconce,8,2,3,13,0.42
2026-07,LSCY290YE,Lampshade,20,1,1,22,0.71
2026-07,LSDO210OR,Lampshade,3,6,0,9,0.29
2026-07,CL3RWH5PK,Cable,3,0,0,3,0.1
2026-07,LSDO210NB,Lampshade,5,0,0,5,0.16
2026-07,LSFT320BM,Half thin Holder Pendant Light,1,0,0,1,0.03
2026-07,PLHWBM,Pipe lighting,3,0,0,3,0.1
2026-07,LSFT220RE,Lampshade,13,2,1,16,0.52
2026-07,LSEL400OR,Lampshade,2,0,0,2,0.06
2026-07,12IP6715,Transformer,8,18,0,26,0.84
2026-07,CRSF100WH,Ceiling Rose,109,29,1,139,4.48
2026-07,LHNSE27WH,Lamp Holder,63,2,1,66,2.13
2026-07,LSMS320OR,Half thin Holder Pendant Light,16,1,3,20,0.65
2026-07,LSHQ180BS,Lampshade,2,0,0,2,0.06
2026-07,PHSF1BRTCO,Pendant Lights,5,19,2,26,0.84
2026-07,CL2RHE5PK,Cable,3,1,0,4,0.13
2026-07,CL2RWH5PK,Cable,4,1,0,5,0.16
2026-07,SPSDP3YB,Spare Parts,23,1,0,24,0.77
2026-07,CL2RBKAPK,Cable,2,0,0,2,0.06
2026-07,CL2RBK5PK,Cable,4,0,0,4,0.13
2026-07,PLWEFBM,Pipe lighting,1,0,0,1,0.03
2026-07,LDMST64E274,Bulbs,105,165,28,298,9.61
2026-07,CL3RYE5PK,Cable,1,0,0,1,0.03
2026-07,LDSG125MUE274,Bulbs,15,2,2,19,0.61
2026-07,LHTKE27BA,Round Ceiling Rose Without Lampshade,4,4,3,11,0.35
2026-07,CNP1000CO,Chain,12,1,0,13,0.42
2026-07,CL2TWH5PK,Cable,1,0,1,2,0.06
2026-07,PHSF1ROTRO,Pendant Lights,7,1,0,8,0.26
2026-07,LSCYRO120GD,Lampshade,14,5,6,25,0.81
2026-07,CL3TLBAPK,Cable,4,0,0,4,0.13
2026-07,LSCY290RR,Lampshade,9,1,0,10,0.32
2026-07,PSFW4RBW,Plug in Pendant,1,4,0,5,0.16
2026-07,PLTABC,Pipe lighting,2,0,0,2,0.06
2026-07,LSCY290BS,Lampshade,5,5,0,10,0.32
2026-07,12IP6760,Transformer,1,5,0,6,0.19
2026-07,PHUH2HETBM,Hemp Lighting,3,0,0,3,0.1
2026-07,CL2RGD5PK,Cable,4,0,0,4,0.13
2026-07,LSSS300CO,Lampshade,6,4,1,11,0.35
2026-07,PHRI1PBRBA,Curvy Holder Pendant,9,0,3,12,0.39
2026-07,LPSQ5W,Spotlight and Panel light,6,0,4,10,0.32
2026-07,CL2TBMAPK,Cable,2,0,3,5,0.16
2026-07,PHRI1PBRYB,Rectangle Pendant Light,33,18,3,54,1.74
2026-07,LHSWPBB22SN,Lamp Holder,6,0,3,9,0.29
2026-07,LHC3E27WH,Lamp Holder,10,1,0,11,0.35
2026-07,LSSS300BL,Lampshade,3,1,0,4,0.13
2026-07,LSMS320YE,Lampshade,8,0,0,8,0.26
2026-07,PSDS4BMRGY,Plug in Pendant,2,1,0,3,0.1
2026-07,CNP1000GB,Chain,17,13,0,30,0.97
2026-07,PSDS2BMRBR,Plug in Pendant,5,2,1,8,0.26
2026-07,CL3RBT5PK,Cable,1,0,0,1,0.03
2026-07,CRSF2003BM,Ceiling Rose,40,27,6,73,2.35
2026-07,CL2TBU5PK,Cable,1,1,0,2,0.06
2026-07,CL2TGD5PK,Cable,1,3,1,5,0.16
2026-07,CL2RCR5PK,Cable,2,0,0,2,0.06
2026-07,LSSS300GR,Lampshade,5,0,2,7,0.23
2026-07,PHSF1GDRYB,Pendant Lights,1,2,2,5,0.16
2026-07,PSFW4RGD,Plug in Pendant,1,1,0,2,0.06
2026-07,PHUH0.5HETBM,Hemp Lighting,28,1,3,32,1.03
2026-07,WCB3BM,Wire Cage,13,5,0,18,0.58
2026-07,LSMS320BG,Lampshade,12,5,0,17,0.55
2026-07,CRFF75GB,Ceiling Rose,20,9,0,29,0.94
2026-07,HK10WH,Ceiling Rose,4,4,0,8,0.26
2026-07,CL2TBM5PK,Cable,1,6,0,7,0.23
2026-07,LSCY290SN,Lampshade,14,2,0,16,0.52
2026-07,LSOL180BC,Pipe lighting,26,1,0,27,0.87
2026-07,CL3RIV5PK,Cable,4,0,0,4,0.13
2026-07,CL3TRE,Cable,20,8,0,28,0.9
2026-07,LDST185E274,Bulbs,55,12,1,68,2.19
2026-07,CKCP38383,Clocks,1,0,0,1,0.03
2026-07,PHSHF1PBRYB,Pendant light with shade,35,0,2,37,1.19
2026-07,WCB7BS,Wire Cage,47,3,2,52,1.68
2026-07,CL2RGL5PK,Cable,1,0,0,1,0.03
2026-07,HRE2738BM,Lamp Holder,6,8,0,14,0.45
2026-07,SPSDP3WH,Spare Parts,33,4,0,37,1.19
2026-07,CRFF140GL,Umbrella Shade Flush Light,1,10,8,19,0.61
2026-07,CL3RGD5PK,Cable,4,2,0,6,0.19
2026-07,LHSHE27FG,Lamp Holder,11,2,0,13,0.42
2026-07,12IP6745,Transformer,3,6,0,9,0.29
2026-07,WCRN3CBM,Hemp Lighting,17,0,20,37,1.19
2026-07,LSCYRO200WH,Lampshade,32,2,0,34,1.1
2026-07,PHRYWP1RBM,Pendant Lights,127,0,15,142,4.58
2026-07,LSCYRO300BM,Lampshade,2,0,2,4,0.13
2026-07,CRSF120WH,Ceiling Rose,14,0,2,16,0.52
2026-07,CRSF1205RO,Ceiling Rose,1,1,0,2,0.06
2026-07,PHBK1PBRRO,Rectangle Pendant Light,5,0,0,5,0.16
2026-07,12UK3P1A,Transformer,7,13,24,44,1.42
2026-07,CRFF100WH,Ceiling Rose,10,4,0,14,0.45
2026-07,PHUP1PWRWH,Pendant lights without shade,10,10,0,20,0.65
2026-07,CNT900WH,Chain,2,1,0,3,0.1
2026-07,PL4HBM,Pipe lighting,4,3,1,8,0.26
2026-07,CL3TBUAPK,Cable,4,2,0,6,0.19
2026-07,SPPGUK3PWH,Spare Parts,6,12,0,18,0.58
2026-07,LHTTE27WH,Round Ceiling Rose Without Lampshade,12,2,0,14,0.45
2026-07,PHCT1BMRBM,Herder Holder Pedant,40,8,0,48,1.55
2026-07,PHBA1BMRBM,Pendant light with shade,36,3,0,39,1.26
2026-07,LSYG410GY,Pendant light with shade,4,0,0,4,0.13
2026-07,CTBOP20L,Category Not Available,5,0,0,5,0.16
2026-07,CTBOP11L,Category Not Available,2,0,0,2,0.06
2026-07,CTBOP27L,Cloths,2,0,0,2,0.06
2026-07,LDMA60E274WW,Bulbs,45,12,1,58,1.87
2026-07,LDCCE2715,Bulbs,3,0,0,3,0.1
2026-07,WSLS170YB,Wall sconce,10,0,0,10,0.32
2026-07,WCB4BB,Wire Cage,3,0,3,6,0.19
2026-07,WCCYSQCH,Wire Cage,2,7,3,12,0.39
2026-07,LDMT45E274,Bulbs,104,100,25,229,7.39
2026-07,CL3TBU5PK,Cable,7,2,2,11,0.35
2026-07,LSHH240BG,Lampshade,6,0,0,6,0.19
2026-07,CRFF4002BM,Ceiling Rose,4,1,0,5,0.16
2026-07,PHCHPCRSN,Curvy Holder Pendant,5,2,0,7,0.23
2026-07,PSDS4BMRRE,Plug in Pendant,7,1,0,8,0.26
2026-07,CERU72350YE,Cable Ties,4,6,0,10,0.32
2026-07,CENU1001200WH,Cable Ties,2,0,0,2,0.06
2026-07,LSEL400BM,Lampshade,4,1,2,7,0.23
2026-07,APSPBRW,Category Not Available,4,0,0,4,0.13
2026-07,LHSHE27YB,Lamp Holder,16,15,0,31,1.0
2026-07,PLTTBC,Pipe lighting,15,6,0,21,0.68
2026-07,WCBNBC,Wire Cage,12,0,0,12,0.39
2026-07,LSMCSPMSMC,Lampshade,8,0,0,8,0.26
2026-07,CERU36200BL,Cable Ties,1,0,0,1,0.03
2026-07,LDMC35E144,Bulbs,93,71,0,164,5.29
2026-07,WCDTBM,Wire Cage,87,27,0,114,3.68
2026-07,STFG4845WH,Tapes,10,0,54,64,2.06
2026-07,LDMG125B228,Bulbs,37,6,0,43,1.39
2026-07,CRSF100CH,Ceiling Rose,10,20,7,37,1.19
2026-07,PHHN1PBRGD,3Way Round Ceiling light,18,5,0,23,0.74
2026-07,CCBKNWE18,Transformer,9,2,0,11,0.35
2026-07,CL3THE,Cable,12,63,2,77,2.48
2026-07,RWWPSN60YE,Wall plug,5,5,0,10,0.32
2026-07,LSGL9015GY,Lampshade,27,0,0,27,0.87
2026-07,RPM40BM,Reducer Plate,26,8,0,34,1.1
2026-07,CL3RBU5PK,Cable,1,0,0,1,0.03
2026-07,LSRP260SN,Other Shade,2,0,1,3,0.1
2026-07,HRE2738WH,Holder Ring,30,4,0,34,1.1
2026-07,CRSF100RO,Ceiling Rose,5,10,0,15,0.48
2026-07,PHCHPBRRO,Pendant light with shade,4,0,0,4,0.13
2026-07,WCIR300BM,Wire Cage,41,0,0,41,1.32
2026-07,PLTYBC,Pipe lighting,8,1,0,9,0.29
2026-07,LDMT130E274,Pipe lighting,10,1,0,11,0.35
2026-07,LHXCCE27WH,Lamp Holder,10,0,26,36,1.16
2026-07,CL2RGL,Cable,8,11,0,19,0.61
2026-07,WCBTC100FG,Wire Cage,53,0,0,53,1.71
2026-07,CL2TBL,Cable,3,5,0,8,0.26
2026-07,LSMCSQWYRE,Lampshade,17,3,0,20,0.65
2026-07,LSRP260YB,Other Shade,5,0,0,5,0.16
2026-07,CRFF140BM,Ceiling Rose,31,4,7,42,1.35
2026-07,WCDCBM,Wire Cage,114,22,8,144,4.65
2026-07,LSCYRO120BM,Lampshade,43,7,18,68,2.19
2026-07,LSSS300BG,Lampshade,9,0,0,9,0.29
2026-07,LSCP150BA,Lampshade,2,2,0,4,0.13
2026-07,CL3TROAPK,Cable,2,0,0,2,0.06
2026-07,CENU46450WH,Cable Ties,6,0,0,6,0.19
2026-07,WCBTC140FG,Wire Cage,9,5,0,14,0.45
2026-07,PHRYWP2RBM,Pendant Lights,27,1,2,30,0.97
2026-07,WCCYSP180WH,Wire Cage,12,0,2,14,0.45
2026-07,CSBEB6LG,Belt,4,0,0,4,0.13
2026-07,CSBEB6PI,Belt,5,0,0,5,0.16
2026-07,PHUP1PBRGB,Pendant lights without shade,4,14,0,18,0.58
2026-07,CNT900GB,Chain,9,1,0,10,0.32
2026-07,PLWSBM,Pipe lighting,5,0,0,5,0.16
2026-07,PHRB1PBR40BM,3Way Round Ceiling light,41,3,0,44,1.42
2026-07,LSBS160YE,3Way Round Ceiling light,11,2,0,13,0.42
2026-07,WCVCBS,Wire Cage,14,0,0,14,0.45
2026-07,LSMCP1ULMC,Slow Moving,14,3,0,17,0.55
2026-07,CL3ROR5PK,Cable,1,0,0,1,0.03
2026-07,BS6S8033BM,Slow Moving,3,0,0,3,0.1
2026-07,LSCYRO300GD,Lampshade,1,1,0,2,0.06
2026-07,IMRG,LED Module,160,0,0,160,5.16
2026-07,LDCWA95B2222,Bulbs,12,6,8,26,0.84
2026-07,CENU50300WH,Cable Ties,6,0,4,10,0.32
2026-07,LDCWA60HB229,Bulbs,138,12,18,168,5.42
2026-07,LSFT220BS,Lampshade,4,2,0,6,0.19
2026-07,LSDO300YB,Lampshade,6,0,0,6,0.19
2026-07,WCFL180RO,Wire Cage,4,0,2,6,0.19
2026-07,LDMT185B224,Bulbs,20,5,0,25,0.81
2026-07,LSDO210RE,Lampshade,12,0,0,12,0.39
2026-07,WSFS2BMYB,Wall sconce,13,0,0,13,0.42
2026-07,PHSF1PWR40WH,Pendant light with shade,10,0,0,10,0.32
2026-07,LSBS160BU,Mosque and Tear Drop Shades,3,0,0,3,0.1
2026-07,LCFM4C,Category Not Available,5,0,0,5,0.16
2026-07,LSGL15014CL,Lampshade,23,12,0,35,1.13
2026-07,WCBCFRO,Wire Cage,3,0,0,3,0.1
2026-07,CCGNNWE60,Transformer,4,2,0,6,0.19
2026-07,PSHNOS2BRBM,Plug in Pendant,1,3,0,4,0.13
2026-07,SPPGUK3PBM,Spare Parts,4,32,0,36,1.16
2026-07,CRFF500CH,Ceiling Rose,6,1,0,7,0.23
2026-07,PHHT1PCRCH,Half thin Holder Pendant Light,3,0,0,3,0.1
2026-07,WCWDCH,Wire Cage,6,0,0,6,0.19
2026-07,CCBC7,Transformer,1,3,0,4,0.13
2026-07,CRSF100GY,Ceiling Rose,18,6,2,26,0.84
2026-07,LHTTE27GY,Round Ceiling Rose Without Lampshade,5,5,0,10,0.32
2026-07,CRSF1202BM,Ceiling Rose,49,2,3,54,1.74
2026-07,HKR10BM,Hemp Lighting,19,32,6,57,1.84
2026-07,PHHR2HETHE,Hemp Lighting,29,26,6,61,1.97
2026-07,SPSDCSBM,Hemp Lighting,27,26,6,59,1.9
2026-07,CKCP38385,Clocks,1,0,0,1,0.03
2026-07,CL3TCR,Cable,30,34,0,64,2.06
2026-07,LSLR260GR,Category Not Available,1,0,0,1,0.03
2026-07,PHSF2GDTYB,Pendant Lights,8,0,4,12,0.39
2026-07,RWWPSY08GY,Wall plug,7,0,0,7,0.23
2026-07,RWWPSY12GY,Wall plug,10,3,2,15,0.48
2026-07,PLHCBS,Pipe lighting,4,0,0,4,0.13
2026-07,LSDO210BS,Lampshade,27,10,1,38,1.23
2026-07,WCFWROCO,Wire Cage,2,9,0,11,0.35
2026-07,LSGLSC115AR,Lampshade,2,0,0,2,0.06
2026-07,WCCY1ROCH,Rectangle Pendant Light,18,8,0,26,0.84
2026-07,PHCH1PCTSGY,Curvy Holder Pendant,2,0,0,2,0.06
2026-07,PHRN1PCRWH,Pendant Lights,5,0,0,5,0.16
2026-07,CRSF120CH,Ceiling Rose,2,0,1,3,0.1
2026-07,CL2RBD5PK,Cable,1,0,0,1,0.03
2026-07,LSLC180BM,Lampshade,5,0,0,5,0.16
2026-07,COY9ABM,Connecter,32,0,0,32,1.03
2026-07,BS6S8033GY,Slow Moving,5,0,0,5,0.16
2026-07,LSFT220SN,Lampshade,12,2,0,14,0.45
2026-07,PHDH1HETHE,Hemp Lighting,17,0,2,19,0.61
2026-07,CL3RYT5PK,Cable,1,0,0,1,0.03
2026-07,CERU36150GR,Cable Ties,22,0,14,36,1.16
2026-07,PHNW2RBM,Cage Spider Light,15,0,0,15,0.48
2026-07,PLHLBC,Pipe lighting,7,0,0,7,0.23
2026-07,PLWLRR,Pipe lighting,4,0,0,4,0.13
2026-07,CCBKNWE12,Transformer,6,10,1,17,0.55
2026-07,CRSF2003WH,Ceiling Rose,14,5,0,19,0.61
2026-07,PHUM1PCRCH,Pendant light with shade,20,0,0,20,0.65
2026-07,WCRWRE,Pendant light with shade,9,0,0,9,0.29
2026-07,WCRWYE,Pendant light with shade,9,0,0,9,0.29
2026-07,RWWPSY0660YE,Wall plug,72,0,7,79,2.55
2026-07,CRSF1205BM,Ceiling Rose,23,2,0,25,0.81
2026-07,LSUL220BC,Cage + Shade Spider Light,13,5,5,23,0.74
2026-07,PHHT2PBRBM,Cage + Shade Spider Light,107,5,1,113,3.65
2026-07,WCSLBM,Cage + Shade Spider Light,18,3,0,21,0.68
2026-07,12UK3P8A,Transformer,9,27,1,37,1.19
2026-07,LSDM220RO,Cage + Shade Spider Light,7,0,0,7,0.23
2026-07,LSDM220YB,Lampshade,17,1,0,18,0.58
2026-07,LSTF40BC,Pipe lighting,3,4,0,7,0.23
2026-07,CRSF2003YB,Ceiling Rose,12,2,0,14,0.45
2026-07,WCB7BB,Wire Cage,4,0,0,4,0.13
2026-07,WSFS1BMYB,Wall sconce,3,5,6,14,0.45
2026-07,LHSHE27SN,Lamp Holder,8,43,0,51,1.65
2026-07,PSDS2RBM,Plug in Pendant,2,7,0,9,0.29
2026-07,LDCWA60HB227,Bulbs,29,0,39,68,2.19
2026-07,CL3TLG,Cable,15,0,0,15,0.48
2026-07,STBFT50M48EWH,Tapes,15,0,3,18,0.58
2026-07,CL2RGD,Cable,2,5,0,7,0.23
2026-07,24IP67120,Transformer,2,9,0,11,0.35
2026-07,PLTYBM,Pipe lighting,9,1,0,10,0.32
2026-07,CENU25200WH,Cable Ties,16,0,0,16,0.52
2026-07,CENU19150WH,Cable Ties,25,0,0,25,0.81
2026-07,12IP6710,Transformer,15,27,0,42,1.35
2026-07,CO332AOR,Connecter,130,15,0,145,4.68
2026-07,CL2TOR5PK,Cable,4,1,0,5,0.16
2026-07,PHTT1PBR105BM,Category Not Available,3,3,0,6,0.19
2026-07,WCDRBM,Hemp Lighting,3,3,0,6,0.19
2026-07,CL3TBM,Cable,80,52,2,134,4.32
2026-07,CL3TRO5PK,Cable,3,6,0,9,0.29
2026-07,WLWOFTBM,Wall Lamps,29,4,11,44,1.42
2026-07,CENU25200BM,Cable Ties,15,0,0,15,0.48
2026-07,RWWPSY0640YE,Wall plug,28,1,13,42,1.35
2026-07,CCBC12,Transformer,1,5,0,6,0.19
2026-07,CRSF2003BC,Ceiling Rose,5,2,0,7,0.23
2026-07,PHNW1RBC,Rectangle Pendant Light,36,5,36,77,2.48
2026-07,LSGL1275CL,Lampshade,2,18,7,27,0.87
2026-07,IMWW ,LED Module,900,20,0,920,29.68
2026-07,LDMST64B228,Bulbs,65,31,7,103,3.32
2026-07,LHCCE27GR,Lamp Holder,9,0,3,12,0.39
2026-07,CGMLGR,Lamp Holder,8,0,1,9,0.29
2026-07,PLWTBC,Pipe lighting,4,0,0,4,0.13
2026-07,PHOP1PBRBM,Pendant light with shade,2,0,0,2,0.06
2026-07,LSDO300RE,Lampshade,5,0,0,5,0.16
2026-07,CSBEB9NB,Belt,2,0,0,2,0.06
2026-07,CSBEB9GY,Belt,1,0,0,1,0.03
2026-07,CRSF100AA,Pendant light with shade,2,0,0,2,0.06
2026-07,PHCH1PBRAA,Pendant light with shade,2,0,0,2,0.06
2026-07,WCB4BC,Wire Cage,8,0,0,8,0.26
2026-07,LDCWA60HE2712,Bulbs,51,0,0,51,1.65
2026-07,WCVCBM,Wire Cage,123,1,0,124,4.0
2026-07,BSFCDRSIPI,Slow Moving,4,0,1,5,0.16
2026-07,LHTTAGU10WH,Conduit Lighting,4,0,0,4,0.13
2026-07,LDGU10WW5,Bulbs,4,0,0,4,0.13
2026-07,PHRB1PWRPW,Mosque and Tear Drop Shades,10,0,0,10,0.32
2026-07,CGWDWO,Pendant light with shade,15,2,0,17,0.55
2026-07,LSWE315GY,Lampshade,11,2,0,13,0.42
2026-07,LHPVHRE27WH,Lamp Holder,43,0,6,49,1.58
2026-07,LSOL180BG,Lampshade,11,1,1,13,0.42
2026-07,WLFSWWHE,Hemp Lighting,6,0,0,6,0.19
2026-07,CBMP140BM,Ceiling Bracket,2,0,0,2,0.06
2026-07,LSH3325HE,Hemp Lighting,13,1,3,17,0.55
2026-07,CL2TCR,Cable,9,6,0,15,0.48
2026-07,PSDS2BMRBU,Plug in Pendant,3,2,0,5,0.16
2026-07,WCBLBC,Wire Cage,3,6,0,9,0.29
2026-07,STPVC17AWH,Tapes,12,0,0,12,0.39
2026-07,24IP67150,Transformer,3,21,0,24,0.77
2026-07,LSCP150OR,Lampshade,1,0,0,1,0.03
2026-07,LHTTE27BM,Round Ceiling Rose Without Lampshade,22,42,4,68,2.19
2026-07,WCBNBM,Wire Cage,15,19,0,34,1.1
2026-07,LSBS160OR,Mosque and Tear Drop Shades,11,0,0,11,0.35
2026-07,LSCYRO300WH,Lampshade,25,8,0,33,1.06
2026-07,LHSHE27BY,Lamp Holder,3,3,0,6,0.19
2026-07,CO1210ACL,Connecter,20,15,0,35,1.13
2026-07,CBSF295,Ceiling Bracket,3,2,0,5,0.16
2026-07,PLTFRR,Pipe lighting,4,0,0,4,0.13
2026-07,WJB2,Junction Box,15,17,0,32,1.03
2026-07,RWWPSN10GY,Wall plug,3,1,1,5,0.16
2026-07,WCDTRE,Wire Cage,5,1,2,8,0.26
2026-07,WCB1WH,Wire Cage,13,2,0,15,0.48
2026-07,WSSS70BM,Lamp Holder,2,1,5,8,0.26
2026-07,PLTTRR,Pipe lighting,3,0,0,3,0.1
2026-07,LSDO210RR,Lampshade,11,6,0,17,0.55
2026-07,WCFRBM,Hemp Lighting,4,4,0,8,0.26
2026-07,LSDM220GB,Lampshade,1,0,0,1,0.03
2026-07,PLTEBM,Pipe lighting,4,0,0,4,0.13
2026-07,BSFCDRWHPI,Slow Moving,2,0,0,2,0.06
2026-07,CCBKNWE36,Transformer,4,4,1,9,0.29
2026-07,CTBOP21XL,Cloths,1,0,0,1,0.03
2026-07,CTBOP20XL,Cloths,1,0,0,1,0.03
2026-07,CTBOP19XL,Cloths,1,0,0,1,0.03
2026-07,CRSFM210080BM,Category Not Available,1,0,0,1,0.03
2026-07,LSBS160BM,Pendant light with shade,22,0,2,24,0.77
2026-07,PHSF1PBR40WH,Pendant light with shade,12,1,2,15,0.48
2026-07,WSHR135BM,Wall sconce,15,2,5,22,0.71
2026-07,SPPGUK3PTR,Spare Parts,22,16,0,38,1.23
2026-07,WCDTYE,Wire Cage,8,7,0,15,0.48
2026-07,WCB6RR,Wire Cage,2,0,0,2,0.06
2026-07,CGSRYB,Category Not Available,9,0,0,9,0.29
2026-07,PHSF2BWTSN,Pendant Lights,3,0,0,3,0.1
2026-07,LDCCB2210,Bulbs,6,0,0,6,0.19
2026-07,LDCWA65HB2215,Bulbs,12,0,0,12,0.39
2026-07,PHCHPBRGB,Curvy Holder Pendant,12,4,0,16,0.52
2026-07,WCCYSP180BM,Wire Cage,31,3,2,36,1.16
2026-07,LSFG210AR,Lampshade,15,0,0,15,0.48
2026-07,CGROYB,Small Categories,8,0,0,8,0.26
2026-07,WCB3WH,Wire Cage,16,4,0,20,0.65
2026-07,CL2RBW,Cable,2,0,0,2,0.06
2026-07,LSGLULCL,Lampshade,14,1,0,15,0.48
2026-07,PHDO1PBRBM,Herder Holder Pedant,4,7,0,11,0.35
2026-07,BS6S6628BM,Slow Moving,4,0,0,4,0.13
2026-07,LHSBE27BM,Lamp Holder,6,3,0,9,0.29
2026-07,LSCO335WH,Other Shade,10,1,0,11,0.35
2026-07,LSLT360BI,Other Shade,4,0,0,4,0.13
2026-07,CERU72450GR,Cable Ties,8,1,0,9,0.29
2026-07,RWWPSN12GY,Wall plug,5,0,1,6,0.19
2026-07,PLWPBM,Pipe lighting,4,1,0,5,0.16
2026-07,PHRI1PBRBY,Curvy Holder Pendant,6,6,0,12,0.39
2026-07,WCDTWH,Wire Cage,20,3,1,24,0.77
2026-07,CRSF1202WH,Ceiling Rose,9,6,1,16,0.52
2026-07,CENU19150BM,Cable Ties,10,0,0,10,0.32
2026-07,LDCWT75B2212,Bulbs,61,1,0,62,2.0
2026-07,LSDO400GY,Lampshade,2,1,2,5,0.16
2026-07,LSDO400BI,Curvy Holder Pendant,37,0,0,37,1.19
2026-07,PHRY2PCRWH,Pendant Lights,3,0,0,3,0.1
2026-07,PHRB1PBR5BM,Pendant light with shade,2,0,2,4,0.13
2026-07,LSRD260AZ,Half thin Holder Pendant Light,2,0,0,2,0.06
2026-07,CL2TLG,Cable,3,0,0,3,0.1
2026-07,PHCH1PWRSGY,Curvy Holder Pendant,2,0,1,3,0.1
2026-07,WCB4BS,Wire Cage,10,2,7,19,0.61
2026-07,WLRPE27BM,Wall Lamps,19,12,0,31,1.0
2026-07,WCMSBC,Wire Cage,3,0,0,3,0.1
2026-07,CL3TTB5PK,Cable,1,0,0,1,0.03
2026-07,PHSW1PBRBM,3Way Round Ceiling light,3,2,0,5,0.16
2026-07,LSFT220GS,Lampshade,8,2,0,10,0.32
2026-07,LSEL400YE,Lampshade,9,0,0,9,0.29
2026-07,CO532AGY,Connecter,60,0,0,60,1.94
2026-07,PHSH1HETYB,Hemp Lighting,12,0,1,13,0.42
2026-07,PL4HRR,Pipe lighting,8,0,0,8,0.26
2026-07,PLDMRR,Pipe lighting,3,0,0,3,0.1
2026-07,PHSF1PBR20WH,Mosque and Tear Drop Shades,7,1,0,8,0.26
2026-07,LSWE315BY,Mosque and Tear Drop Shades,4,1,0,5,0.16
2026-07,WCBCBC,Wire Cage,10,0,0,10,0.32
2026-07,PSDS4BMRBR,Plug in Pendant,5,1,0,6,0.19
2026-07,CBSF125,Ceiling Bracket,2,1,0,3,0.1
2026-07,LDMG95B228,Bulbs,23,17,3,43,1.39
2026-07,CL3RBKAPK,Cable,2,1,0,3,0.1
2026-07,CL3TGRAPK,Cable,1,1,0,2,0.06
2026-07,PLHARR,Pipe lighting,5,0,0,5,0.16
2026-07,LSOL180RR,Pipe lighting,8,0,0,8,0.26
2026-07,PLADBS,Pipe lighting,4,1,0,5,0.16
2026-07,LDSG125E274,Bulbs,14,1,0,15,0.48
2026-07,FCBRBA5LG,Clip Boards,12,0,0,12,0.39
2026-07,CSBEB6WH,Belt,3,0,0,3,0.1
2026-07,LLSQWB5W,Spotlight and Panel light,3,0,0,3,0.1
2026-07,12UK3P5A,Transformer,28,38,2,68,2.19
2026-07,SLW8,Transformer,6,11,0,17,0.55
2026-07,WCCYSP160WH,Pendant light with shade,8,11,0,19,0.61
2026-07,CL2TGD,Cable,16,44,0,60,1.94
2026-07,LHTPE27JWH,Category Not Available,4,0,0,4,0.13
2026-07,WCSN1BM,Rectangle Pendant Light,9,8,0,17,0.55
2026-07,LDST45E274,Bulbs,25,7,3,35,1.13
2026-07,CL2TBT5PK,Cable,2,0,0,2,0.06
2026-07,CBSF100,Ceiling Bracket,10,3,0,13,0.42
2026-07,CNP1000RO,Chain,3,0,0,3,0.1
2026-07,CERU36150YE,Cable Ties,5,0,2,7,0.23
2026-07,PHHN1PBRCO,3Way Round Ceiling light,9,6,0,15,0.48
2026-07,LSDO210BI,Lampshade,11,4,0,15,0.48
2026-07,LHXWPE27PPWH,Lamp Holder,16,0,0,16,0.52
2026-07,CNP1000WH,Chain,2,0,0,2,0.06
2026-07,LSLT360OR,Other Shade,1,0,0,1,0.03
2026-07,LDSHEAE274,Bulbs,13,4,3,20,0.65
2026-07,RWWPSY10GY,Wall plug,11,1,6,18,0.58
2026-07,PHNW1RBM,Rectangle Pendant Light,26,4,3,33,1.06
2026-07,WCB6BB,Wire Cage,12,4,0,16,0.52
2026-07,WCCYROCH,Wire Cage,2,1,0,3,0.1
2026-07,LSTF400BM,Lampshade,1,2,3,6,0.19
2026-07,LSFT220GB,Lampshade,19,4,7,30,0.97
2026-07,HLRK35BM,Handles,5,1,0,6,0.19
2026-07,HLRK45BM,Handles,27,18,0,45,1.45
2026-07,CL2RYE,Cable,3,1,0,4,0.13
2026-07,PHRN2PCRBM,Pendant Lights,9,0,0,9,0.29
2026-07,PHAH2RYBGD,Pendant Lights,4,0,0,4,0.13
2026-07,PHUP1PBRBM,Pendant lights without shade,18,14,0,32,1.03
2026-07,LSSS300CH,Lampshade,4,0,0,4,0.13
2026-07,CL2TBM,Cable,18,36,0,54,1.74
2026-07,LSDO210WH,Lampshade,7,1,2,10,0.32
2026-07,PHSF2GDRYB,Lamp Holder,7,1,1,9,0.29
2026-07,LDG4D28C3,Bulbs,2,0,0,2,0.06
2026-07,CRFF105CH,Ceiling Rose,4,1,2,7,0.23
2026-07,FWS33839BL,Category Not Available,1,0,0,1,0.03
2026-07,LSDM220CO,Lampshade,3,0,0,3,0.1
2026-07,SPWL43BM,Spare Parts,5,0,2,7,0.23
2026-07,WCDTGR,Wire Cage,5,2,0,7,0.23
2026-07,RWWPSY0630YE,Wall plug,6,1,4,11,0.35
2026-07,PLHCBC,Pipe lighting,11,0,0,11,0.35
2026-07,PHSF1GYTCH,Pendant Lights,4,10,0,14,0.45
2026-07,PHCHPBRCO,Rectangle Pendant Light,1,0,2,3,0.1
2026-07,SPSDP3BM,Spare Parts,25,5,2,32,1.03
2026-07,PSDS4BMRRO,Plug in Pendant,2,2,0,4,0.13
2026-07,LSCY210BC,Lampshade,8,9,0,17,0.55
2026-07,CL3RBM,Cable,33,28,0,61,1.97
2026-07,LDMG80B224,Bulbs,4,17,4,25,0.81
2026-07,LSGLFP245PU,Lampshade,3,0,0,3,0.1
2026-07,LHLAE2710BBM,Round Ceiling Rose Without Lampshade,2,0,1,3,0.1
2026-07,LHLAE2715BBM,Round Ceiling Rose Without Lampshade,2,0,1,3,0.1
2026-07,LHLAE275BBM,Round Ceiling Rose Without Lampshade,2,0,1,3,0.1
2026-07,LSYG410YE,Pendant light with shade,3,0,0,3,0.1
2026-07,CRSF108BM,Ceiling Rose,2,13,0,15,0.48
2026-07,WSST70BM,Lamp Holder,2,5,0,7,0.23
2026-07,PHHC1BMRYB,Flat shade Ceiling Light,1,0,4,5,0.16
2026-07,CL3RRO5PK,Cable,1,0,0,1,0.03
2026-07,BS6S8033WH,Slow Moving,4,0,0,4,0.13
2026-07,LHSHE27RO,Lamp Holder,10,1,5,16,0.52
2026-07,CBFF200BM,Ceiling Bracket,4,1,0,5,0.16
2026-07,LSOL180BM,Wall sconce,3,22,2,27,0.87
2026-07,LHXBTF40E27BM,Lamp Holder,3,0,0,3,0.1
2026-07,WCDEBM,Wire Cage,3,1,0,4,0.13
2026-07,PLWSBC,Pipe lighting,8,0,0,8,0.26
2026-07,PLDMBC,Pipe lighting,4,0,0,4,0.13
2026-07,CL3TIV,Cable,27,2,0,29,0.94
2026-07,CL2RGLAPK,Cable,1,0,0,1,0.03
2026-07,LSTF400WH,Lampshade,2,2,1,5,0.16
2026-07,LHTRE27RO,Lamp Holder,1,0,0,1,0.03
2026-07,SWHBSP1OSWH,Small Categories,12,2,0,14,0.45
2026-07,LSDO300SN,Lampshade,1,0,0,1,0.03
2026-07,CERU36200WH,Cable Ties,4,0,0,4,0.13
2026-07,CL2TBR,Cable,6,42,0,48,1.55
2026-07,LLSQWB9W,Spotlight and Panel light,9,0,0,9,0.29
2026-07,LDSSTRE274,Bulbs,9,5,0,14,0.45
2026-07,WLFS220BM,Wall Lamps,8,9,0,17,0.55
2026-07,CL2TBK5PK,Cable,1,2,0,3,0.1
2026-07,LSSS300BI,Lampshade,5,4,2,11,0.35
2026-07,LSBS160GY,Pendant light with shade,13,2,0,15,0.48
2026-07,CRSF1203CO,Ceiling Rose,1,0,0,1,0.03
2026-07,CL3TBR,Cable,8,68,0,76,2.45
2026-07,LDCWA60HE277,Bulbs,39,0,0,39,1.26
2026-07,12IP20600,Transformer,1,9,0,10,0.32
2026-07,PCDS20SL,Conduit Lighting,5,0,0,5,0.16
2026-07,PCFT800BA,Conduit Lighting,1,0,0,1,0.03
2026-07,CRFF75SN,Ceiling Rose,1,2,0,3,0.1
2026-07,LHTRE27YB,Lamp Holder,4,0,0,4,0.13
2026-07,LSDO400WH,Lampshade,2,0,0,2,0.06
2026-07,CL3TBR5PK,Cable,22,6,0,28,0.9
2026-07,PHSF1BMRBM,Pendant Lights,4,0,2,6,0.19
2026-07,PHBK1PBRBA,Rectangle Pendant Light,3,5,0,8,0.26
2026-07,RWWPSY0680YE,Wall plug,1,0,0,1,0.03
2026-07,ICST64E2760,Bulbs,17,13,0,30,0.97
2026-07,LSGL9015CL,Lampshade,25,34,2,61,1.97
2026-07,WCB6BS,Wire Cage,15,3,0,18,0.58
2026-07,PLHCRR,Pipe lighting,1,0,0,1,0.03
2026-07,SPSD78SN,Spare Parts,9,2,0,11,0.35
2026-07,CL2RAG,Cable,3,2,0,5,0.16
2026-07,LHRTE27WH,Lamp Holder,17,7,0,24,0.77
2026-07,WLWOCPBM,Wall Lamps,12,10,0,22,0.71
2026-07,LDMA60E278WW,Bulbs,7,75,0,82,2.65
2026-07,LSGL6016CL,Lampshade,6,0,0,6,0.19
2026-07,WLFSWDBM,Hemp Lighting,4,0,0,4,0.13
2026-07,PSDS2BMRRE,Plug in Pendant,2,2,0,4,0.13
2026-07,PCBSM2FBM,Conduit Lighting,2,0,0,2,0.06
2026-07,CL3TAGAPK,Cable,4,0,0,4,0.13
2026-07,CL3TWH,Cable,9,1,0,10,0.32
2026-07,CBSF90,Ceiling Bracket,9,1,0,10,0.32
2026-07,LSUL220BB,Lampshade,7,1,3,11,0.35
2026-07,WSCH135BM,Wall sconce,7,0,2,9,0.29
2026-07,CKB2401WH,Category Not Available,1,0,0,1,0.03
2026-07,CL3RAGAPK,Cable,1,0,0,1,0.03
2026-07,PHSF1BWRWH,Pendant Lights,1,0,0,1,0.03
2026-07,CRFF2008BM,Shade Spider Light,5,1,0,6,0.19
2026-07,LSDO210BB,Shade Spider Light,18,3,2,23,0.74
2026-07,RWWD,Shade Spider Light,10,0,8,18,0.58
2026-07,RWWP,Shade Spider Light,10,0,8,18,0.58
2026-07,CBSFEARTH,Shade Spider Light,5,0,0,5,0.16
2026-07,RWWPSN80YE,Wall plug,3,0,0,3,0.1
2026-07,CENU70450BM,Cable Ties,3,1,3,7,0.23
2026-07,SPWL50BM,Category Not Available,8,0,0,8,0.26
2026-07,LSLT360GR,Other Shade,1,0,0,1,0.03
2026-07,CL3RHE,Cable,3,5,0,8,0.26
2026-07,CL3TGD,Cable,8,42,0,50,1.61
2026-07,WS2LHRO,Wall sconce,1,0,0,1,0.03
2026-07,LSTL260BG,shade,5,1,0,6,0.19
2026-07,CRFF75YB,Ceiling Rose,23,8,1,32,1.03
2026-07,CENU36300WH,Cable Ties,8,0,1,9,0.29
2026-07,CL2RORAPK,Cable,2,0,0,2,0.06
2026-07,12IP6736,Transformer,4,3,1,8,0.26
2026-07,LSBS160GR,Mosque and Tear Drop Shades,6,0,0,6,0.19
2026-07,BS6S6628WH,Slow Moving,1,0,0,1,0.03
2026-07,LSWD360BG,Lampshade,17,0,0,17,0.55
2026-07,TPHTTF2PBRBM,Table Lamp,9,0,2,11,0.35
2026-07,CTBOP19L,Cloths,5,0,0,5,0.16
2026-07,CTBOP15L,Cloths,2,0,0,2,0.06
2026-07,CTBOP14L,Cloths,2,0,0,2,0.06
2026-07,LSMS320NB,Lampshade,7,3,0,10,0.32
2026-07,LSFT220BB,Lampshade,19,7,1,27,0.87
2026-07,TSTS40WH,Tile Spare Parts,2,0,1,3,0.1
2026-07,PLWEBC,Pipe lighting,10,4,0,14,0.45
2026-07,CBFF200WH,Ceiling Bracket,2,0,0,2,0.06
2026-07,CKA15STC425WH,Clocks,2,0,0,2,0.06
2026-07,LSTF400GY,Lampshade,6,2,3,11,0.35
2026-07,CKVOBC,Clocks,1,0,0,1,0.03
2026-07,RWWPSN08GY,Wall plug,4,10,0,14,0.45
2026-07,PLDMBM,Pipe lighting,4,0,0,4,0.13
2026-07,CL3TAG,Cable,9,0,0,9,0.29
2026-07,LSFT220YE,Lampshade,9,2,0,11,0.35
2026-07,LHXBTF40E27WH,Lamp Holder,6,0,0,6,0.19
2026-07,CL2RBL,Cable,2,5,0,7,0.23
2026-07,SPWRBM,Spare Parts,42,7,6,55,1.77
2026-07,PLMJBC,Pipe lighting,13,0,0,13,0.42
2026-07,CSBEB9AG,Belt,1,1,1,3,0.1
2026-07,LDCWA55B225,Bulbs,24,6,1,31,1.0
2026-07,PHMH1HERYB,Pendant Lights,2,0,3,5,0.16
2026-07,LSCP150BD,Lampshade,2,0,0,2,0.06
2026-07,RWGS1342WH,Wall plug,10,1,0,11,0.35
2026-07,CL2TIVAPK,Cable,2,0,0,2,0.06
2026-07,CL3TBK,Cable,36,16,0,52,1.68
2026-07,LSFT220RR,Lampshade,4,0,1,5,0.16
2026-07,LSTF40BS,Lampshade,2,0,0,2,0.06
2026-07,CKB6820PCWH,Clocks,2,0,0,2,0.06
2026-07,CNP1000YB,Chain,4,1,0,5,0.16
2026-07,PSDS2BMRBL,Plug in Pendant,2,3,0,5,0.16
2026-07,PHRI1PCRSN,Curvy Holder Pendant,20,0,0,20,0.65
2026-07,LSDM220SN,Lampshade,17,3,2,22,0.71
2026-07,CKB6820PCBM,Clocks,3,0,0,3,0.1
2026-07,PHRB1PWR40WH,Pendant light with shade,24,0,0,24,0.77
2026-07,LSBS160RE,Pendant light with shade,15,0,0,15,0.48
2026-07,CRFF100FG,Ceiling Rose,5,1,1,7,0.23
2026-07,LHNSE27FG,Ceiling light,1,3,0,4,0.13
2026-07,LSFT220FG,Lampshade,3,4,2,9,0.29
2026-07,PHTT1PBRBM,Pendant Lights,21,0,1,22,0.71
2026-07,WCBCBB,Wire Cage,22,0,0,22,0.71
2026-07,CGSPCL,Category Not Available,5,0,0,5,0.16
2026-07,IMBL,LED Module,160,10,0,170,5.48
2026-07,CKKLBY,Clocks,3,0,0,3,0.1
2026-07,CRSF100RR,Ceiling Rose,4,0,2,6,0.19
2026-07,PHCH1PBRRR,Curvy Holder Pendant,3,0,0,3,0.1
2026-07,PHBK1PWRWH,Pendant Lights,6,0,0,6,0.19
2026-07,CRFF75WH,Ceiling Rose,2,1,0,3,0.1
2026-07,LHSHE27CH,Lamp Holder,8,14,0,22,0.71
2026-07,CL3RBD,Cable,3,0,0,3,0.1
2026-07,COM20BM,Connecter,5,0,0,5,0.16
2026-07,LSFS230BM,Ceiling Lights with Shade,3,0,0,3,0.1
2026-07,LSSS300GY,Lampshade,2,1,1,4,0.13
2026-07,LSGLBP120BM,shade,1,3,0,4,0.13
2026-07,LSOL220SN,Wall sconce,4,0,0,4,0.13
2026-07,CENU46450BM,Cable Ties,11,1,8,20,0.65
2026-07,PLPYBM,Pipe lighting,3,0,0,3,0.1
2026-07,CRFF108CO,Ceiling Rose,4,5,1,10,0.32
2026-07,LHTKE27CO,Round Ceiling Rose Without Lampshade,4,3,1,8,0.26
2026-07,CL3TRH,Cable,2,0,0,2,0.06
2026-07,LSDO210BL,Lampshade,1,1,0,2,0.06
2026-07,CL2TBLAPK,Cable,1,0,0,1,0.03
2026-07,CL2TBDAPK,Cable,1,0,0,1,0.03
2026-07,5IP20200,Transformer,5,1,0,6,0.19
2026-07,LSSS300PI,Lampshade,1,3,0,4,0.13
2026-07,CRFF75CH,Ceiling Rose,3,5,0,8,0.26
2026-07,CERU72350GR,Cable Ties,3,0,0,3,0.1
2026-07,CL3TRE5PK,Cable,5,0,0,5,0.16
2026-07,CCBC36,Transformer,5,1,2,8,0.26
2026-07,CRFF140CH,Ceiling Rose,5,3,0,8,0.26
2026-07,WSNW170CH,Wall sconce,2,1,2,5,0.16
2026-07,LSOL220CH,Wall sconce,2,5,0,7,0.23
2026-07,STND182WH,Tapes,3,0,0,3,0.1
2026-07,LSTF400GR,Lampshade,4,1,2,7,0.23
2026-07,CENU88700WH,Cable Ties,3,0,1,4,0.13
2026-07,CKCSBY,Clocks,5,0,0,5,0.16
2026-07,CERU36300BL,Cable Ties,2,0,2,4,0.13
2026-07,PHSF1BMTYB,Pendant Lights,3,1,5,9,0.29
2026-07,CL2TAGAPK,Cable,2,0,0,2,0.06
2026-07,12IP6724,Transformer,1,1,0,2,0.06
2026-07,CL2TBT,Cable,3,0,0,3,0.1
2026-07,WCB7RR,Wire Cage,7,1,0,8,0.26
2026-07,WCBSF90FG,Wire Cage,20,0,0,20,0.65
2026-07,PLHNBC,Pipe lighting,2,1,0,3,0.1
2026-07,TSSTYF8012GY,Category Not Available,9,0,0,9,0.29
2026-07,CL2RIVAPK,Cable,2,0,0,2,0.06
2026-07,STIX245GR,Tapes,2,0,3,5,0.16
2026-07,CL3TBP5PK,Cable,3,0,0,3,0.1
2026-07,CL3RBUAPK,Cable,2,0,0,2,0.06
2026-07,LSCP150WH,Lampshade,2,0,2,4,0.13
2026-07,PLTTBS,Pipe lighting,5,1,0,6,0.19
2026-07,CL3TLB,Cable,9,39,0,48,1.55
2026-07,WCB3BS,Wire Cage,4,0,0,4,0.13
2026-07,WCWYBM,Wire Cage,14,1,0,15,0.48
2026-07,SDP80RL,Small Categories,13,0,0,13,0.42
2026-07,CCBC9,Transformer,2,4,2,8,0.26
2026-07,BS6S66609GY,Slow Moving,2,0,0,2,0.06
2026-07,PSDS4BMRGR,Plug in Pendant,1,1,1,3,0.1
2026-07,HLSC96BM,Handles,3,15,0,18,0.58
2026-07,CRSF100RE,Ceiling Rose,8,0,1,9,0.29
2026-07,LSFT220NB,Lampshade,14,2,0,16,0.52
2026-07,LHAHE27CH,Lamp Holder,4,1,2,7,0.23
2026-07,LSWE315WH,Pendant light with shade,1,0,0,1,0.03
2026-07,RWWPSY10100YE,Wall plug,9,0,9,18,0.58
2026-07,LSTF400YE,Lampshade,1,0,0,1,0.03
2026-07,CRSF100BS,Ceiling Rose,2,4,0,6,0.19
2026-07,PHCH1PBRBS,Curvy Holder Pendant,2,0,0,2,0.06
2026-07,SPUWBM,Spare Parts,5,1,5,11,0.35
2026-07,LSSS300BC,Lampshade,8,3,2,13,0.42
2026-07,PHRN2PCRWH,Pendant Lights,1,4,0,5,0.16
2026-07,CBSF145,Ceiling Bracket,1,4,0,5,0.16
2026-07,LSGLWB125TN,Lampshade,3,8,1,12,0.39
2026-07,CBSF40,Ceiling Bracket,1,2,0,3,0.1
2026-07,SPCC320BM,Slow Moving,1,0,1,2,0.06
2026-07,CL3RCR,Cable,8,2,2,12,0.39
2026-07,PLTTBM,Pipe lighting,7,0,0,7,0.23
2026-07,PHLSDG220WI,Category Not Available,3,1,0,4,0.13
2026-07,LHCCE27YE,Lamp Holder,1,0,0,1,0.03
2026-07,CGMLBM,Lamp Holder,1,79,0,80,2.58
2026-07,CL3TBD,Cable,9,2,0,11,0.35
2026-07,PCBS16T10BM,Conduit Lighting,3,0,0,3,0.1
2026-07,CRFF75CO,Ceiling Rose,7,2,0,9,0.29
2026-07,HK10CO,Ceiling Rose,7,9,0,16,0.52
2026-07,PHHR1DSTHE,Hemp Lighting,4,0,0,4,0.13
2026-07,WCB5BM,Wire Cage,3,0,0,3,0.1
2026-07,TSTS20WH,Tile Spare Parts,1,0,0,1,0.03
2026-07,WSST70CO,Lamp Holder,4,4,0,8,0.26
2026-07,WCBNRR,Wire Cage,4,0,0,4,0.13
2026-07,LDDTCB2212,Bulbs,2,1,0,3,0.1
2026-07,LSLC180BC,Lampshade,1,5,3,9,0.29
2026-07,WCCYSQGD,Wire Cage,6,2,0,8,0.26
2026-07,LSDO400RE,Curvy Holder Pendant,7,0,0,7,0.23
2026-07,LSDO400BM,Curvy Holder Pendant,8,0,0,8,0.26
2026-07,WCB2BS,Wire Cage,4,1,0,5,0.16
2026-07,CL3RBW,Cable,3,8,0,11,0.35
2026-07,CL2RCRAPK,Cable,1,0,0,1,0.03
2026-07,PLWPBS,Pipe lighting,2,2,0,4,0.13
2026-07,CKA17ATC4446BM,Clocks,1,0,0,1,0.03
2026-07,CRFF140CO,Ceiling Rose,5,4,0,9,0.29
2026-07,WSNW170CO,Wall sconce,5,7,2,14,0.45
2026-07,RWT5120YE,Wall plug,1,0,1,2,0.06
2026-07,LSFT320GY,Half thin Holder Pendant Light,3,0,0,3,0.1
2026-07,LSCP150YE,Lampshade,5,0,0,5,0.16
2026-07,COM16BM,Connecter,10,0,0,10,0.32
2026-07,RWT6100YE,Wall plug,2,3,8,13,0.42
2026-07,CRFF100YB,Ceiling Rose,26,8,2,36,1.16
2026-07,CL3TGL,Cable,15,20,0,35,1.13
2026-07,CRSF1202YB,Ceiling Rose,2,0,0,2,0.06
2026-07,CRSF120YB,Ceiling Rose,1,5,0,6,0.19
2026-07,TCTEGRS5RW,Category Not Available,1,0,0,1,0.03
2026-07,STPVC17ABL,Tapes,36,0,0,36,1.16
2026-07,WCVCRE,Wire Cage,7,0,0,7,0.23
2026-07,LHSHE27GB,Lamp Holder,15,24,2,41,1.32
2026-07,LHLFE27BM,Ceiling Lights with Shade,1,8,0,9,0.29
2026-07,PCFT500BA,Conduit Lighting,2,0,0,2,0.06
2026-07,PCGZ20NL,Conduit Lighting,5,5,9,19,0.61
2026-07,WCPC220GY,Conduit Lighting,2,0,0,2,0.06
2026-07,PCBSF2MCH,Conduit Lighting,9,0,0,9,0.29
2026-07,RD20,Thread Rod,2,15,0,17,0.55
2026-07,PCBSM2FCH,Conduit Lighting,5,0,4,9,0.29
2026-07,CL3TBP,Cable,2,3,0,5,0.16
2026-07,CL3TCRAPK,Cable,2,0,0,2,0.06
2026-07,CL2THE,Cable,3,46,0,49,1.58
2026-07,LHRIE14WH,Lamp Holder,3,17,0,20,0.65
2026-07,LSHQ150BM,Wall sconce,10,0,0,10,0.32
2026-07,LSTF40BG,shade,1,6,0,7,0.23
2026-07,LHCTOYB,Lamp Holder,1,3,0,4,0.13
2026-07,CENU70450WH,Cable Ties,1,0,2,3,0.1
2026-07,CL3TBW,Cable,9,8,0,17,0.55
2026-07,SPSDP3SN,Spare Parts,1,2,0,3,0.1
2026-07,PHTT1PBR3BM,Slow Moving,4,0,0,4,0.13
2026-07,LSWT300BM,Slow Moving,4,0,0,4,0.13
2026-07,LDWWE279,Bulbs,3,0,0,3,0.1
2026-07,LDCWE2725,Bulbs,5,5,0,10,0.32
2026-07,CCBKNWE7,Transformer,12,7,4,23,0.74
2026-07,LDWWE2712,Bulbs,5,30,0,35,1.13
2026-07,CCBC24,Transformer,2,3,0,5,0.16
2026-07,LDMST64B224,Bulbs,38,85,2,125,4.03
2026-07,CSBEB6OR,Belt,3,0,0,3,0.1
2026-07,WCVCWH,Wire Cage,4,0,1,5,0.16
2026-07,LSBG136AR,Lampshade,3,7,0,10,0.32
2026-07,WCCYSP160BM,Wire Cage,12,11,0,23,0.74
2026-07,LSYG410BI,Pendant light with shade,6,0,0,6,0.19
2026-07,WCCY1SQCH,Slow Moving,1,0,0,1,0.03
2026-07,CNT900BM,Chain,15,5,0,20,0.65
2026-07,CL2TIV,Cable,3,0,0,3,0.1
2026-07,PLOTBM,Pipe lighting,3,10,2,15,0.48
2026-07,LSCY290DGY,Lampshade,1,0,0,1,0.03
2026-07,SCRN70SN,Shade Ring,4,2,0,6,0.19
2026-07,CL3RAG5PK,Cable,2,1,0,3,0.1
2026-07,STMT18FWH,Tapes,3,0,2,5,0.16
2026-07,CRSF2003GB,Ceiling Rose,3,0,2,5,0.16
2026-07,LHXSHE27WH,Lamp Holder,12,5,2,19,0.61
2026-07,CKA17ATC4086BM,Clocks,1,0,0,1,0.03
2026-07,PHHT1PBRRO,Rectangle Pendant Light,6,3,6,15,0.48
2026-07,WCWDRO,Wire Cage,14,1,0,15,0.48
2026-07,LHSHE27BA,Lamp Holder,3,23,0,26,0.84
2026-07,CERU80300WH,Cable Ties,5,0,0,5,0.16
2026-07,24IP20360,Transformer,1,13,0,14,0.45
2026-07,CL3TGY,Cable,5,20,0,25,0.81
2026-07,WCCEBM,Wire Cage,1,0,0,1,0.03
2026-07,CL2TGR,Cable,6,2,0,8,0.26
2026-07,RWT6120YE,Wall plug,1,2,0,3,0.1
2026-07,LSSS300NB,Lampshade,4,0,0,4,0.13
2026-07,CBSF80,Ceiling Bracket,2,0,0,2,0.06
2026-07,PLMJBM,Pipe lighting,1,0,0,1,0.03
2026-07,PLWLBM,Pipe lighting,8,0,0,8,0.26
2026-07,LSCP150GR,Lampshade,2,0,0,2,0.06
2026-07,PCGZ20MT,Plug in Pendant,10,0,0,10,0.32
2026-07,PCGZ20MO,Conduit Lighting,10,0,0,10,0.32
2026-07,PLHTBM,Pipe lighting,2,0,0,2,0.06
2026-07,PLHABS,Pipe lighting,1,0,0,1,0.03
2026-07,WCDTRO,Wire Cage,18,2,0,20,0.65
2026-07,WLFS2202BM,Wall Lamps,2,0,0,2,0.06
2026-07,SLW2,Transformer,1,0,0,1,0.03
2026-07,CRFF500BB,Ceiling Rose,7,1,0,8,0.26
2026-07,LSTM320BW,Lampshade,3,0,0,3,0.1
2026-07,12IP20200,Transformer,3,7,0,10,0.32
2026-07,LSHI410HE,Wire Cage,1,2,0,3,0.1
2026-07,CL3RGD,Cable,1,1,0,2,0.06
2026-07,CRSF100HWH,Wall sconce,2,0,0,2,0.06
2026-07,WSLS155WH,Wall sconce,2,0,0,2,0.06
2026-07,SCRN70BW,Wall sconce,2,0,5,7,0.23
2026-07,CRSF100GR,Ceiling Rose,1,2,0,3,0.1
2026-07,LHTTE27GR,Round Ceiling Rose Without Lampshade,1,2,0,3,0.1
2026-07,FCBRBA6WH,Clip Boards,12,0,0,12,0.39
2026-07,CRSF100CY,Curvy Holder Pendant,1,0,0,1,0.03
2026-07,PHCH1PBRCY,Curvy Holder Pendant,1,0,0,1,0.03
2026-07,WCB4BM,Wire Cage,3,2,0,5,0.16
2026-07,CRFF500BC,Ceiling Rose,3,2,0,5,0.16
2026-07,CNS500BC,Chain,3,1,0,4,0.13
2026-07,CGMLWH,Small Categories,9,18,0,27,0.87
2026-07,HLLK100BM,Handles,1,12,0,13,0.42
2026-07,CRFF500WH,Ceiling Rose,2,0,0,2,0.06
2026-07,WSWR1PFTBM,Wall sconce,3,1,0,4,0.13
2026-07,RD30,Wall sconce,3,6,0,9,0.29
2026-07,WR,Wall sconce,3,11,0,14,0.45
2026-07,PSDS4RBM,Plug in Pendant,3,4,0,7,0.23
2026-07,LSLT360RE,Other Shade,1,0,0,1,0.03
2026-07,PSDS2RRE,Plug in Pendant,2,2,0,4,0.13
2026-07,PLTRBC,Pipe lighting,1,0,0,1,0.03
2026-07,BLOB1GU200,Pendant light with shade,1,0,4,5,0.16
2026-07,LDGU10WD5,Bulbs,1,0,31,32,1.03
2026-07,CL2RGDAPK,Cable,1,0,0,1,0.03
2026-07,CO532AOR,Connecter,100,0,0,100,3.23
2026-07,CRSF1204BM,Ceiling Rose,4,1,0,5,0.16
2026-07,CERU36150BL,Cable Ties,4,0,1,5,0.16
2026-07,CRSF108YB,Ceiling Rose,2,5,0,7,0.23
2026-07,WSAT105YB,Wall Lamps,2,5,0,7,0.23
2026-07,WSWS1PHTBM,Wall sconce,4,3,0,7,0.23
2026-07,CRSF1202CO,Ceiling Rose,1,0,0,1,0.03
2026-07,PLTARR,Pipe lighting,2,0,0,2,0.06
2026-07,PLHWRR,Pipe lighting,9,0,0,9,0.29
2026-07,HLCH96BM,Handles,23,20,0,43,1.39
2026-07,CGCEYB,Category Not Available,10,10,0,20,0.65
2026-07,CO232AGY,Connecter,150,0,0,150,4.84
2026-07,LDA60E278WW,Wall Lamps,13,0,0,13,0.42
2026-07,CRSF120BM,Ceiling Rose,5,11,1,17,0.55
2026-07,CBSF95,Ceiling Bracket,4,8,0,12,0.39
2026-07,LHPOE27CO,Lamp Holder,1,0,0,1,0.03
2026-07,WCB5BC,Wire Cage,1,0,0,1,0.03
2026-07,LSCY290DGR,Lampshade,3,0,0,3,0.1
2026-07,RWGS1533WH,Wall plug,5,1,0,6,0.19
2026-07,PCBM20PCBM,Conduit Lighting,20,0,0,20,0.65
2026-07,LSDO300WH,Lampshade,1,1,4,6,0.19
2026-07,BSTS702RE,Slow Moving,1,1,0,2,0.06
2026-07,LSGL12010AR,Lampshade,2,9,4,15,0.48
2026-07,PHHT1FBRBM,Hemp Lighting,4,0,5,9,0.29
2026-07,WSCH135RE,Wall Lamps,2,0,0,2,0.06
2026-07,PLTRULBM,Pipe lighting,1,0,0,1,0.03
2026-07,CRFF100RO,Ceiling Rose,2,1,0,3,0.1
2026-07,LHNSE27RO,Round Ceiling Rose Without Lampshade,3,1,0,4,0.13
2026-07,WJCUKKJWH,Junction Box,2,0,0,2,0.06
2026-07,LSBF3BWG,Rectangle Pendant Light,2,0,0,2,0.06
2026-07,PCBISR,Conduit Lighting,14,0,0,14,0.45
2026-07,CERU36200GR,Cable Ties,4,3,2,9,0.29
2026-07,CL3TBU,Cable,2,0,0,2,0.06
2026-07,PCFT90TBM,Conduit Lighting,20,1,1,22,0.71
2026-07,CCBKNWE3,Transformer,3,6,0,9,0.29
2026-07,CO332AGY,Connecter,130,0,0,130,4.19
2026-07,CL3RBDAPK,Cable,2,0,0,2,0.06
2026-07,12BO72,Transformer,1,9,1,11,0.35
2026-07,WCDEBC,Wire Cage,2,0,0,2,0.06
2026-07,PHNW1RBS,Rectangle Pendant Light,9,5,6,20,0.65
2026-07,CL3RBL5PK,Cable,1,0,0,1,0.03
2026-07,CL3RRE5PK,Cable,1,1,0,2,0.06
2026-07,TSTS10WH,Tile Spare Parts,1,0,0,1,0.03
2026-07,CKA16ATC3031BR,Clocks,1,0,0,1,0.03
2026-07,PLHIBC,Pipe lighting,1,0,0,1,0.03
2026-07,LSEL400GR,Lampshade,1,0,0,1,0.03
2026-07,PHHRE1HETHE,Hemp Lighting,3,0,3,6,0.19
2026-07,LHPOE27SN,Lamp Holder,1,0,0,1,0.03
2026-07,LSBS160BL,Lampshade,4,1,0,5,0.16
2026-07,CGMLAG,Lamp Holder,200,0,0,200,6.45
2026-07,CRFF500BS,Rectangle Pendant Light,3,2,0,5,0.16
2026-07,SLW4,Transformer,2,13,0,15,0.48
2026-07,LSTF40RR,Pipe lighting,1,0,0,1,0.03
2026-07,PHUP1PBRCO,Pendant lights without shade,5,13,0,18,0.58
2026-07,CNT900CO,Chain,1,3,0,4,0.13
2026-07,LHNDE27YB,Flush Mount,2,0,0,2,0.06
2026-07,CKCP38384,Clocks,1,0,0,1,0.03
2026-07,LSMS320SE,Lampshade,1,1,0,2,0.06
2026-07,CTBOP21L,Cloths,3,0,0,3,0.1
2026-07,SCRN70CH,Shade Ring,3,2,2,7,0.23
2026-07,CCBC5,Transformer,3,6,8,17,0.55
2026-07,CL2TLB,Cable,1,0,0,1,0.03
2026-07,PHSF1PBRYB,Pendant Lights,6,3,0,9,0.29
2026-07,CRFF108YB,Ceiling Rose,2,11,6,19,0.61
2026-07,LHTKE27YB,Round Ceiling Rose Without Lampshade,2,5,6,13,0.42
2026-07,PCGZ20MX,Conduit Lighting,4,1,5,10,0.32
2026-07,12IP6730,Transformer,3,12,0,15,0.48
2026-07,PSHYOS2WRWH,Plug in Pendant,1,1,1,3,0.1
2026-07,LSSS300BB,Lampshade,1,0,0,1,0.03
2026-07,CL2TGY,Cable,3,9,0,12,0.39
2026-07,TCTE06S2P2,Category Not Available,1,0,0,1,0.03
2026-07,TCTE06S2P4,Category Not Available,1,0,0,1,0.03
2026-07,CERU36150RE,Cable Ties,3,0,0,3,0.1
2026-07,CL3TBT,Cable,3,0,0,3,0.1
2026-07,CRSF1202FG,Ceiling Rose,2,0,0,2,0.06
2026-07,PHBK1PBRFG,Pendant Lights,5,3,0,8,0.26
2026-07,LDWWE2725,Bulbs,90,2,0,92,2.97
2026-07,WCDTBL,Wire Cage,2,1,0,3,0.1
2026-07,LDMT45B224,Bulbs,1,19,0,20,0.65
2026-07,CRSF2003CO,Ceiling Rose,3,2,0,5,0.16
2026-07,PHNW1RRR,Rectangle Pendant Light,13,0,2,15,0.48
2026-07,CRSF108CH,Ceiling Rose,6,2,0,8,0.26
2026-07,LBT1ZEYE,Storage and Laundry bag,3,0,0,3,0.1
2026-07,LSCO335GY,Other Shade,4,0,1,5,0.16
2026-07,CL3RRS5PK,Cable,2,0,0,2,0.06
2026-07,FWS34041BM,Category Not Available,2,0,0,2,0.06
2026-07,CKAT1552BM,Clocks,1,0,0,1,0.03
2026-07,LSWE315BU,Mosque and Tear Drop Shades,1,0,0,1,0.03
2026-07,LSBS160WH,Pendant light with shade,2,0,0,2,0.06
2026-07,PHCN1PBRYB,Rectangle Pendant Light,12,0,0,12,0.39
2026-07,CKKLYB,Clocks,10,0,0,10,0.32
2026-07,LHLTE27GG,Category Not Available,1,0,0,1,0.03
2026-07,WCGSGD,Wire Cage,1,0,0,1,0.03
2026-07,CBSF85,Ceiling Bracket,1,0,0,1,0.03
2026-07,LDCCB2215,Bulbs,1,0,0,1,0.03
2026-07,LSHH240BM,Ceiling light,9,0,8,17,0.55
2026-07,WCB7BC,Wire Cage,7,3,2,12,0.39
2026-07,SPSPWH,Spare Parts,11,0,0,11,0.35
2026-07,CKDZH01910KS,Clocks,1,0,0,1,0.03
2026-07,CNS500BS,Chain,3,0,0,3,0.1
2026-07,CMWH,LED Module,10,0,0,10,0.32
2026-07,LSCY290DYE,Lampshade,6,0,0,6,0.19
2026-07,LSFSCO220BM,Ceiling Lights with Shade,3,0,0,3,0.1
2026-07,LSCY290DBI,Lampshade,2,0,0,2,0.06
2026-07,RWT3550YE,Wall plug,1,0,5,6,0.19
2026-07,CL2TRE,Cable,3,3,0,6,0.19
2026-07,CO126ACL,Connecter,5,55,0,60,1.94
2026-07,CRSF1203WH,Ceiling Rose,5,1,0,6,0.19
2026-07,PHTT1PWRBL,Pendant Lights,3,0,0,3,0.1
2026-07,WCB1BC,Wire Cage,1,0,0,1,0.03
2026-07,PLOTBC,Pipe lighting,1,0,0,1,0.03
2026-07,CL2TBUAPK,Cable,1,1,0,2,0.06
2026-07,CL2TRE5PK,Cable,1,1,0,2,0.06
2026-07,CL3TGR,Cable,3,4,0,7,0.23
2026-07,CL2TBP,Cable,3,0,0,3,0.1
2026-07,RWWPSY0860YE,Wall plug,10,0,1,11,0.35
2026-07,CERU36200RE,Cable Ties,1,0,0,1,0.03
2026-07,CRFF500RR,Flush Mount,2,1,0,3,0.1
2026-07,WCBTC120FG,Wire Cage,3,0,0,3,0.1
2026-07,LSUL220RR,Lampshade,8,1,0,9,0.29
2026-07,CL3RBWAPK,Cable,1,0,0,1,0.03
2026-07,CCBC3,Transformer,4,8,0,12,0.39
2026-07,CL2RBM,Cable,12,6,0,18,0.58
2026-07,CL3RGLAPK,Cable,1,1,0,2,0.06
2026-07,LDWWB2215,Bulbs,1,0,0,1,0.03
2026-07,LDCWB2215,Bulbs,5,3,0,8,0.26
2026-07,LSRP260CH,Other Shade,2,0,0,2,0.06
2026-07,PLHIRR,Pipe lighting,3,7,0,10,0.32
2026-07,PHCH1FBRBM,Curvy Holder Pendant,13,0,2,15,0.48
2026-07,RWT460YE,Wall plug,2,0,3,5,0.16
2026-07,CTBOP12XL,Category Not Available,3,0,0,3,0.1
2026-07,PHWPPBRYE,Rectangle Pendant Light,8,1,0,9,0.29
2026-07,LDDMST64E274,Bulbs,1,0,0,1,0.03
2026-07,WCSC1BM,3Way Round Ceiling light,6,24,0,30,0.97
2026-07,WCB3RR,Wire Cage,1,0,0,1,0.03
2026-07,WCB1RR,Wire Cage,7,0,0,7,0.23
2026-07,PLHNBM,Pipe lighting,1,0,0,1,0.03
2026-07,BSFCDRSIBL,Slow Moving,1,0,1,2,0.06
2026-07,PSDS2RBL,Plug in Pendant,2,0,0,2,0.06
2026-07,FWS34445BM,Footwear,1,0,0,1,0.03
2026-07,HLCH128BM,Handles,2,0,0,2,0.06
2026-07,TPOS1PRBSQ,Table Lamp,5,4,0,9,0.29
2026-07,CERU72450RE,Cable Ties,2,0,6,8,0.26
2026-07,RWWPSYBF50GY,Wall plug,1,0,5,6,0.19
2026-07,LHTPE27JRO,Category Not Available,1,0,0,1,0.03
2026-07,RWT570YE,Wall plug,1,0,1,2,0.06
2026-07,CCGRNWH50,Transformer,1,5,0,6,0.19
2026-07,HBGF735SAP,Category Not Available,1,0,0,1,0.03
2026-07,LSFT220CO,Lampshade,3,10,2,15,0.48
2026-07,CL2TBU,Cable,3,17,0,20,0.65
2026-07,LHTRE27CO,Lamp Holder,2,4,0,6,0.19
2026-07,LSLT360BC,Other Shade,2,0,0,2,0.06
2026-07,12IP2024,Transformer,2,19,0,21,0.68
2026-07,WCNCBM,Wire Cage,4,0,0,4,0.13
2026-07,PLTEBS,Pipe lighting,2,1,0,3,0.1
2026-07,LSDM220GS,Lampshade,9,0,2,11,0.35
2026-07,CL2RYEAPK,Cable,1,0,0,1,0.03
2026-07,12ASIP20100,Transformer,1,0,0,1,0.03
2026-07,CRSF100HSN,Wall sconce,2,0,0,2,0.06
2026-07,PSDS2RGY,Plug in Pendant,2,2,0,4,0.13
2026-07,CRSF108WH,Ceiling Rose,4,4,0,8,0.26
2026-07,WSST70WH,Wall Lamps,4,4,0,8,0.26
2026-07,CTMPP11XXL,Cloths,1,0,0,1,0.03
2026-07,PLPYRR,Pipe lighting,5,0,0,5,0.16
2026-07,CL3TYE5PK,Cable,1,0,0,1,0.03
2026-07,PHNW2RBC,Cage Spider Light,3,3,0,6,0.19
2026-07,CBSF120,Ceiling Bracket,2,12,0,14,0.45
2026-07,LSWE315BM,Lampshade,11,0,0,11,0.35
2026-07,LDA60B224WW,Bulbs,1,0,0,1,0.03
2026-07,LHRIE14BM,Lamp Holder,3,5,0,8,0.26
2026-07,12MIP2060,Transformer,1,0,0,1,0.03
2026-07,CERU36300RE,Cable Ties,2,0,20,22,0.71
2026-07,PCFT90LBM,Conduit Lighting,3,2,6,11,0.35
2026-07,CO122PCL,Conduit Lighting,3,0,4,7,0.23
2026-07,LHNDE27BM,Flush Mount,3,10,4,17,0.55
2026-07,PCDO20BM,Conduit Lighting,5,1,5,11,0.35
2026-07,RW1FG,Conduit Lighting,6,2,10,18,0.58
2026-07,LSRP260GB,shade,1,1,0,2,0.06
2026-07,CL2TCR5PK,Cable,1,0,0,1,0.03
2026-07,PHRB1PBRPB,Rectangle Pendant Light,1,14,0,15,0.48
2026-07,PHGP1PBRBM,Half thin Holder Pendant Light,1,6,0,7,0.23
2026-07,LSLG190BG,Pendant light with shade,1,0,0,1,0.03
2026-07,BL1CC300BM,Pendant light with shade,1,0,0,1,0.03
2026-07,PHAH2RCHBW,Pendant Lights,1,0,0,1,0.03
2026-07,PHSF1BWTWH,Pendant Lights,6,3,0,9,0.29
2026-07,SCRN70BA,Wall sconce,2,9,0,11,0.35
2026-07,LHRFE27BM,Lamp Holder,4,0,0,4,0.13
2026-07,PLHABC,Pipe lighting,4,0,0,4,0.13
2026-07,LSFT220BR,Lampshade,1,1,0,2,0.06
2026-07,LSSS300YB,Lampshade,3,0,0,3,0.1
2026-07,LDMST64E276,Bulbs,6,43,0,49,1.58
2026-07,LSSS300RO,Lampshade,1,2,0,3,0.1
2026-07,CRFF75BA,Ceiling Rose,2,1,0,3,0.1
2026-07,PHWPPBRGR,Rectangle Pendant Light,1,0,0,1,0.03
2026-07,CRFF105WH,Ceiling Rose,8,5,1,14,0.45
2026-07,LSDO400YE,Lampshade,6,0,0,6,0.19
2026-07,WCFWROBM,Wire Cage,2,19,0,21,0.68
2026-07,PHSF2BMRYB,Pendant Lights,9,0,1,10,0.32
2026-07,SCRN70BB,Shade Ring,4,0,0,4,0.13
2026-07,CBMP140WH,Ceiling Bracket,2,0,0,2,0.06
2026-07,WCGSBM,Wire Cage,2,0,0,2,0.06
2026-07,BSFCDRWHBL,Slow Moving,2,0,0,2,0.06
2026-07,LHXCCE27BM,Lamp Holder,8,0,0,8,0.26
2026-07,CRFF140GB,Ceiling Rose,3,2,0,5,0.16
2026-07,CL2RBT5PK,Cable,1,0,0,1,0.03
2026-07,PSOS2HERBM,Plug in Pendant,2,0,0,2,0.06
2026-07,LHTRE27SN,Lamp Holder,6,0,0,6,0.19
2026-07,WCFSDCBM,Rectangle Pendant Light,1,0,0,1,0.03
2026-07,CL3TLB5PK,Cable,2,1,0,3,0.1
2026-07,WCBNBS,Wire Cage,1,0,0,1,0.03
2026-07,CSBEB14BM,Category Not Available,1,0,2,3,0.1
2026-07,HLSC128BM,Handles,1,36,0,37,1.19
2026-07,24IP6750,Transformer,1,4,0,5,0.16
2026-07,WCBNCH,Wire Cage,1,0,0,1,0.03
2026-07,LSCY290DCB,Lampshade,2,0,0,2,0.06
2026-07,CRSF1204WH,Ceiling Rose,1,0,0,1,0.03
2026-07,PHCT80BMCBM,Chain,1,0,0,1,0.03
2026-07,CRSF100NB,Ceiling Rose,1,0,0,1,0.03
2026-07,PHCH1PCTSRE,Curvy Holder Pendant,1,0,0,1,0.03
2026-07,RWWPSYAE25WH,Wall plug,1,0,3,4,0.13
2026-07,CL3RRW5PK,Cable,1,0,0,1,0.03
2026-07,LSFC280WH,Fabric Shade,2,2,0,4,0.13
2026-07,LHPOE27FG,Lamp Holder,8,0,0,8,0.26
2026-07,PHSH1PBRRO,Pendant light with shade,1,0,0,1,0.03
2026-07,PHTT1PWRGG,Pendant Lights,6,0,0,6,0.19
2026-07,LSHH240BC,Ceiling light,4,0,0,4,0.13
2026-07,RWWPSY1060YE,Wall plug,2,0,4,6,0.19
2026-07,CL3TLP5PK,Cable,2,0,0,2,0.06
2026-07,CTBOP22L,Cloths,1,0,0,1,0.03
2026-07,CTBOP23L,Cloths,2,0,0,2,0.06
2026-07,CTBOP24L,Cloths,1,0,0,1,0.03
2026-07,PHRN2PCRYE,Pendant Lights,1,0,0,1,0.03
2026-07,PHRN2PCRLG,Pendant Lights,1,0,0,1,0.03
2026-07,PHRN2PCRBT,Pendant Lights,1,0,0,1,0.03
2026-07,WSLS155BM,Wall sconce,2,2,1,5,0.16
2026-07,CRSF100OR,Ceiling Rose,1,3,2,6,0.19
2026-07,WSCH135OR,Wall sconce,1,0,0,1,0.03
2026-07,CSBEB6BL,Belt,1,0,4,5,0.16
2026-07,IMGR,LED Module,100,0,0,100,3.23
2026-07,PL4HBC,Pipe lighting,1,0,0,1,0.03
2026-07,PHSF2GYTCH,Pendant Lights,2,0,1,3,0.1
2026-07,CRFF2404BM,3Way Round Ceiling light,1,1,0,2,0.06
2026-07,WCTC1BM,3Way Round Ceiling light,1,1,0,2,0.06
2026-07,BC3W50,Small Categories,1,0,0,1,0.03
2026-07,PC16FT200BA,Category Not Available,2,0,0,2,0.06
2026-07,PHSF1PWR20WH,Mosque and Tear Drop Shades,9,0,0,9,0.29
2026-07,CRSF100FG,Ceiling Rose,1,3,0,4,0.13
2026-07,LHTPE27JFG,Category Not Available,1,0,0,1,0.03
2026-07,12IP67350OL3,Transformer,2,2,0,4,0.13
2026-07,CL3RBK,Cable,3,4,0,7,0.23
2026-07,CTBOP26XL,Cloths,1,0,0,1,0.03
2026-07,CTBOP16XL,Cloths,1,0,0,1,0.03
2026-07,CTBOP6XL,Cloths,1,0,0,1,0.03
2026-07,CL2TOR,Cable,3,0,0,3,0.1
2026-07,WCFS1SEBM,Category Not Available,2,1,0,3,0.1
2026-07,LDDTCE2712,Bulbs,3,0,0,3,0.1
2026-07,LHHTE27BM,Cristal Ceiling Light,4,1,2,7,0.23
2026-07,PCBM20DS,Conduit Lighting,20,10,0,30,0.97
2026-07,PHMU1PBRGS,Mug Holder Pendant Light,3,0,0,3,0.1
2026-07,TSSTYF8025LB,Small Categories,2,0,6,8,0.26
2026-07,CL2RIV5PK,Cable,1,0,0,1,0.03
2026-07,LSEL400WH,Lampshade,1,1,0,2,0.06
2026-07,WSFSCH,Wall sconce,2,2,0,4,0.13
2026-07,LSGL9015WH,Lampshade,5,6,0,11,0.35
2026-07,PCBM20MX,Conduit Lighting,2,0,2,4,0.13
2026-07,PHBL1PBRBM,Rectangle Pendant Light,3,1,0,4,0.13
2026-07,WSIWCRRE,Wall sconce,1,0,0,1,0.03
2026-07,CKB876875WH,Clocks,1,0,0,1,0.03
2026-07,PLTERR,Pipe lighting,2,1,0,3,0.1
2026-07,PHSF2BRTCO,Pendant Lights,5,0,0,5,0.16
2026-07,MBEX3245BM,Mail Bags,100,0,0,100,3.23
2026-07,CRSF100YE,Ceiling Rose,1,2,0,3,0.1
2026-07,CRFF500FG,Ceiling Rose,1,1,2,4,0.13
2026-07,CRSF1206WH,Ceiling Rose,1,0,0,1,0.03
2026-07,FCBRBA6BL,Clip Boards,12,0,12,24,0.77
2026-07,PHFSH1PBRBM,Pendant lights without shade,2,0,1,3,0.1
2026-07,LSGLFP245BR,Lampshade,3,0,0,3,0.1
2026-07,LSGD280AR,Lampshade,2,1,0,3,0.1
2026-07,12ASIP2060,Transformer,1,1,0,2,0.06
2026-07,WSFTWH,Wall sconce,5,0,0,5,0.16
2026-07,PCRNSR,Conduit Lighting,10,1,0,11,0.35
2026-07,CRSF120FG,Ceiling Rose,1,0,0,1,0.03
2026-07,WSLS155CO,Wall sconce,2,2,0,4,0.13
2026-07,PHSH2PBRCO,Cage + Shade Spider Light,17,0,0,17,0.55
2026-07,LSTF40YB,Lampshade,5,13,2,20,0.65
2026-07,LSHQ180BM,Lampshade,2,0,0,2,0.06
2026-07,CRSF108CO,Ceiling Rose,2,10,0,12,0.39
2026-07,PHSF2BMRBY,Pendant Lights,1,0,1,2,0.06
2026-07,PHIH1PBRCO,Category Not Available,2,5,4,11,0.35
2026-07,PLHWBS,Pipe lighting,3,0,0,3,0.1
2026-07,LHPVE27BM,Lamp Holder,5,5,3,13,0.42
2026-07,TSTLRUMRB,Tile Spare Parts,3,4,2,9,0.29
2026-07,CL3RREAPK,Cable,1,0,0,1,0.03
2026-07,LSFC160OW,Fabric Shade,2,0,0,2,0.06
2026-07,CRFF140BC,Ceiling Rose,1,0,0,1,0.03
2026-07,WCB2BB,Wire Cage,2,0,0,2,0.06
2026-07,CERU72450BL,Cable Ties,1,0,1,2,0.06
2026-07,WCFSBCBM,Rectangle Pendant Light,1,1,0,2,0.06
2026-07,CODL232AGY,Connecter,100,5,0,105,3.39
2026-07,TPCLSV318GY,Table Lamp,1,0,0,1,0.03
2026-07,CRFF5005BM,Ceiling Rose,1,1,2,4,0.13
2026-07,CRFF108BY,Ceiling Rose,2,1,6,9,0.29
2026-07,LHNSE27BY,Lamp Holder,2,1,6,9,0.29
2026-07,WSFS1BMBM,Wall sconce,2,2,0,4,0.13
2026-07,LDCWE2718,Bulbs,3,0,0,3,0.1
2026-07,PHRY1PCRWH,Pendant Lights,2,0,0,2,0.06
2026-07,CL2TWH,Cable,6,5,0,11,0.35
2026-07,STND242RE,Tapes,5,0,0,5,0.16
2026-07,LSCP150BL,Lampshade,1,0,0,1,0.03
2026-07,WCRWWH,Category Not Available,2,0,0,2,0.06
2026-07,LDCWE277,Bulbs,2,0,0,2,0.06
2026-07,WCNCBC,Wire Cage,2,0,0,2,0.06
2026-07,CL3RWXAPK,Cable,1,0,0,1,0.03
2026-07,PHWL1PBRBC,Pendant Lights,3,6,0,9,0.29
2026-07,WCWODV1BM,Hemp Lighting,3,0,0,3,0.1
2026-07,TPFC300BG,Pendant lights without shade,2,0,3,5,0.16
2026-07,WSDM240BM,Wall sconce,2,5,0,7,0.23
2026-07,PHWL1PBRBB,Pendant Lights,6,0,0,6,0.19
2026-07,PLOTBB,Pipe lighting,1,1,0,2,0.06
2026-07,LSGLLF170AR,Lampshade,2,0,0,2,0.06
2026-07,PHSF1GDTFG,Pendant Lights,1,8,4,13,0.42
2026-07,LDMA60E274,Bulbs,3,6,0,9,0.29
2026-07,LSLT360BU,Other Shade,1,1,1,3,0.1
2026-07,LSFT220BW,Lampshade,3,0,0,3,0.1
2026-07,HLBP128BB,Handles,3,0,0,3,0.1
2026-07,RD25,Thread Rod,5,0,0,5,0.16
2026-07,CL2RWH,Cable,3,6,0,9,0.29
2026-07,CRFF105CO,Ceiling Rose,2,0,0,2,0.06
2026-07,CTBOP13L,Cloths,1,0,0,1,0.03
2026-07,CTBOP18L,Cloths,1,0,0,1,0.03
2026-07,PHCH1PBRSBM,Curvy Holder Pendant,4,0,0,4,0.13
2026-07,PCMT20SN,Conduit Lighting,1,0,0,1,0.03
2026-07,LSUL220BM,Lampshade,1,3,0,4,0.13
2026-07,CRSF2003BS,Ceiling Rose,0,1,0,1,0.03
2026-07,24IP2072,Transformer,0,9,0,9,0.29
2026-07,12SAN60,Transformer,0,1,0,1,0.03
2026-07,PHSH1PBRRR,Pendant Lights,0,3,0,3,0.1
2026-07,LSSS300RR,Lampshade,0,4,0,4,0.13
2026-07,WCIRFS300BM,Category Not Available,0,4,0,4,0.13
2026-07,PHRI1PBRFG,Curvy Holder Pendant,0,9,0,9,0.29
2026-07,CRSF1204SN,Ceiling Rose,0,1,0,1,0.03
2026-07,TSLCQA20WH,Tile Spare Parts,0,17,19,36,1.16
2026-07,LHBPE27BM,Lamp Holder,0,27,0,27,0.87
2026-07,CRSF108GB,Ceiling Rose,0,7,0,7,0.23
2026-07,WSST70GB,Wall Lamps,0,6,0,6,0.19
2026-07,LSGLCY120CO,shade,0,9,0,9,0.29
2026-07,CODL932AGY,Connecter,0,26,0,26,0.84
2026-07,CERU48250WH,Cable Ties,0,1,2,3,0.1
2026-07,WCDCRR,Wire Cage,0,4,0,4,0.13
2026-07,24IP6720,Transformer,0,6,0,6,0.19
2026-07,PSOS2WHBWH,Plug in Pendant,0,10,0,10,0.32
2026-07,LHBGE27BM,Lamp Holder,0,28,0,28,0.9
2026-07,CL2RCR,Cable,0,6,2,8,0.26
2026-07,RD80,Thread Rod,0,10,0,10,0.32
2026-07,PSOS4YBRPB,Plug in Pendant,0,3,0,3,0.1
2026-07,FCBSSLG,Clip Boards,0,4,0,4,0.13
2026-07,COI9RBM,Connecter,0,5,0,5,0.16
2026-07,5IP2020,Transformer,0,9,0,9,0.29
2026-07,LHAHE27GB,Lamp Holder,0,7,0,7,0.23
2026-07,LHBHE27CH,Lamp Holder,0,2,0,2,0.06
2026-07,RWT560YE,Wall plug,0,1,5,6,0.19
2026-07,PSDS4RGD,Category Not Available,0,2,0,2,0.06
2026-07,12BO100,Transformer,0,13,0,13,0.42
2026-07,PSDS4RGR,Plug in Pendant,0,2,0,2,0.06
2026-07,WBERT29RE,White Board,0,12,0,12,0.39
2026-07,LSHQ150CB,Wall sconce,0,1,1,2,0.06
2026-07,5IP2028,Transformer,0,12,0,12,0.39
2026-07,CRSF125CH,Wall Lamps,0,11,0,11,0.35
2026-07,WSAT105CH,Wall Lamps,0,11,0,11,0.35
2026-07,PSDS2WHBWH,Plug in Pendant,0,3,0,3,0.1
2026-07,12IP2030,Transformer,0,24,0,24,0.77
2026-07,PSOS2BMBBM,Plug in Pendant,0,4,0,4,0.13
2026-07,WSCAGCCH,Category Not Available,0,1,0,1,0.03
2026-07,LDC35E144,Bulbs,0,28,0,28,0.9
2026-07,LHRIE27BM,Lamp Holder,0,9,0,9,0.29
2026-07,12IP20150,Transformer,0,12,0,12,0.39
2026-07,12IP20100,Transformer,0,34,0,34,1.1
2026-07,24IP20120,Transformer,0,30,0,30,0.97
2026-07,SPPGUK3PBR,Spare Parts,0,4,0,4,0.13
2026-07,LHCCE27RE,Lamp Holder,0,6,0,6,0.19
2026-07,CBMPRE,Ceiling Bracket,0,4,0,4,0.13
2026-07,CL2RBK,Cable,0,2,0,2,0.06
2026-07,LHELB22GD,Lamp Holder,0,5,0,5,0.16
2026-07,PSOS4BMBBM,Plug in Pendant,0,11,0,11,0.35
2026-07,LDDCFLE145,Bulbs,0,1,0,1,0.03
2026-07,TSKCBM,Slow Moving,0,23,1,24,0.77
2026-07,PSDS4WHBWH,Plug in Pendant,0,6,0,6,0.19
2026-07,SWAG2GAD,Category Not Available,0,1,0,1,0.03
2026-07,24IP2048,Transformer,0,9,0,9,0.29
2026-07,ICG95B2240,Bulbs,0,7,0,7,0.23
2026-07,PHAH2RBMBM,Pendant Lights,0,2,1,3,0.1
2026-07,12BO28,Transformer,0,13,0,13,0.42
2026-07,ICT45E2760,Bulbs,0,7,0,7,0.23
2026-07,PSOS2BBM,Plug in Pendant,0,2,0,2,0.06
2026-07,12IP20480,Transformer,0,12,1,13,0.42
2026-07,PMSJ0073BBM,Category Not Available,0,2,0,2,0.06
2026-07,LHBLE27GB,Lamp Holder,0,2,0,2,0.06
2026-07,PCBM200TP,Conduit Lighting,0,2,0,2,0.06
2026-07,CODL632AGY,Connecter,0,10,0,10,0.32
2026-07,WBMG2030WH,White Board,0,1,0,1,0.03
2026-07,WCWVBM,Wire Cage,0,1,0,1,0.03
2026-07,PSDS4RRO,Wall Lamps,0,3,0,3,0.1
2026-07,CL3TGYAPK,Cable,0,1,0,1,0.03
2026-07,CRSF108FG,Ceiling Rose,0,3,0,3,0.1
2026-07,HK10FG,Ceiling Rose,0,2,0,2,0.06
2026-07,CL3RGR,Cable,0,3,0,3,0.1
2026-07,24IP6710,Transformer,0,17,0,17,0.55
2026-07,LHCHE27CH,Lamp Holder,0,8,0,8,0.26
2026-07,WSSS70CH,Lamp Holder,0,2,0,2,0.06
2026-07,12ASIP20300,Transformer,0,5,0,5,0.16
2026-07,24IP20240,Transformer,0,5,0,5,0.16
2026-07,CBSF115,Ceiling Bracket,0,6,0,6,0.19
2026-07,HK10YB,Ceiling Rose,0,4,0,4,0.13
2026-07,PHSH1PBRBC,Pendant Lights,0,3,0,3,0.1
2026-07,CL3RGL,Cable,0,1,0,1,0.03
2026-07,12MIP2015,Transformer,0,9,0,9,0.29
2026-07,LHNDE27SN,Category Not Available,0,4,0,4,0.13
2026-07,LHCTOSN,Lamp Holder,0,16,0,16,0.52
2026-07,HLHG120CH,Handles,0,15,0,15,0.48
2026-07,12BO18,Transformer,0,25,0,25,0.81
2026-07,12IP2060,Transformer,0,29,0,29,0.94
2026-07,12BO48,Transformer,0,11,2,13,0.42
2026-07,24IP6760,Transformer,0,5,0,5,0.16
2026-07,WLFSWRHE,Hemp Lighting,0,3,0,3,0.1
2026-07,LSLT360RR,Other Shade,0,1,0,1,0.03
2026-07,WSSM40CO,Category Not Available,0,3,0,3,0.1
2026-07,CRSF125BM,Wall Lamps,0,12,0,12,0.39
2026-07,WSAT105BM,Wall Lamps,0,6,0,6,0.19
2026-07,CL3RGY,Cable,0,3,0,3,0.1
2026-07,SLW6,Transformer,0,3,0,3,0.1
2026-07,12IP2080,Transformer,0,17,0,17,0.55
2026-07,PCBS2FEBM,Conduit Lighting,0,4,0,4,0.13
2026-07,LHRHE27BY,Lamp Holder,0,1,0,1,0.03
2026-07,LSTF400OR,Lampshade,0,2,2,4,0.13
2026-07,LSHQ150GY,Wall sconce,0,5,0,5,0.16
2026-07,LDMA60B224WW,Bulbs,0,5,0,5,0.16
2026-07,PSHNOS4WRWH,Plug in Pendant,0,3,0,3,0.1
2026-07,PHSG1PBRYB,Category Not Available,0,9,0,9,0.29
2026-07,LSCA400BF,Chandelier,0,2,0,2,0.06
2026-07,CBSF110,Ceiling Bracket,0,2,0,2,0.06
2026-07,CL3RWH,Cable,0,2,0,2,0.06
2026-07,LHTOE27WH,Lamp Holder,0,1,0,1,0.03
2026-07,WCRNBM,Hemp Lighting,0,15,0,15,0.48
2026-07,CODCCR,Transformer,0,8,0,8,0.26
2026-07,5IP2010,Transformer,0,8,0,8,0.26
2026-07,CRSF2003SN,Ceiling Rose,0,2,1,3,0.1
2026-07,LHTMGU10SN,Category Not Available,0,6,0,6,0.19
2026-07,LDGU10CW5,Round Ceiling Rose Without Lampshade,0,6,3,9,0.29
2026-07,12IP2012,Transformer,0,4,0,4,0.13
2026-07,CCBKNWE25,Transformer,0,8,0,8,0.26
2026-07,WLHSBMRE12,Wall Lamps,0,15,0,15,0.48
2026-07,PHCD1PBRBM,Category Not Available,0,5,0,5,0.16
2026-07,LSTM310BM,Curvy Holder Pendant,0,8,0,8,0.26
2026-07,12IP2015,Transformer,0,5,0,5,0.16
2026-07,LSGLBT200PU,Lampshade,0,1,0,1,0.03
2026-07,PHSH1PCRCH,3Way Round Ceiling light,0,1,0,1,0.03
2026-07,LSTF40CH,Lampshade,0,1,0,1,0.03
2026-07,RBLSDM220YB,Category Not Available,0,2,0,2,0.06
2026-07,WSLS155CH,Wall sconce,0,1,0,1,0.03
2026-07,WCBLBM,Rectangle Pendant Light,0,8,0,8,0.26
2026-07,PHCD1PBRBW,Curvy Holder Pendant,0,18,2,20,0.65
2026-07,CO1215ACL,Connecter,0,36,0,36,1.16
2026-07,WCDCBC,Wire Cage,0,16,0,16,0.52
2026-07,CRFF500YB,Ceiling Rose,0,2,0,2,0.06
2026-07,12UK3PON,Category Not Available,0,1,0,1,0.03
2026-07,CRSF100LBM,Category Not Available,0,2,0,2,0.06
2026-07,CL2RGR,Cable,0,3,0,3,0.1
2026-07,LSGLWS180YC,Lampshade,0,4,2,6,0.19
2026-07,LHSHE27BN,Lamp Holder,0,20,0,20,0.65
2026-07,LHBBE27CO,Lamp Holder,0,8,0,8,0.26
2026-07,LHRIE27WH,Lamp Holder,0,12,0,12,0.39
2026-07,LSCG185AR,Lampshade,0,8,0,8,0.26
2026-07,PHHT1PWRYE,Half thin Holder Pendant Light,0,3,0,3,0.1
2026-07,LSHQ150YE,Wall sconce,0,3,0,3,0.1
2026-07,CL3RPE,Cable,0,6,0,6,0.19
2026-07,HKR10GD,Ceiling Rose,0,2,0,2,0.06
2026-07,HK10GD,Ceiling Rose,0,10,0,10,0.32
2026-07,LHBRE14BM,Lamp Holder,0,23,0,23,0.74
2026-07,LHBLE27CO,Lamp Holder,0,10,0,10,0.32
2026-07,24IP6715,Transformer,0,1,1,2,0.06
2026-07,PSOS2BMB14BM,Plug in Pendant,0,3,0,3,0.1
2026-07,24IP6730,Transformer,0,6,0,6,0.19
2026-07,CRSF100BL,Ceiling Rose,0,1,0,1,0.03
2026-07,LHTTE27BL,Round Ceiling Rose Without Lampshade,0,1,0,1,0.03
2026-07,PLHIBM,Pipe lighting,0,2,0,2,0.06
2026-07,TSWGQBAYE,Tile Spare Parts,0,5,0,5,0.16
2026-07,CO1230ACL,Connecter,0,26,0,26,0.84
2026-07,LHAHE27BM,Lamp Holder,0,15,0,15,0.48
2026-07,LHBRE27BM,Lamp Holder,0,18,0,18,0.58
2026-07,SPSDP1BM,Spare Parts,0,5,0,5,0.16
2026-07,SPSDP1WH,Spare Parts,0,4,2,6,0.19
2026-07,PSDS4RBU,Plug in Pendant,0,4,0,4,0.13
2026-07,LHTHE27RO,Lamp Holder,0,2,0,2,0.06
2026-07,LDCWB229,Bulbs,0,7,13,20,0.65
2026-07,LHBBE27RO,Lamp Holder,0,4,0,4,0.13
2026-07,CRSF108RO,Ceiling Rose,0,1,0,1,0.03
2026-07,WSST70RO,Wall Lamps,0,1,0,1,0.03
2026-07,PHTT1RORRO,Pendant Lights,0,5,0,5,0.16
2026-07,WCDC10RO,Wire Cage,0,5,0,5,0.16
2026-07,HLLK75BM,Handles,0,23,0,23,0.74
2026-07,CERU36200YE,Cable Ties,0,4,0,4,0.13
2026-07,12IP20180,Transformer,0,18,0,18,0.58
2026-07,RBLSFT220YB,Category Not Available,0,5,0,5,0.16
2026-07,PHSF1GYRCH,Pendant Lights,0,5,1,6,0.19
2026-07,CL2TBW,Cable,0,3,0,3,0.1
2026-07,CERU36300YE,Cable Ties,0,4,0,4,0.13
2026-07,WBERT29BL,White Board,0,17,0,17,0.55
2026-07,LHBBE27FG,Lamp Holder,0,2,0,2,0.06
2026-07,CL3RBU,Cable,0,9,0,9,0.29
2026-07,CL3RRE,Cable,0,17,0,17,0.55
2026-07,CL3RLG,Cable,0,2,0,2,0.06
2026-07,LSYG410BM,Category Not Available,0,1,0,1,0.03
2026-07,SWTS3GWH,Category Not Available,0,1,0,1,0.03
2026-07,24IP67200,Transformer,0,4,0,4,0.13
2026-07,CRSF120GB,Ceiling Rose,0,1,0,1,0.03
2026-07,5IP2030,Transformer,0,7,0,7,0.23
2026-07,CL2RPE,Cable,0,2,0,2,0.06
2026-07,24IP6780,Transformer,0,5,0,5,0.16
2026-07,SPSD95SN,Spare Parts,0,4,0,4,0.13
2026-07,CRSF1204RO,Ceiling Rose,0,1,0,1,0.03
2026-07,PHBL2PBRBM,Cage + Shade Spider Light,0,8,0,8,0.26
2026-07,HRE1428WH,Holder Ring,0,10,20,30,0.97
2026-07,LSFT220BU,Lampshade,0,1,0,1,0.03
2026-07,RBLSMS320NB,Category Not Available,0,1,0,1,0.03
2026-07,PSDS2BMB14BM,Plug in Pendant,0,2,0,2,0.06
2026-07,ICC35E1460,Bulbs,0,1,0,1,0.03
2026-07,CL3RLB5PK,Cable,0,1,0,1,0.03
2026-07,CL2TBK,Cable,0,9,1,10,0.32
2026-07,CSBE4WXXLBM,Category Not Available,0,1,0,1,0.03
2026-07,12MIP2025,Transformer,0,19,0,19,0.61
2026-07,LHHGE27WH,Lamp Holder,0,6,0,6,0.19
2026-07,TPOS1PRBRO,Table Lamp,0,3,0,3,0.1
2026-07,PHCT80CHCCH,Chain,0,1,0,1,0.03
2026-07,LSCA500BF,Chandelier,0,1,0,1,0.03
2026-07,WSSS70CO,Wall Lamps,0,2,0,2,0.06
2026-07,PSOS2HETBM,Plug in Pendant,0,7,0,7,0.23
2026-07,CL2RBD,Cable,0,2,0,2,0.06
2026-07,CL2RRE,Cable,0,7,0,7,0.23
2026-07,CKAN1904WH,Clocks,0,1,0,1,0.03
2026-07,LDMC35E142,Bulbs,0,22,0,22,0.71
2026-07,WBERT29GR,White Board,0,11,0,11,0.35
2026-07,LSLT360BS,Other Shade,0,3,0,3,0.1
2026-07,CKBYFG,Clocks,0,1,0,1,0.03
2026-07,WSNGBM,Category Not Available,0,1,0,1,0.03
2026-07,24IP6745,Transformer,0,4,0,4,0.13
2026-07,CO1260ACL,Connecter,0,49,0,49,1.58
2026-07,LSCY210BS,Lampshade,0,3,0,3,0.1
2026-07,WSSS70GB,Lamp Holder,0,1,0,1,0.03
2026-07,CL3ROR,Cable,0,2,0,2,0.06
2026-07,PCBICP,Conduit Lighting,0,1,0,1,0.03
2026-07,WSIWCRBS,Category Not Available,0,2,0,2,0.06
2026-07,12RPIP4560,Transformer,0,3,0,3,0.1
2026-07,WSST70CH,Wall Lamps,0,1,0,1,0.03
2026-07,CL3RRH,Cable,0,1,0,1,0.03
2026-07,LDCWB2218,Bulbs,0,4,0,4,0.13
2026-07,CGCYGB,Category Not Available,0,1,0,1,0.03
2026-07,LHTKE27GB,Round Ceiling Rose Without Lampshade,0,4,0,4,0.13
2026-07,PCGZ250TP,Conduit Lighting,0,1,0,1,0.03
2026-07,LSCASNAMW3,Chandelier,0,1,0,1,0.03
2026-07,LSBS160CB,Pendant light with shade,0,1,0,1,0.03
2026-07,CL3RBR,Cable,0,14,0,14,0.45
2026-07,PHCN1PWRWH,Pendant Lights,0,3,0,3,0.1
2026-07,WSWTBL,Wall Lamps,0,1,0,1,0.03
2026-07,24IP20180,Transformer,0,5,0,5,0.16
2026-07,24IP2024,Transformer,0,5,0,5,0.16
2026-07,RBPLTFBC,Category Not Available,0,3,0,3,0.1
2026-07,CRFF105SN,Ceiling Rose,0,3,0,3,0.1
2026-07,CL3RWM,Cable,0,3,0,3,0.1
2026-07,CRSF125CO,Wall Lamps,0,7,0,7,0.23
2026-07,WSAT105CO,Wall sconce,0,7,0,7,0.23
2026-07,LSCA1000BF,Chandelier,0,1,0,1,0.03
2026-07,LHBBE27CH,Lamp Holder,0,1,0,1,0.03
2026-07,CRFF108SN,Round Ceiling Rose Without Lampshade,0,7,0,7,0.23
2026-07,LHTKE27SN,Round Ceiling Rose Without Lampshade,0,3,0,3,0.1
2026-07,CBSF105,Ceiling Bracket,0,7,0,7,0.23
2026-07,WSSS70YB,Lamp Holder,0,7,0,7,0.23
2026-07,PHTT1PBR3RR,Slow Moving,0,2,0,2,0.06
2026-07,LSWT300RR,Slow Moving,0,2,0,2,0.06
2026-07,LHRBE27WH,Lamp Holder,0,2,0,2,0.06
2026-07,RBLSFT220NB,Category Not Available,0,4,0,4,0.13
2026-07,LHCHE27SN,Lamp Holder,0,5,0,5,0.16
2026-07,PSOS2BWH,Plug in Pendant,0,2,0,2,0.06
2026-07,PSDS4BMBBM,Plug in Pendant,0,7,0,7,0.23
2026-07,CBSF175,Ceiling Bracket,0,2,0,2,0.06
2026-07,WLWOHTBM,Category Not Available,0,1,0,1,0.03
2026-07,CBSF75,Ceiling Bracket,0,1,0,1,0.03
2026-07,RBLSCY290BI,Category Not Available,0,3,0,3,0.1
2026-07,WSCWBF,Chandelier,0,2,0,2,0.06
2026-07,PLWCBC,Pipe lighting,0,1,0,1,0.03
2026-07,5IP20300,Transformer,0,1,0,1,0.03
2026-07,CRSF1205CO,Ceiling Rose,0,1,0,1,0.03
2026-07,WSLS155SN,Wall Lamps,0,3,0,3,0.1
2026-07,WJBIP684BM,Junction Box,0,1,0,1,0.03
2026-07,PSDS4RBR,Plug in Pendant,0,5,0,5,0.16
2026-07,PCGZSC,Conduit Lighting,0,4,0,4,0.13
2026-07,PHPV1HERBM,Pendant light with shade,0,2,0,2,0.06
2026-07,PSOS2RBWCH,Plug in Pendant,0,2,0,2,0.06
2026-07,LHCTOCO,Lamp Holder,0,3,0,3,0.1
2026-07,SOCL2GBM,Category Not Available,0,1,0,1,0.03
2026-07,5IP20150,Transformer,0,2,0,2,0.06
2026-07,CL2RBT,Cable,0,3,0,3,0.1
2026-07,PCRNFF,Conduit Lighting,0,6,0,6,0.19
2026-07,NT3,Wall Lamps,0,15,0,15,0.48
2026-07,CBSF155,Ceiling Bracket,0,1,0,1,0.03
2026-07,CL2TAG5PK,Cable,0,1,0,1,0.03
2026-07,LHCCE27BL,Lamp Holder,0,8,0,8,0.26
2026-07,CL2TYE,Cable,0,5,0,5,0.16
2026-07,LHRTE27BM,Lamp Holder,0,3,0,3,0.1
2026-07,LHTOE27FG,Lamp Holder,0,1,0,1,0.03
2026-07,BC3W60,Small Categories,0,2,0,2,0.06
2026-07,RBLSFT220BI,Category Not Available,0,1,0,1,0.03
2026-07,LHTOE27SN,Lamp Holder,0,9,0,9,0.29
2026-07,PSOS4RBL,Category Not Available,0,1,0,1,0.03
2026-07,SCRN70WH,Shade Ring,0,2,0,2,0.06
2026-07,RBCRSF2003BM,Category Not Available,0,1,0,1,0.03
2026-07,RBLSDO210BG,Category Not Available,0,4,0,4,0.13
2026-07,CO123ACL,Connecter,0,9,0,9,0.29
2026-07,CKDZH174820SB,Clocks,0,1,0,1,0.03
2026-07,5IP20100,Transformer,0,8,0,8,0.26
2026-07,PLHWBC,Pipe lighting,0,2,0,2,0.06
2026-07,LHTRE27BN,Lamp Holder,0,1,0,1,0.03
2026-07,CL2RLB,Cable,0,1,0,1,0.03
2026-07,WSCH135GY,Wall sconce,0,1,0,1,0.03
2026-07,RD40,Thread Rod,0,30,0,30,0.97
2026-07,WJBIP686BM,Junction Box,0,1,0,1,0.03
2026-07,PSDS4BMRGD,Plug in Pendant,0,3,2,5,0.16
2026-07,WSST70YB,Wall sconce,0,1,0,1,0.03
2026-07,LSLC180RR,Lampshade,0,1,0,1,0.03
2026-07,RBLSOL220SN,Category Not Available,0,2,0,2,0.06
2026-07,PHSF1BWTSN,Pendant Lights,0,4,0,4,0.13
2026-07,PHHR1BRTBR,Hemp Lighting,0,1,0,1,0.03
2026-07,PHHT1PBRBC,Half thin Holder Pendant Light,0,5,0,5,0.16
2026-07,WCLCFG,Wire Cage,0,1,0,1,0.03
2026-07,WSIWCRBM,Wall sconce,0,4,0,4,0.13
2026-07,WSIWCRGR,Wall sconce,0,5,0,5,0.16
2026-07,WSTR135BM,Wall Lamps,0,3,0,3,0.1
2026-07,CL2TRO,Cable,0,3,0,3,0.1
2026-07,WSLS155RO,Wall sconce,0,2,0,2,0.06
2026-07,SCRN70RO,Shade Ring,0,2,0,2,0.06
2026-07,LSFT220RO,Lampshade,0,2,1,3,0.1
2026-07,PHSF1BRRCO,Pendant Lights,0,13,0,13,0.42
2026-07,SCRN70BS,Shade Ring,0,2,3,5,0.16
2026-07,LSWD360BS,Ceiling light,0,2,3,5,0.16
2026-07,WSWTGR,Wall Lamps,0,2,0,2,0.06
2026-07,BL1S0300BM,Pendant light with shade,0,6,0,6,0.19
2026-07,WSFS1YBYB,Wall sconce,0,1,0,1,0.03
2026-07,SWTB3GBM,Category Not Available,0,2,0,2,0.06
2026-07,LHNDE27CO,Flush Mount,0,2,0,2,0.06
2026-07,LSCO335DG,Other Shade,0,1,0,1,0.03
2026-07,CCBC18,Transformer,0,2,0,2,0.06
2026-07,CRFF2005BM,Cage + Shade Spider Light,0,1,0,1,0.03
2026-07,PHTT2PBRBM,Cage + Shade Spider Light,0,1,0,1,0.03
2026-07,WCLNBM,Wire Cage,0,1,7,8,0.26
2026-07,LSGLBH150WS,Lampshade,0,1,0,1,0.03
2026-07,CRFF140WH,Ceiling Rose,0,2,2,4,0.13
2026-07,PCRN50TP,Conduit Lighting,0,1,0,1,0.03
2026-07,PCGZ30NT,Conduit Lighting,0,1,0,1,0.03
2026-07,PHFMHT2BRBM,Shade Spider Light,0,5,0,5,0.16
2026-07,CRSF125YB,Ceiling Rose,0,4,0,4,0.13
2026-07,CRSF1205GB,Ceiling Rose,0,1,0,1,0.03
2026-07,WLHSBMSQ10,Wall Lamps,0,2,0,2,0.06
2026-07,LHTOE27CO,Lamp Holder,0,6,0,6,0.19
2026-07,12SAN7,Transformer,0,2,0,2,0.06
2026-07,LHPOE27YB,Lamp Holder,0,3,2,5,0.16
2026-07,PHRN1PCRPI,Pendant Lights,0,1,0,1,0.03
2026-07,LHTTE27OR,Round Ceiling Rose Without Lampshade,0,1,2,3,0.1
2026-07,24IP6724,Transformer,0,2,0,2,0.06
2026-07,WJBIP68T13BM,Junction Box,0,2,0,2,0.06
2026-07,TPWHWO,Wall Lamps,0,6,0,6,0.19
2026-07,CL2ROR,Cable,0,6,0,6,0.19
2026-07,RBLSFT220BM,Category Not Available,0,1,0,1,0.03
2026-07,PHMH1HERCO,Pendant Lights,0,1,0,1,0.03
2026-07,CL2RHE,Cable,0,7,0,7,0.23
2026-07,CL3RBL,Cable,0,5,0,5,0.16
2026-07,TSKCBL,Category Not Available,0,2,0,2,0.06
2026-07,PHSF2AGTGB,Pendant Lights,0,1,0,1,0.03
2026-07,CRSF108SN,Ceiling Rose,0,4,1,5,0.16
2026-07,WSAT105SN,Wall Lamps,0,3,0,3,0.1
2026-07,WSWTBC,Wall sconce,0,1,0,1,0.03
2026-07,LSWE315BL,Lampshade,0,2,0,2,0.06
2026-07,5IP2050,Transformer,0,3,0,3,0.1
2026-07,LHSHE27BC,Umbrella Shade Flush Light,0,5,0,5,0.16
2026-07,CL3TRS,Cable,0,2,0,2,0.06
2026-07,PHSQ1PBRYB,Pendant lights without shade,0,13,0,13,0.42
2026-07,24IP20200,Transformer,0,2,0,2,0.06
2026-07,5IP2025,Transformer,0,2,0,2,0.06
2026-07,TSLCQA25WH,Tile Spare Parts,0,5,9,14,0.45
2026-07,PSDS4BPB,Plug in Pendant,0,3,0,3,0.1
2026-07,LHTOE27YB,Lamp Holder,0,5,2,7,0.23
2026-07,PHAH2RGBGD,Pendant Lights,0,3,0,3,0.1
2026-07,WSCH135BU,Wall sconce,0,1,0,1,0.03
2026-07,12MIP2080,Transformer,0,1,0,1,0.03
2026-07,LSHQ150WH,Wall sconce,0,5,0,5,0.16
2026-07,WJB3,Junction Box,0,5,5,10,0.32
2026-07,LDT185E274,Bulbs,0,11,0,11,0.35
2026-07,CBMPGR,Ceiling Bracket,0,1,0,1,0.03
2026-07,FCBSBA4AP,Clip Boards,0,1,0,1,0.03
2026-07,LHEDE27GD,Lamp Holder,0,1,0,1,0.03
2026-07,LSDT130BM,Half thin Holder Pendant Light,0,8,0,8,0.26
2026-07,PHUP1PCRSN,Category Not Available,0,3,0,3,0.1
2026-07,RBCRSF100BM,Pendant light with shade,0,1,0,1,0.03
2026-07,PHHT1PWRBT,Half thin Holder Pendant Light,0,3,0,3,0.1
2026-07,LSHQ150BL,Lampshade,0,3,2,5,0.16
2026-07,PHHT1PWRGY,Half thin Holder Pendant Light,0,3,0,3,0.1
2026-07,FCBSBA5YE,Clip Boards,0,12,0,12,0.39
2026-07,BC3W80,Small Categories,0,6,0,6,0.19
2026-07,TSWGQBAOR,Tile Spare Parts,0,3,0,3,0.1
2026-07,RBWSST70BM,Category Not Available,0,2,0,2,0.06
2026-07,CL3TRO,Cable,0,6,0,6,0.19
2026-07,COT9ABM,Connecter,0,10,0,10,0.32
2026-07,APDPSRW,Category Not Available,0,1,0,1,0.03
2026-07,RBLSDO210BI,Category Not Available,0,1,0,1,0.03
2026-07,PCBSM2FYB,Conduit Lighting,0,2,0,2,0.06
2026-07,CRSF100GG,Round Ceiling Rose Without Lampshade,0,3,3,6,0.19
2026-07,LHTTE27GG,Round Ceiling Rose Without Lampshade,0,3,3,6,0.19
2026-07,CNT900FG,Chain,0,1,0,1,0.03
2026-07,CRFF110HFG,Ceiling Rose,0,1,0,1,0.03
2026-07,RBLSOL180BM,Category Not Available,0,5,0,5,0.16
2026-07,WLHSBMSW10,Wall Lamps,0,1,2,3,0.1
2026-07,WSLH200BM,Hemp Lighting,0,1,0,1,0.03
2026-07,LHHGE27BM,Lamp Holder,0,2,0,2,0.06
2026-07,CL3TPU,Cable,0,2,0,2,0.06
2026-07,CL2TBR5PK,Cable,0,2,0,2,0.06
2026-07,PHCH1PWRSOR,Curvy Holder Pendant,0,2,0,2,0.06
2026-07,LSHQ150OR,Wall sconce,0,2,0,2,0.06
2026-07,RBLSFT220CH,Category Not Available,0,2,0,2,0.06
2026-07,CGCEWH,Small Categories,0,5,0,5,0.16
2026-07,CCGNNSWE48,Transformer,0,1,0,1,0.03
2026-07,CO125ACL,Connecter,0,10,0,10,0.32
2026-07,CL2TGL5PK,Cable,0,1,0,1,0.03
2026-07,LLSQ36W,Category Not Available,0,6,0,6,0.19
2026-07,LSLT360BT,Other Shade,0,3,0,3,0.1
2026-07,PHSH2PBRBM,Shade Spider Light,0,4,0,4,0.13
2026-07,CGFLBM,Category Not Available,0,5,0,5,0.16
2026-07,LSDO300YE,Lampshade,0,2,0,2,0.06
2026-07,LDSG95E274,Bulbs,0,1,0,1,0.03
2026-07,CO232AOR,Connecter,0,20,0,20,0.65
2026-07,12SIP67100,Transformer,0,1,0,1,0.03
2026-07,LDCWB225,Bulbs,0,1,0,1,0.03
2026-07,PHSF2AGRGB,Lamp Holder,0,4,1,5,0.16
2026-07,PSL45P05OS3HYBM,Category Not Available,0,1,0,1,0.03
2026-07,WSLH90BM,Wall sconce,0,1,0,1,0.03
2026-07,WCBC1BM,Category Not Available,0,3,0,3,0.1
2026-07,WCLCBB,Wire Cage,0,1,0,1,0.03
2026-07,SPSD78GD,Spare Parts,0,4,0,4,0.13
2026-07,CRFF105YB,Ceiling Rose,0,1,0,1,0.03
2026-07,CL3TREAPK,Cable,0,1,0,1,0.03
2026-07,WCSRRR,Wire Cage,0,3,0,3,0.1
2026-07,PCFT200BA,Conduit Lighting,0,1,0,1,0.03
2026-07,CL3RYE,Cable,0,7,0,7,0.23
2026-07,PHHCF1BMRBM,Herder Holder Pedant,0,2,0,2,0.06
2026-07,PHSF1BMRBY,Pendant Lights,0,10,2,12,0.39
2026-07,12IP67120OL2,Transformer,0,4,1,5,0.16
2026-07,CL2RGY,Cable,0,1,0,1,0.03
2026-07,CODL332AGY,Connecter,0,25,0,25,0.81
2026-07,CRSF1204YB,Ceiling Rose,0,2,0,2,0.06
2026-07,CRSF1203CH,Ceiling Rose,0,2,0,2,0.06
2026-07,LDEXS40E273,Bulbs,0,1,0,1,0.03
2026-07,TSWGQBRE,Tile Spare Parts,0,1,15,16,0.52
2026-07,MABSFHBT,Category Not Available,0,1,0,1,0.03
2026-07,CCORNWH24,Transformer,0,1,0,1,0.03
2026-07,PHRB1PBR30BM,Category Not Available,0,4,0,4,0.13
2026-07,LSAFT200BG,Category Not Available,0,4,0,4,0.13
2026-07,LHPOE27WH,Lamp Holder,0,1,0,1,0.03
2026-07,PHCHPCRCH,Pendant light with shade,0,2,1,3,0.1
2026-07,WCBXBM,Cage + Shade Spider Light,0,1,0,1,0.03
2026-07,CRSF1207SN,Category Not Available,0,1,0,1,0.03
2026-07,PHBK1PCRSN,Curvy Holder Pendant,0,7,0,7,0.23
2026-07,12SIP6760,Transformer,0,2,0,2,0.06
2026-07,LSDO300OR,Lampshade,0,1,0,1,0.03
2026-07,12SIP67150,Transformer,0,1,0,1,0.03
2026-07,24IP6736,Transformer,0,4,0,4,0.13
2026-07,CL3RRO,Cable,0,1,0,1,0.03
2026-07,CL3TSIAPK,Cable,0,1,0,1,0.03
2026-07,PLHABM,Pipe lighting,0,3,0,3,0.1
2026-07,ICG95E2760,Bulbs,0,1,1,2,0.06
2026-07,WCWODVBM,Hemp Lighting,0,1,0,1,0.03
2026-07,WCSPROBM,Wire Cage,0,1,0,1,0.03
2026-07,PCSN220BM,Conduit Lighting,0,1,0,1,0.03
2026-07,HLLK60BM,Handles,0,29,0,29,0.94
2026-07,CL2TLB5PK,Cable,0,1,0,1,0.03
2026-07,WCBSF120FG,Wire Cage,0,2,0,2,0.06
2026-07,12MIP20100,Transformer,0,1,0,1,0.03
2026-07,LDSST64E274,Bulbs,0,1,0,1,0.03
2026-07,WCCY1SQGD,Slow Moving,0,3,0,3,0.1
2026-07,WSRH230YB,Wall sconce,0,3,0,3,0.1
2026-07,CL3RMU,Cable,0,2,0,2,0.06
2026-07,WSWS1PFTBM,Wall Lamps,0,2,0,2,0.06
2026-07,CCBKNWE5,Transformer,0,4,0,4,0.13
2026-07,LHCNE27SN,Lamp Holder,0,2,0,2,0.06
2026-07,LHCTOFG,Category Not Available,0,3,0,3,0.1
2026-07,LHPHE27CO,Lamp Holder,0,1,0,1,0.03
2026-07,HKR10GB,Ceiling Rose,0,1,0,1,0.03
2026-07,LDED110E273,Bulbs,0,1,0,1,0.03
2026-07,LDED95E273,Bulbs,0,1,0,1,0.03
2026-07,PHNW2RBS,Category Not Available,0,3,0,3,0.1
2026-07,CGFLGR,Category Not Available,0,10,0,10,0.32
2026-07,CKCP30307,Clocks,0,1,0,1,0.03
2026-07,WLINRO7WBM,Category Not Available,0,1,0,1,0.03
2026-07,SPSD88SN,Spare Parts,0,2,0,2,0.06
2026-07,PSHNOS2WRWH,Plug in Pendant,0,1,0,1,0.03
2026-07,WCLDBM,Rectangle Pendant Light,0,3,0,3,0.1
2026-07,CRFF140FG,Ceiling Rose,0,1,1,2,0.06
2026-07,LSLT360YE,Other Shade,0,1,0,1,0.03
2026-07,PHTT1PGRYB,Curvy Holder Pendant,0,2,0,2,0.06
2026-07,LSDO300GY,Lampshade,0,1,2,3,0.1
2026-07,LSMCP1PBWB,Category Not Available,0,2,0,2,0.06
2026-07,PHSF2GYRCH,Lamp Holder,0,3,3,6,0.19
2026-07,WCCYROGD,Slow Moving,0,1,0,1,0.03
2026-07,PHRN2PCRGY,Pendant Lights,0,2,0,2,0.06
2026-07,CRSF2003CH,Ceiling Rose,0,1,1,2,0.06
2026-07,PHMF1PBRWH,Category Not Available,0,3,0,3,0.1
2026-07,NFNC15,Category Not Available,0,1,0,1,0.03
2026-07,PHHS1PWRWH,Category Not Available,0,1,0,1,0.03
2026-07,PHHT1PBRGB,Half thin Holder Pendant Light,0,1,0,1,0.03
2026-07,PLBXBM,Pipe lighting,0,2,0,2,0.06
2026-07,PLWCBM,Pipe lighting,0,2,0,2,0.06
2026-07,CRFF105BA,Ceiling Rose,0,1,0,1,0.03
2026-07,PCRN40TP,Conduit Lighting,0,1,0,1,0.03
2026-07,CTBOP21XXL,Cloths,0,1,0,1,0.03
2026-07,CTBOP20XXL,Cloths,0,1,0,1,0.03
2026-07,CTBOP19XXL,Cloths,0,1,0,1,0.03
2026-07,PHSP1AGRGB,Category Not Available,0,1,0,1,0.03
2026-07,PHSF2RORRO,Pendant Lights,0,4,0,4,0.13
2026-07,WCSNRO,Wire Cage,0,4,0,4,0.13
2026-07,CRSF120BC,Ceiling Rose,0,1,0,1,0.03
2026-07,CL2RBR,Cable,0,3,0,3,0.1
2026-07,WCBKHE,Wire Cage,0,1,0,1,0.03
2026-07,LSCY210RR,Lampshade,0,3,0,3,0.1
2026-07,LDLIE27SR4,Bulbs,0,6,0,6,0.19
2026-07,PHSF1RORRO,Pendant Lights,0,1,0,1,0.03
2026-07,CRSF1207BM,Ceiling Rose,0,1,0,1,0.03
2026-07,CL3RAG,Cable,0,3,0,3,0.1
2026-07,NT5,Thread Rod,0,5,0,5,0.16
2026-07,WCSPROCO,Wire Cage,0,2,0,2,0.06
2026-07,PHRY1PCRPI,Pendant Lights,0,1,0,1,0.03
2026-07,LSGLULAR,Lampshade,0,3,0,3,0.1
2026-07,CL3RRW,Cable,0,2,0,2,0.06
2026-07,WCSRBC,Wire Cage,0,2,0,2,0.06
2026-07,APSPSBW,Cloths,0,1,0,1,0.03
2026-07,LHBHE27CO,Lamp Holder,0,1,0,1,0.03
2026-07,CRFF2006BM,Shade Spider Light,0,2,0,2,0.06
2026-07,WSLS155GB,Wall Lamps,0,2,0,2,0.06
2026-07,PSDS4RBL,Plug in Pendant,0,2,0,2,0.06
2026-07,WCCYROBM,Ceiling Lights with Shade,0,1,0,1,0.03
2026-07,LSFT255GR,Category Not Available,0,2,0,2,0.06
2026-07,PLWEFBC,Pipe lighting,0,0,1,1,0.03
2026-07,LDCWGU107,Bulbs,0,0,78,78,2.52
2026-07,CRSF1202SN,Ceiling Rose,0,0,1,1,0.03
2026-07,CSBE4WXXLBR,Category Not Available,0,0,1,1,0.03
2026-07,PHSF2BWRWH,Pendant Lights,0,0,15,15,0.48
2026-07,LHTTAGU10BM,Lamp Holder,0,0,13,13,0.42
2026-07,LSFC300OW,Fabric Shade,0,0,4,4,0.13
2026-07,TPFC300OW,Fabric Shade,0,0,2,2,0.06
2026-07,CRFF140RO,Wall sconce,0,0,4,4,0.13
2026-07,WSFSRO,Wall sconce,0,0,4,4,0.13
2026-07,CBFF140BM,Ceiling Bracket,0,0,13,13,0.42
2026-07,TSTLRUSRB,Tile Spare Parts,0,0,4,4,0.13
2026-07,AFWHTBPU,Artifical flower,0,0,3,3,0.1
2026-07,CSBE4WMBM,Category Not Available,0,0,1,1,0.03
2026-07,LHLFE275BM,Ceiling Lights with Shade,0,0,4,4,0.13
2026-07,LSTM320GR,Lampshade,0,0,1,1,0.03
2026-07,RWWPSY0840YE,Wall plug,0,0,5,5,0.16
2026-07,LSGLBC160AR,Lampshade,0,0,1,1,0.03
2026-07,TSLCQA10WH,Tile Spare Parts,0,0,6,6,0.19
2026-07,STMT4845WH,Tapes,0,0,19,19,0.61
2026-07,LSEL400GY,Lampshade,0,0,7,7,0.23
2026-07,LSLT360BM,Lampshade,0,0,1,1,0.03
2026-07,LDWWE2718,Bulbs,0,0,2,2,0.06
2026-07,RWT480YE,Wall plug,0,0,1,1,0.03
2026-07,PHTT1PBR1BM,Pendant Lights,0,0,6,6,0.19
2026-07,PHSF2BMTBY,Pendant Lights,0,0,1,1,0.03
2026-07,TSLCQB10WH,Tile Spare Parts,0,0,5,5,0.16
2026-07,LSFT220CH,Lampshade,0,0,6,6,0.19
2026-07,LSFC280AS,Fabric Shade,0,0,1,1,0.03
2026-07,AFWHPBWHPI,Artifical flower,0,0,8,8,0.26
2026-07,LSTF40BB,Lampshade,0,0,1,1,0.03
2026-07,TPFC280SL,Fabric Shade,0,0,1,1,0.03
2026-07,TSLTRE,Tile Spare Parts,0,0,3,3,0.1
2026-07,WCVCRR,Pipe lighting,0,0,1,1,0.03
2026-07,WCCY1SQBM,Category Not Available,0,0,1,1,0.03
2026-07,WSFSFG,Wall sconce,0,0,1,1,0.03
2026-07,PHCH1PWRSRE,Curvy Holder Pendant,0,0,1,1,0.03
2026-07,LSSS300RE,Lampshade,0,0,1,1,0.03
2026-07,CRFF5004BM,Ceiling Rose,0,0,5,5,0.16
2026-07,CRFF65YB,Conduit Lighting,0,0,14,14,0.45
2026-07,LHTTAGU10YB,Lamp Holder,0,0,14,14,0.45
2026-07,TSTS30WH,Tile Spare Parts,0,0,1,1,0.03
2026-07,STRF50IYE,Tapes,0,0,7,7,0.23
2026-07,CL3B30BM,Flush Mount,0,0,2,2,0.06
2026-07,LDCWGU105,Bulbs,0,0,30,30,0.97
2026-07,SSSAGLCL,Category Not Available,0,0,36,36,1.16
2026-07,RWT5100YE,Wall plug,0,0,7,7,0.23
2026-07,LSCO335YE,Other Shade,0,0,1,1,0.03
2026-07,RWWPSYAE50WH,Wall plug,0,0,4,4,0.13
2026-07,LDCWGU103,Bulbs,0,0,36,36,1.16
2026-07,LSGLULSG,Lampshade,0,0,4,4,0.13
2026-07,PHCH2BMRBM,Shade Spider Light,0,0,1,1,0.03
2026-07,CRSF100PI,Ceiling Rose,0,0,3,3,0.1
2026-07,PHHT1PBRPI,Half thin Holder Pendant Light,0,0,3,3,0.1
2026-07,CBSF95WH,Category Not Available,0,0,3,3,0.1
2026-07,STRF50IRE,Tapes,0,0,1,1,0.03
2026-07,LSRH260AZ,Pendant light with shade,0,0,2,2,0.06
2026-07,PHTT1PWRGY,Pendant Lights,0,0,1,1,0.03
2026-07,RWT580YE,Wall plug,0,0,2,2,0.06
2026-07,SPSDP1YB,Spare Parts,0,0,2,2,0.06
2026-07,LHPHE27YB,Lamp Holder,0,0,2,2,0.06
2026-07,STPVC17ARE,Tapes,0,0,1,1,0.03
2026-07,CSBEB9BM,Belt,0,0,3,3,0.1
2026-07,PHSF1BWRSN,Pendant Lights,0,0,7,7,0.23
2026-07,CSBEB1BM,Category Not Available,0,0,4,4,0.13
2026-07,CERU72450YE,Cable Ties,0,0,6,6,0.19
2026-07,CKDZH03610SB,Clocks,0,0,1,1,0.03
2026-07,TSTS50WH,Tile Spare Parts,0,0,1,1,0.03
2026-07,LSCA2L400SG,Category Not Available,0,0,3,3,0.1
2026-07,LSUL220BS,Umbrella Shade Flush Light,0,0,1,1,0.03
2026-07,CSBEB4BM,Category Not Available,0,0,1,1,0.03
2026-07,LSHQ150RE,Wall sconce,0,0,3,3,0.1
2026-07,PHBH1BRTCO,Pendant Lights,0,0,3,3,0.1
2026-07,LSGLBH300WS,Lampshade,0,0,4,4,0.13
2026-07,LSSS300WH,Lampshade,0,0,3,3,0.1
2026-07,LPROCL30W,Category Not Available,0,0,20,20,0.65
2026-07,CKTBDGBL,Clocks,0,0,1,1,0.03
2026-07,PHFMTT15BRBM,Pendant Lights,0,0,3,3,0.1
2026-07,TSLCQB25WH,Tile Spare Parts,0,0,1,1,0.03
2026-07,WCCYSP180GD,Wire Cage,0,0,4,4,0.13
2026-07,CERU36300GR,Cable Ties,0,0,4,4,0.13
2026-07,FCBSIPL,Clip Boards,0,0,12,12,0.39
2026-07,LBT1RBYE,Storage and Laundry bag,0,0,1,1,0.03
2026-07,STFT20M40OTR,Tapes,0,0,1,1,0.03
2026-07,TSST349133WO,Category Not Available,0,0,48,48,1.55
2026-07,WCCYSQBM,Slow Moving,0,0,2,2,0.06
2026-07,LSFC300BG,Category Not Available,0,0,2,2,0.06
2026-07,PHSF2GDRFG,Lamp Holder,0,0,1,1,0.03
2026-07,PHSF2ROTRO,Pendant Lights,0,0,2,2,0.06
2026-07,CSBEB8BM,Category Not Available,0,0,1,1,0.03
2026-07,CSBEB8KK,Category Not Available,0,0,1,1,0.03
2026-07,LSHM240BG,Wall sconce,0,0,2,2,0.06
2026-07,WCLRBM,Category Not Available,0,0,4,4,0.13
2026-07,TSTLRULRB,Tile Spare Parts,0,0,2,2,0.06
2026-07,TSTS15WH,Tile Spare Parts,0,0,1,1,0.03
2026-07,CBFF140WH,Ceiling Bracket,0,0,2,2,0.06
2026-07,PHBK1PCRCH,Pendant Lights,0,0,1,1,0.03
2026-07,TSLCQB20WH,Tile Spare Parts,0,0,1,1,0.03
2026-07,PHHT1PBRFG,Half thin Holder Pendant Light,0,0,1,1,0.03
2026-07,LSSC315GR,Category Not Available,0,0,1,1,0.03
2026-07,LDEDG125E273,Bulbs,0,0,2,2,0.06
2026-07,WLGLCPSC,Wall Lamps,0,0,3,3,0.1
2026-07,LSGL100145BL,Lampshade,0,0,2,2,0.06
2026-07,LSGL10014AR,Lampshade,0,0,3,3,0.1
2026-07,LSGL10014CL,Lampshade,0,0,2,2,0.06
2026-07,PHHR1HETHE,Hemp Lighting,0,0,1,1,0.03
2026-07,LSGLFP245GR,Lampshade,0,0,1,1,0.03
2026-07,WLGLSBCH,Wall Lamps,0,0,3,3,0.1
2026-07,LHTMGU10CH,Category Not Available,0,0,3,3,0.1
2026-07,CODH632AGY,Connecter,0,0,6,6,0.19
2026-07,LSBY600BM,Category Not Available,0,0,1,1,0.03
